id,lottery_id,lottery_country,draw_event_id,draw_time_ms,draw_time_utc,status,bonus_ball,n1,n2,n3,n4,n5,n6,n7,n8,n9,n10,n11,n12,n13,n14,n15,n16,n17,n18,n19,n20
yesplay-1780373250000,56526,Russia,yesplay-361775,1780373250000,2026-06-02T04:07:30+00:00,official-yesplay,2,5,6,7,14,15,16,17,20,,,,,,,,,,,,
2499684,56526,Russia,4663492309,1780372350000,2026-06-02T03:52:30+00:00,50,4,2,4,5,8,9,11,15,19,,,,,,,,,,,,
2499663,56526,Russia,4663492231,1780371450000,2026-06-02T03:37:30+00:00,50,2,2,3,9,12,13,16,18,20,,,,,,,,,,,,
2499640,56526,Russia,4663492156,1780370550000,2026-06-02T03:22:30+00:00,50,1,3,4,5,9,12,13,16,19,,,,,,,,,,,,
2499611,56526,Russia,4663492078,1780369650000,2026-06-02T03:07:30+00:00,50,3,2,3,5,9,16,17,19,20,,,,,,,,,,,,
2499586,56526,Russia,4663492006,1780368750000,2026-06-02T02:52:30+00:00,50,1,3,5,7,8,10,16,18,19,,,,,,,,,,,,
2499564,56526,Russia,4663491928,1780367850000,2026-06-02T02:37:30+00:00,50,1,4,5,6,7,12,17,19,20,,,,,,,,,,,,
2499538,56526,Russia,4663491853,1780366950000,2026-06-02T02:22:30+00:00,50,2,1,3,5,6,8,11,16,18,,,,,,,,,,,,
2499516,56526,Russia,4663491775,1780366050000,2026-06-02T02:07:30+00:00,50,4,2,3,6,8,14,15,16,18,,,,,,,,,,,,
2499495,56526,Russia,4663491703,1780365150000,2026-06-02T01:52:30+00:00,50,1,1,3,7,8,13,15,16,19,,,,,,,,,,,,
2499472,56526,Russia,4663491625,1780364250000,2026-06-02T01:37:30+00:00,50,4,1,2,3,5,6,10,11,17,,,,,,,,,,,,
2499452,56526,Russia,4663491550,1780363350000,2026-06-02T01:22:30+00:00,50,1,2,5,6,8,11,16,18,20,,,,,,,,,,,,
2499432,56526,Russia,4663491472,1780362450000,2026-06-02T01:07:30+00:00,50,3,2,6,11,12,15,16,17,18,,,,,,,,,,,,
2499409,56526,Russia,4663491400,1780361550000,2026-06-02T00:52:30+00:00,50,1,1,3,4,9,16,17,18,19,,,,,,,,,,,,
2499389,56526,Russia,4663491322,1780360650000,2026-06-02T00:37:30+00:00,50,4,8,10,11,14,15,16,17,18,,,,,,,,,,,,
2499370,56526,Russia,4663491247,1780359750000,2026-06-02T00:22:30+00:00,50,3,4,6,7,10,15,17,18,19,,,,,,,,,,,,
2499350,56526,Russia,4663491169,1780358850000,2026-06-02T00:07:30+00:00,50,2,1,3,4,9,10,11,12,16,,,,,,,,,,,,
2499326,56526,Russia,4661502580,1780357950000,2026-06-01T23:52:30+00:00,50,4,1,2,3,6,8,9,11,15,,,,,,,,,,,,
2499304,56526,Russia,4661502502,1780357050000,2026-06-01T23:37:30+00:00,50,1,1,3,4,5,9,12,17,20,,,,,,,,,,,,
2499282,56526,Russia,4661502427,1780356150000,2026-06-01T23:22:30+00:00,50,4,1,3,4,7,8,9,11,16,,,,,,,,,,,,
2499259,56526,Russia,4661502349,1780355250000,2026-06-01T23:07:30+00:00,50,2,1,4,6,7,8,11,15,17,,,,,,,,,,,,
2499232,56526,Russia,4661502277,1780354350000,2026-06-01T22:52:30+00:00,50,2,3,6,9,11,12,17,19,20,,,,,,,,,,,,
2499209,56526,Russia,4661502199,1780353450000,2026-06-01T22:37:30+00:00,50,4,4,8,10,12,13,15,17,19,,,,,,,,,,,,
2499187,56526,Russia,4661502124,1780352550000,2026-06-01T22:22:30+00:00,50,1,1,3,4,5,10,13,14,15,,,,,,,,,,,,
2499167,56526,Russia,4661502055,1780351650000,2026-06-01T22:07:30+00:00,50,4,1,5,6,8,10,11,12,18,,,,,,,,,,,,
2499147,56526,Russia,4661502013,1780350750000,2026-06-01T21:52:30+00:00,50,3,3,7,9,11,13,14,15,19,,,,,,,,,,,,
2499117,56526,Russia,4661501989,1780349850000,2026-06-01T21:37:30+00:00,50,2,1,2,3,6,8,12,19,20,,,,,,,,,,,,
2499088,56526,Russia,4661501965,1780348950000,2026-06-01T21:22:30+00:00,50,4,3,4,6,11,14,15,16,19,,,,,,,,,,,,
2499058,56526,Russia,4661501944,1780348050000,2026-06-01T21:07:30+00:00,50,2,3,5,6,9,12,14,18,19,,,,,,,,,,,,
2499027,56526,Russia,4661500717,1780347150000,2026-06-01T20:52:30+00:00,50,4,1,2,5,8,9,10,18,20,,,,,,,,,,,,
2498996,56526,Russia,4661500612,1780346250000,2026-06-01T20:37:30+00:00,50,2,6,8,9,10,11,14,15,20,,,,,,,,,,,,
2498907,56526,Russia,4661500519,1780345350000,2026-06-01T20:22:30+00:00,60,,,,,,,,,,,,,,,,,,,,,
2498898,56526,Russia,4661500297,1780343550000,2026-06-01T19:52:30+00:00,50,2,2,6,7,10,14,15,18,19,,,,,,,,,,,,
2498866,56526,Russia,4661500177,1780342650000,2026-06-01T19:37:30+00:00,50,1,2,5,6,7,11,12,14,18,,,,,,,,,,,,
2498716,56526,Russia,4661500072,1780341750000,2026-06-01T19:22:30+00:00,60,,,,,,,,,,,,,,,,,,,,,
2498715,56526,Russia,4661499961,1780340850000,2026-06-01T19:07:30+00:00,60,,,,,,,,,,,,,,,,,,,,,
2498714,56526,Russia,4661499844,1780339950000,2026-06-01T18:52:30+00:00,60,,,,,,,,,,,,,,,,,,,,,
2498705,56526,Russia,4661499604,1780338150000,2026-06-01T18:22:30+00:00,50,4,2,4,9,10,13,15,16,19,,,,,,,,,,,,
2498673,56526,Russia,4661499487,1780337250000,2026-06-01T18:07:30+00:00,50,4,1,2,4,6,10,14,15,19,,,,,,,,,,,,
2498640,56526,Russia,4661499361,1780336350000,2026-06-01T17:52:30+00:00,50,4,2,4,9,10,12,13,14,16,,,,,,,,,,,,
2498609,56526,Russia,4661499247,1780335450000,2026-06-01T17:37:30+00:00,50,1,1,2,4,8,12,13,19,20,,,,,,,,,,,,
2498579,56526,Russia,4661499142,1780334550000,2026-06-01T17:22:30+00:00,50,4,4,6,8,10,11,15,19,20,,,,,,,,,,,,
2498453,56526,Russia,4661499028,1780333650000,2026-06-01T17:07:30+00:00,60,,,,,,,,,,,,,,,,,,,,,
yesplay-1780332750000,56526,Russia,yesplay-361735,1780332750000,2026-06-01T16:52:30+00:00,official-yesplay,1,2,4,6,9,10,12,16,18,,,,,,,,,,,,
2498442,56526,Russia,4661498671,1780330950000,2026-06-01T16:22:30+00:00,50,2,4,6,8,9,12,14,19,20,,,,,,,,,,,,
2498411,56526,Russia,4661498560,1780330050000,2026-06-01T16:07:30+00:00,50,1,1,2,4,6,10,11,12,16,,,,,,,,,,,,
2498379,56526,Russia,4661498446,1780329150000,2026-06-01T15:52:30+00:00,50,4,3,5,7,8,11,12,16,19,,,,,,,,,,,,
2498347,56526,Russia,4661498323,1780328250000,2026-06-01T15:37:30+00:00,50,4,3,4,5,6,10,13,17,20,,,,,,,,,,,,
2498205,56526,Russia,4661498215,1780327350000,2026-06-01T15:22:30+00:00,60,,,,,,,,,,,,,,,,,,,,,
2498204,56526,Russia,4661498104,1780326450000,2026-06-01T15:07:30+00:00,60,,,,,,,,,,,,,,,,,,,,,
2498203,56526,Russia,4661497987,1780325550000,2026-06-01T14:52:30+00:00,60,,,,,,,,,,,,,,,,,,,,,
yesplay-1780324650000,56526,Russia,yesplay-361729,1780324650000,2026-06-01T14:37:30+00:00,official-yesplay,3,5,6,9,12,14,17,19,20,,,,,,,,,,,,
2498194,56526,Russia,4661497771,1780323750000,2026-06-01T14:22:30+00:00,50,3,1,5,6,9,12,13,14,15,,,,,,,,,,,,
2498163,56526,Russia,4661497660,1780322850000,2026-06-01T14:07:30+00:00,50,3,2,9,10,13,14,15,18,20,,,,,,,,,,,,
2498132,56526,Russia,4661497552,1780321950000,2026-06-01T13:52:30+00:00,50,3,4,5,8,11,12,14,15,16,,,,,,,,,,,,
2498101,56526,Russia,4661497441,1780321050000,2026-06-01T13:37:30+00:00,50,1,1,2,5,8,9,10,14,20,,,,,,,,,,,,
2497987,56526,Russia,4661497339,1780320150000,2026-06-01T13:22:30+00:00,60,,,,,,,,,,,,,,,,,,,,,
2497986,56526,Russia,4661497222,1780319250000,2026-06-01T13:07:30+00:00,60,,,,,,,,,,,,,,,,,,,,,
2497974,56526,Russia,4661496988,1780317450000,2026-06-01T12:37:30+00:00,50,2,2,3,4,8,11,12,13,20,,,,,,,,,,,,
2497944,56526,Russia,4661496883,1780316550000,2026-06-01T12:22:30+00:00,50,4,7,10,13,15,16,18,19,20,,,,,,,,,,,,
2497913,56526,Russia,4661496772,1780315650000,2026-06-01T12:07:30+00:00,50,3,3,5,7,10,11,12,18,19,,,,,,,,,,,,
2497881,56526,Russia,4661496655,1780314750000,2026-06-01T11:52:30+00:00,50,1,6,8,9,10,13,14,15,17,,,,,,,,,,,,
2497849,56526,Russia,4661496538,1780313850000,2026-06-01T11:37:30+00:00,50,4,2,5,6,9,10,12,17,18,,,,,,,,,,,,
2497817,56526,Russia,4661496433,1780312950000,2026-06-01T11:22:30+00:00,50,1,4,5,7,12,14,17,19,20,,,,,,,,,,,,
2497788,56526,Russia,4661496322,1780312050000,2026-06-01T11:07:30+00:00,50,3,1,2,5,10,11,12,15,16,,,,,,,,,,,,
2497703,56526,Russia,4661496211,1780311150000,2026-06-01T10:52:30+00:00,60,,,,,,,,,,,,,,,,,,,,,
2497724,56526,Russia,4661496091,1780310250000,2026-06-01T10:37:30+00:00,50,4,3,8,9,12,14,16,19,20,,,,,,,,,,,,
2497580,56526,Russia,4661495986,1780309350000,2026-06-01T10:22:30+00:00,60,,,,,,,,,,,,,,,,,,,,,
2497579,56526,Russia,4661495875,1780308450000,2026-06-01T10:07:30+00:00,60,,,,,,,,,,,,,,,,,,,,,
2497578,56526,Russia,4661495761,1780307550000,2026-06-01T09:52:30+00:00,60,,,,,,,,,,,,,,,,,,,,,
2497569,56526,Russia,4661495539,1780305750000,2026-06-01T09:22:30+00:00,50,3,3,7,8,9,10,12,14,18,,,,,,,,,,,,
2497488,56526,Russia,4661495428,1780304850000,2026-06-01T09:07:30+00:00,60,,,,,,,,,,,,,,,,,,,,,
2497476,56526,Russia,4661495203,1780303050000,2026-06-01T08:37:30+00:00,50,1,2,5,7,8,9,13,17,20,,,,,,,,,,,,
2497447,56526,Russia,4661495098,1780302150000,2026-06-01T08:22:30+00:00,50,1,4,6,8,10,11,13,14,15,,,,,,,,,,,,
2497415,56526,Russia,4661494987,1780301250000,2026-06-01T08:07:30+00:00,50,1,6,9,10,12,13,14,15,16,,,,,,,,,,,,
2497384,56526,Russia,4661494876,1780300350000,2026-06-01T07:52:30+00:00,50,4,6,8,10,11,14,15,18,19,,,,,,,,,,,,
2497353,56526,Russia,4661494765,1780299450000,2026-06-01T07:37:30+00:00,50,1,1,4,8,10,12,14,19,20,,,,,,,,,,,,
2497213,56526,Russia,4661494660,1780298550000,2026-06-01T07:22:30+00:00,60,,,,,,,,,,,,,,,,,,,,,
2497212,56526,Russia,4661494549,1780297650000,2026-06-01T07:07:30+00:00,60,,,,,,,,,,,,,,,,,,,,,
2497211,56526,Russia,4661494435,1780296750000,2026-06-01T06:52:30+00:00,60,,,,,,,,,,,,,,,,,,,,,
2497202,56526,Russia,4661494222,1780294950000,2026-06-01T06:22:30+00:00,50,3,1,2,4,8,9,10,17,20,,,,,,,,,,,,
2497171,56526,Russia,4661494111,1780294050000,2026-06-01T06:07:30+00:00,50,1,1,2,5,8,10,14,15,17,,,,,,,,,,,,
2497143,56526,Russia,4661494009,1780293150000,2026-06-01T05:52:30+00:00,50,4,1,4,5,7,10,12,15,18,,,,,,,,,,,,
2497116,56526,Russia,4661493907,1780292250000,2026-06-01T05:37:30+00:00,50,3,1,4,6,8,15,16,17,20,,,,,,,,,,,,
2497091,56526,Russia,4661493814,1780291350000,2026-06-01T05:22:30+00:00,50,3,4,8,9,10,13,15,16,20,,,,,,,,,,,,
2497063,56526,Russia,4661493712,1780290450000,2026-06-01T05:07:30+00:00,50,1,4,6,7,12,14,15,17,19,,,,,,,,,,,,
2497038,56526,Russia,4661493622,1780289550000,2026-06-01T04:52:30+00:00,50,4,1,4,5,7,12,15,16,20,,,,,,,,,,,,
2497014,56526,Russia,4661493532,1780288650000,2026-06-01T04:37:30+00:00,50,1,2,3,4,6,8,12,13,18,,,,,,,,,,,,
2496993,56526,Russia,4661493454,1780287750000,2026-06-01T04:22:30+00:00,50,1,2,4,6,8,12,14,15,18,,,,,,,,,,,,
2496973,56526,Russia,4661493376,1780286850000,2026-06-01T04:07:30+00:00,50,1,1,3,5,7,10,12,14,19,,,,,,,,,,,,
2496955,56526,Russia,4661493304,1780285950000,2026-06-01T03:52:30+00:00,50,4,3,5,9,10,11,14,17,19,,,,,,,,,,,,
2496933,56526,Russia,4661493226,1780285050000,2026-06-01T03:37:30+00:00,50,1,1,3,4,7,8,14,15,18,,,,,,,,,,,,
2496913,56526,Russia,4661493151,1780284150000,2026-06-01T03:22:30+00:00,50,1,1,6,7,9,10,15,16,19,,,,,,,,,,,,
2496885,56526,Russia,4661493073,1780283250000,2026-06-01T03:07:30+00:00,50,4,2,3,6,12,14,16,17,18,,,,,,,,,,,,
2496863,56526,Russia,4661493001,1780282350000,2026-06-01T02:52:30+00:00,50,4,2,5,6,10,12,14,15,17,,,,,,,,,,,,
2496842,56526,Russia,4661492923,1780281450000,2026-06-01T02:37:30+00:00,50,3,1,2,6,12,13,15,16,18,,,,,,,,,,,,
2496821,56526,Russia,4661492848,1780280550000,2026-06-01T02:22:30+00:00,50,1,1,3,4,6,10,11,14,15,,,,,,,,,,,,
2496800,56526,Russia,4661492770,1780279650000,2026-06-01T02:07:30+00:00,50,4,2,5,8,14,15,17,18,20,,,,,,,,,,,,
2496777,56526,Russia,4661492698,1780278750000,2026-06-01T01:52:30+00:00,50,2,1,5,9,12,14,15,17,18,,,,,,,,,,,,
2496756,56526,Russia,4661492620,1780277850000,2026-06-01T01:37:30+00:00,50,3,1,2,6,7,13,14,17,20,,,,,,,,,,,,
2496736,56526,Russia,4661492545,1780276950000,2026-06-01T01:22:30+00:00,50,3,1,3,6,8,9,12,16,19,,,,,,,,,,,,
2496714,56526,Russia,4661492467,1780276050000,2026-06-01T01:07:30+00:00,50,1,2,3,5,6,8,9,11,14,,,,,,,,,,,,
2496690,56526,Russia,4661492395,1780275150000,2026-06-01T00:52:30+00:00,50,4,4,6,7,8,12,13,14,15,,,,,,,,,,,,
2496670,56526,Russia,4661492317,1780274250000,2026-06-01T00:37:30+00:00,50,1,2,3,8,10,11,14,15,16,,,,,,,,,,,,
2496651,56526,Russia,4661492242,1780273350000,2026-06-01T00:22:30+00:00,50,2,1,5,8,12,13,14,15,17,,,,,,,,,,,,
2496630,56526,Russia,4661492164,1780272450000,2026-06-01T00:07:30+00:00,50,2,3,6,8,9,15,16,17,18,,,,,,,,,,,,
2496608,56526,Russia,4659690949,1780271550000,2026-05-31T23:52:30+00:00,50,2,4,5,6,7,9,11,12,19,,,,,,,,,,,,
2496588,56526,Russia,4659690871,1780270650000,2026-05-31T23:37:30+00:00,50,3,3,6,7,8,11,12,17,20,,,,,,,,,,,,
2496567,56526,Russia,4659690796,1780269750000,2026-05-31T23:22:30+00:00,50,1,3,4,8,12,13,17,18,20,,,,,,,,,,,,
2496545,56526,Russia,4659690718,1780268850000,2026-05-31T23:07:30+00:00,50,1,3,4,7,8,10,11,16,20,,,,,,,,,,,,
2496518,56526,Russia,4659690646,1780267950000,2026-05-31T22:52:30+00:00,50,3,3,5,6,8,10,11,12,18,,,,,,,,,,,,
2496500,56526,Russia,4659690568,1780267050000,2026-05-31T22:37:30+00:00,50,4,2,3,6,7,9,13,14,20,,,,,,,,,,,,
2496478,56526,Russia,4659690493,1780266150000,2026-05-31T22:22:30+00:00,50,2,2,8,9,10,15,16,18,19,,,,,,,,,,,,
2496458,56526,Russia,4659690424,1780265250000,2026-05-31T22:07:30+00:00,50,2,3,6,9,11,13,15,17,18,,,,,,,,,,,,
2496438,56526,Russia,4659690382,1780264350000,2026-05-31T21:52:30+00:00,50,1,5,7,8,9,11,13,14,15,,,,,,,,,,,,
2496408,56526,Russia,4659690358,1780263450000,2026-05-31T21:37:30+00:00,50,2,7,9,10,13,15,16,18,19,,,,,,,,,,,,
2496380,56526,Russia,4659690334,1780262550000,2026-05-31T21:22:30+00:00,50,1,2,3,4,10,12,13,14,19,,,,,,,,,,,,
2496336,56526,Russia,4659690313,1780261650000,2026-05-31T21:07:30+00:00,50,1,2,4,6,7,10,14,19,20,,,,,,,,,,,,
2496319,56526,Russia,4659689107,1780260750000,2026-05-31T20:52:30+00:00,50,2,2,5,7,8,11,12,16,20,,,,,,,,,,,,
2496288,56526,Russia,4659689002,1780259850000,2026-05-31T20:37:30+00:00,50,4,1,4,5,9,14,17,19,20,,,,,,,,,,,,
2496200,56526,Russia,4659688909,1780258950000,2026-05-31T20:22:30+00:00,60,,,,,,,,,,,,,,,,,,,,,
2496225,56526,Russia,4659688801,1780258050000,2026-05-31T20:07:30+00:00,50,3,2,3,6,7,9,14,18,20,,,,,,,,,,,,
2496191,56526,Russia,4659688687,1780257150000,2026-05-31T19:52:30+00:00,50,2,1,5,7,8,12,14,18,19,,,,,,,,,,,,
2496160,56526,Russia,4659688570,1780256250000,2026-05-31T19:37:30+00:00,50,2,4,6,9,16,17,18,19,20,,,,,,,,,,,,
2496012,56526,Russia,4659688462,1780255350000,2026-05-31T19:22:30+00:00,60,,,,,,,,,,,,,,,,,,,,,
2496011,56526,Russia,4659688351,1780254450000,2026-05-31T19:07:30+00:00,60,,,,,,,,,,,,,,,,,,,,,
2496010,56526,Russia,4659688231,1780253550000,2026-05-31T18:52:30+00:00,60,,,,,,,,,,,,,,,,,,,,,
2496036,56526,Russia,4659688117,1780252650000,2026-05-31T18:37:30+00:00,50,1,3,5,8,9,11,12,13,17,,,,,,,,,,,,
2496001,56526,Russia,4659688000,1780251750000,2026-05-31T18:22:30+00:00,50,1,4,5,7,14,16,17,18,19,,,,,,,,,,,,
2495968,56526,Russia,4659687889,1780250850000,2026-05-31T18:07:30+00:00,50,3,2,4,5,8,12,18,19,20,,,,,,,,,,,,
2495935,56526,Russia,4659687763,1780249950000,2026-05-31T17:52:30+00:00,50,2,4,9,12,13,14,15,18,20,,,,,,,,,,,,
2495904,56526,Russia,4659687649,1780249050000,2026-05-31T17:37:30+00:00,50,2,1,2,4,10,12,17,19,20,,,,,,,,,,,,
2495875,56526,Russia,4659687547,1780248150000,2026-05-31T17:22:30+00:00,50,4,3,6,9,10,14,15,16,18,,,,,,,,,,,,
2495754,56526,Russia,4659687430,1780247250000,2026-05-31T17:07:30+00:00,60,,,,,,,,,,,,,,,,,,,,,
yesplay-1780246350000,56526,Russia,yesplay-361657,1780246350000,2026-05-31T16:52:30+00:00,official-yesplay,1,1,2,5,6,8,14,15,16,,,,,,,,,,,,
2495775,56526,Russia,4659687184,1780245450000,2026-05-31T16:37:30+00:00,50,2,1,2,3,12,14,16,18,19,,,,,,,,,,,,
2495742,56526,Russia,4659687073,1780244550000,2026-05-31T16:22:30+00:00,50,1,1,5,7,8,9,11,14,20,,,,,,,,,,,,
2495711,56526,Russia,4659686962,1780243650000,2026-05-31T16:07:30+00:00,50,3,4,5,7,9,10,14,18,19,,,,,,,,,,,,
2495679,56526,Russia,4659686848,1780242750000,2026-05-31T15:52:30+00:00,50,1,1,3,6,7,8,9,17,20,,,,,,,,,,,,
2495646,56526,Russia,4659686728,1780241850000,2026-05-31T15:37:30+00:00,50,3,2,4,7,10,11,12,18,19,,,,,,,,,,,,
2495507,56526,Russia,4659686614,1780240950000,2026-05-31T15:22:30+00:00,60,,,,,,,,,,,,,,,,,,,,,
2495506,56526,Russia,4659686503,1780240050000,2026-05-31T15:07:30+00:00,60,,,,,,,,,,,,,,,,,,,,,
2495505,56526,Russia,4659686389,1780239150000,2026-05-31T14:52:30+00:00,60,,,,,,,,,,,,,,,,,,,,,
2495528,56526,Russia,4659686278,1780238250000,2026-05-31T14:37:30+00:00,50,4,8,10,11,12,13,14,15,20,,,,,,,,,,,,
2495496,56526,Russia,4659686173,1780237350000,2026-05-31T14:22:30+00:00,50,3,7,8,9,13,14,18,19,20,,,,,,,,,,,,
2495464,56526,Russia,4659686062,1780236450000,2026-05-31T14:07:30+00:00,50,1,1,2,4,5,7,11,17,19,,,,,,,,,,,,
2495434,56526,Russia,4659685954,1780235550000,2026-05-31T13:52:30+00:00,50,4,1,6,9,13,14,15,17,18,,,,,,,,,,,,
2495403,56526,Russia,4659685843,1780234650000,2026-05-31T13:37:30+00:00,50,4,1,2,3,8,12,14,19,20,,,,,,,,,,,,
2495290,56526,Russia,4659685741,1780233750000,2026-05-31T13:22:30+00:00,60,,,,,,,,,,,,,,,,,,,,,
2495289,56526,Russia,4659685624,1780232850000,2026-05-31T13:07:30+00:00,60,,,,,,,,,,,,,,,,,,,,,
2495277,56526,Russia,4659685393,1780231050000,2026-05-31T12:37:30+00:00,50,1,1,2,4,6,7,8,9,14,,,,,,,,,,,,
2495248,56526,Russia,4659685288,1780230150000,2026-05-31T12:22:30+00:00,50,4,1,3,5,8,11,15,17,20,,,,,,,,,,,,
2495216,56526,Russia,4659685177,1780229250000,2026-05-31T12:07:30+00:00,50,1,4,6,8,10,11,12,17,19,,,,,,,,,,,,
2495184,56526,Russia,4659685060,1780228350000,2026-05-31T11:52:30+00:00,50,1,4,6,7,8,10,15,17,19,,,,,,,,,,,,
2495152,56526,Russia,4659684943,1780227450000,2026-05-31T11:37:30+00:00,50,2,1,3,4,5,11,13,14,20,,,,,,,,,,,,
2495123,56526,Russia,4659684838,1780226550000,2026-05-31T11:22:30+00:00,50,2,1,5,7,11,15,16,17,18,,,,,,,,,,,,
2495091,56526,Russia,4659684727,1780225650000,2026-05-31T11:07:30+00:00,50,1,3,4,5,6,7,9,19,20,,,,,,,,,,,,
2495007,56526,Russia,4659684616,1780224750000,2026-05-31T10:52:30+00:00,60,,,,,,,,,,,,,,,,,,,,,
2495027,56526,Russia,4659684496,1780223850000,2026-05-31T10:37:30+00:00,50,1,2,7,11,13,15,16,17,19,,,,,,,,,,,,
2494886,56526,Russia,4659684394,1780222950000,2026-05-31T10:22:30+00:00,60,,,,,,,,,,,,,,,,,,,,,
2494885,56526,Russia,4659684283,1780222050000,2026-05-31T10:07:30+00:00,60,,,,,,,,,,,,,,,,,,,,,
2494884,56526,Russia,4659684169,1780221150000,2026-05-31T09:52:30+00:00,60,,,,,,,,,,,,,,,,,,,,,
2494907,56526,Russia,4659684058,1780220250000,2026-05-31T09:37:30+00:00,50,4,5,8,9,11,14,15,16,19,,,,,,,,,,,,
2494875,56526,Russia,4659683953,1780219350000,2026-05-31T09:22:30+00:00,50,1,4,5,10,12,14,17,18,20,,,,,,,,,,,,
2494795,56526,Russia,4659683842,1780218450000,2026-05-31T09:07:30+00:00,60,,,,,,,,,,,,,,,,,,,,,
2494812,56526,Russia,4659683728,1780217550000,2026-05-31T08:52:30+00:00,50,2,3,5,6,9,10,11,13,19,,,,,,,,,,,,
2494781,56526,Russia,4659683617,1780216650000,2026-05-31T08:37:30+00:00,50,2,5,7,8,11,14,16,17,20,,,,,,,,,,,,
2494753,56526,Russia,4659683512,1780215750000,2026-05-31T08:22:30+00:00,50,1,3,4,7,8,10,12,14,16,,,,,,,,,,,,
2494720,56526,Russia,4659683401,1780214850000,2026-05-31T08:07:30+00:00,50,2,1,2,6,8,11,17,18,19,,,,,,,,,,,,
2494689,56526,Russia,4659683290,1780213950000,2026-05-31T07:52:30+00:00,50,2,1,3,5,6,7,9,10,19,,,,,,,,,,,,
2494658,56526,Russia,4659683179,1780213050000,2026-05-31T07:37:30+00:00,50,3,1,2,3,9,11,13,17,19,,,,,,,,,,,,
2494517,56526,Russia,4659683074,1780212150000,2026-05-31T07:22:30+00:00,60,,,,,,,,,,,,,,,,,,,,,
2494516,56526,Russia,4659682963,1780211250000,2026-05-31T07:07:30+00:00,60,,,,,,,,,,,,,,,,,,,,,
2494515,56526,Russia,4659682849,1780210350000,2026-05-31T06:52:30+00:00,60,,,,,,,,,,,,,,,,,,,,,
2494537,56526,Russia,4659682738,1780209450000,2026-05-31T06:37:30+00:00,50,1,2,9,10,14,15,18,19,20,,,,,,,,,,,,
2494506,56526,Russia,4659682636,1780208550000,2026-05-31T06:22:30+00:00,50,4,1,7,8,9,13,14,19,20,,,,,,,,,,,,
2494475,56526,Russia,4659682525,1780207650000,2026-05-31T06:07:30+00:00,50,3,1,2,5,9,11,13,18,20,,,,,,,,,,,,
2494447,56526,Russia,4659682423,1780206750000,2026-05-31T05:52:30+00:00,50,3,2,6,8,12,15,16,18,20,,,,,,,,,,,,
2494420,56526,Russia,4659682321,1780205850000,2026-05-31T05:37:30+00:00,50,4,1,4,6,10,11,12,13,19,,,,,,,,,,,,
2494395,56526,Russia,4659682228,1780204950000,2026-05-31T05:22:30+00:00,50,1,1,4,5,8,14,16,17,19,,,,,,,,,,,,
2494364,56526,Russia,4659682126,1780204050000,2026-05-31T05:07:30+00:00,50,3,1,3,7,10,14,15,16,18,,,,,,,,,,,,
2494339,56526,Russia,4659682036,1780203150000,2026-05-31T04:52:30+00:00,50,1,1,3,7,10,14,16,19,20,,,,,,,,,,,,
2494306,56526,Russia,4659681946,1780202250000,2026-05-31T04:37:30+00:00,50,1,5,6,13,15,16,17,19,20,,,,,,,,,,,,
2494295,56526,Russia,4659681868,1780201350000,2026-05-31T04:22:30+00:00,50,1,2,3,4,6,9,12,15,17,,,,,,,,,,,,
2494275,56526,Russia,4659681790,1780200450000,2026-05-31T04:07:30+00:00,50,2,1,2,8,10,12,13,15,18,,,,,,,,,,,,
2494253,56526,Russia,4659681718,1780199550000,2026-05-31T03:52:30+00:00,50,3,1,2,3,7,10,14,16,20,,,,,,,,,,,,
2494199,56526,Russia,4659681640,1780198650000,2026-05-31T03:37:30+00:00,50,1,5,6,8,10,15,16,17,18,,,,,,,,,,,,
2494192,56526,Russia,4659681565,1780197750000,2026-05-31T03:22:30+00:00,50,4,4,7,8,11,12,13,19,20,,,,,,,,,,,,
2494178,56526,Russia,4659681487,1780196850000,2026-05-31T03:07:30+00:00,50,3,3,9,10,11,13,15,18,19,,,,,,,,,,,,
2494152,56526,Russia,4659681415,1780195950000,2026-05-31T02:52:30+00:00,50,1,6,7,9,10,13,16,17,20,,,,,,,,,,,,
2494127,56526,Russia,4659681337,1780195050000,2026-05-31T02:37:30+00:00,50,3,3,6,8,10,11,14,15,18,,,,,,,,,,,,
2494102,56526,Russia,4659681262,1780194150000,2026-05-31T02:22:30+00:00,50,3,3,4,9,10,11,15,18,20,,,,,,,,,,,,
2494080,56526,Russia,4659681184,1780193250000,2026-05-31T02:07:30+00:00,50,1,2,6,8,10,11,13,19,20,,,,,,,,,,,,
2494058,56526,Russia,4659681112,1780192350000,2026-05-31T01:52:30+00:00,50,2,1,3,6,7,8,14,16,18,,,,,,,,,,,,
2494038,56526,Russia,4659681034,1780191450000,2026-05-31T01:37:30+00:00,50,3,9,10,11,12,14,15,16,17,,,,,,,,,,,,
2494019,56526,Russia,4659680959,1780190550000,2026-05-31T01:22:30+00:00,50,3,7,9,11,12,15,16,17,18,,,,,,,,,,,,
2493999,56526,Russia,4659680881,1780189650000,2026-05-31T01:07:30+00:00,50,3,4,5,6,7,9,12,14,15,,,,,,,,,,,,
2493976,56526,Russia,4659680809,1780188750000,2026-05-31T00:52:30+00:00,50,3,5,8,10,11,13,14,18,19,,,,,,,,,,,,
2493955,56526,Russia,4659680731,1780187850000,2026-05-31T00:37:30+00:00,50,1,2,7,9,14,16,17,19,20,,,,,,,,,,,,
2493936,56526,Russia,4659680656,1780186950000,2026-05-31T00:22:30+00:00,50,2,1,3,4,5,6,11,15,19,,,,,,,,,,,,
2493915,56526,Russia,4659680578,1780186050000,2026-05-31T00:07:30+00:00,50,2,2,3,5,6,9,14,18,20,,,,,,,,,,,,
2493894,56526,Russia,4657873513,1780185150000,2026-05-30T23:52:30+00:00,50,4,2,4,8,10,11,15,18,20,,,,,,,,,,,,
2493869,56526,Russia,4657873435,1780184250000,2026-05-30T23:37:30+00:00,50,1,1,4,5,8,10,11,17,20,,,,,,,,,,,,
2493847,56526,Russia,4657873360,1780183350000,2026-05-30T23:22:30+00:00,50,3,2,5,9,10,11,15,18,19,,,,,,,,,,,,
2493827,56526,Russia,4657873282,1780182450000,2026-05-30T23:07:30+00:00,50,3,2,4,8,9,11,13,15,16,,,,,,,,,,,,
2493801,56526,Russia,4657873210,1780181550000,2026-05-30T22:52:30+00:00,50,2,2,9,11,13,16,17,18,19,,,,,,,,,,,,
2493778,56526,Russia,4657873132,1780180650000,2026-05-30T22:37:30+00:00,50,2,6,9,11,12,14,16,17,19,,,,,,,,,,,,
2493756,56526,Russia,4657873057,1780179750000,2026-05-30T22:22:30+00:00,50,1,2,3,9,10,11,13,14,16,,,,,,,,,,,,
2493736,56526,Russia,4657872988,1780178850000,2026-05-30T22:07:30+00:00,50,4,2,5,10,11,14,15,16,19,,,,,,,,,,,,
2493722,56526,Russia,4657872946,1780177950000,2026-05-30T21:52:30+00:00,50,4,2,3,14,16,17,18,19,20,,,,,,,,,,,,
2493686,56526,Russia,4657872922,1780177050000,2026-05-30T21:37:30+00:00,50,4,2,5,6,7,14,15,16,17,,,,,,,,,,,,
2493658,56526,Russia,4657872898,1780176150000,2026-05-30T21:22:30+00:00,50,4,1,5,15,16,17,18,19,20,,,,,,,,,,,,
2493628,56526,Russia,4657872877,1780175250000,2026-05-30T21:07:30+00:00,50,4,2,8,9,10,14,16,17,19,,,,,,,,,,,,
2493597,56526,Russia,4657871659,1780174350000,2026-05-30T20:52:30+00:00,50,3,3,4,8,10,12,13,15,17,,,,,,,,,,,,
2493566,56526,Russia,4657871554,1780173450000,2026-05-30T20:37:30+00:00,50,4,1,3,4,5,7,10,15,17,,,,,,,,,,,,
2493473,56526,Russia,4657871461,1780172550000,2026-05-30T20:22:30+00:00,60,,,,,,,,,,,,,,,,,,,,,
2493500,56526,Russia,4657871353,1780171650000,2026-05-30T20:07:30+00:00,50,4,2,3,5,6,8,10,14,18,,,,,,,,,,,,
2493463,56526,Russia,4657871239,1780170750000,2026-05-30T19:52:30+00:00,50,1,1,2,4,5,6,12,13,18,,,,,,,,,,,,
2493430,56526,Russia,4657871113,1780169850000,2026-05-30T19:37:30+00:00,50,3,2,5,7,8,9,10,12,17,,,,,,,,,,,,
2493273,56526,Russia,4657871008,1780168950000,2026-05-30T19:22:30+00:00,60,,,,,,,,,,,,,,,,,,,,,
2493272,56526,Russia,4657870891,1780168050000,2026-05-30T19:07:30+00:00,60,,,,,,,,,,,,,,,,,,,,,
2493271,56526,Russia,4657870759,1780167150000,2026-05-30T18:52:30+00:00,60,,,,,,,,,,,,,,,,,,,,,
2493297,56526,Russia,4657870636,1780166250000,2026-05-30T18:37:30+00:00,50,3,1,4,11,12,14,15,17,20,,,,,,,,,,,,
2493261,56526,Russia,4657870510,1780165350000,2026-05-30T18:22:30+00:00,50,2,1,4,5,9,13,14,15,16,,,,,,,,,,,,
2493230,56526,Russia,4657870393,1780164450000,2026-05-30T18:07:30+00:00,50,2,3,6,7,8,11,16,18,19,,,,,,,,,,,,
2493192,56526,Russia,4657870258,1780163550000,2026-05-30T17:52:30+00:00,50,2,4,5,8,10,11,13,14,19,,,,,,,,,,,,
2493161,56526,Russia,4657870144,1780162650000,2026-05-30T17:37:30+00:00,50,4,1,2,3,8,11,13,17,19,,,,,,,,,,,,
2493130,56526,Russia,4657870036,1780161750000,2026-05-30T17:22:30+00:00,50,2,2,3,4,5,9,14,17,19,,,,,,,,,,,,
2493007,56526,Russia,4657869922,1780160850000,2026-05-30T17:07:30+00:00,60,,,,,,,,,,,,,,,,,,,,,
yesplay-1780159950000,56526,Russia,yesplay-361579,1780159950000,2026-05-30T16:52:30+00:00,official-yesplay,3,1,2,6,7,8,15,19,20,,,,,,,,,,,,
2493029,56526,Russia,4657869673,1780159050000,2026-05-30T16:37:30+00:00,50,2,2,4,5,7,9,10,12,13,,,,,,,,,,,,
2492995,56526,Russia,4657869562,1780158150000,2026-05-30T16:22:30+00:00,50,4,1,2,3,7,10,17,18,20,,,,,,,,,,,,
2492964,56526,Russia,4657869445,1780157250000,2026-05-30T16:07:30+00:00,50,3,1,2,5,12,13,14,16,17,,,,,,,,,,,,
2492930,56526,Russia,4657869328,1780156350000,2026-05-30T15:52:30+00:00,50,2,1,4,10,12,16,17,18,19,,,,,,,,,,,,
2492898,56526,Russia,4657869205,1780155450000,2026-05-30T15:37:30+00:00,50,3,1,8,9,10,12,13,16,19,,,,,,,,,,,,
2492758,56526,Russia,4657869097,1780154550000,2026-05-30T15:22:30+00:00,60,,,,,,,,,,,,,,,,,,,,,
2492757,56526,Russia,4657868986,1780153650000,2026-05-30T15:07:30+00:00,60,,,,,,,,,,,,,,,,,,,,,
2492756,56526,Russia,4657868863,1780152750000,2026-05-30T14:52:30+00:00,60,,,,,,,,,,,,,,,,,,,,,
2492779,56526,Russia,4657868752,1780151850000,2026-05-30T14:37:30+00:00,50,2,2,5,7,8,9,11,13,17,,,,,,,,,,,,
2492747,56526,Russia,4657868647,1780150950000,2026-05-30T14:22:30+00:00,50,4,2,3,4,9,10,13,14,20,,,,,,,,,,,,
2492713,56526,Russia,4657868536,1780150050000,2026-05-30T14:07:30+00:00,50,3,3,7,11,12,14,15,16,20,,,,,,,,,,,,
2492683,56526,Russia,4657868428,1780149150000,2026-05-30T13:52:30+00:00,50,3,1,2,7,8,10,13,19,20,,,,,,,,,,,,
2492652,56526,Russia,4657868317,1780148250000,2026-05-30T13:37:30+00:00,50,1,1,3,4,8,14,17,18,20,,,,,,,,,,,,
2492538,56526,Russia,4657868215,1780147350000,2026-05-30T13:22:30+00:00,60,,,,,,,,,,,,,,,,,,,,,
2492537,56526,Russia,4657868098,1780146450000,2026-05-30T13:07:30+00:00,60,,,,,,,,,,,,,,,,,,,,,
2492558,56526,Russia,4657867978,1780145550000,2026-05-30T12:52:30+00:00,50,4,6,9,13,14,15,16,17,18,,,,,,,,,,,,
2492525,56526,Russia,4657867867,1780144650000,2026-05-30T12:37:30+00:00,50,4,3,8,9,12,13,14,16,20,,,,,,,,,,,,
2492497,56526,Russia,4657867762,1780143750000,2026-05-30T12:22:30+00:00,50,4,1,2,4,6,9,10,14,20,,,,,,,,,,,,
2492460,56526,Russia,4657867651,1780142850000,2026-05-30T12:07:30+00:00,50,3,4,5,6,7,12,13,18,19,,,,,,,,,,,,
2492434,56526,Russia,4657867534,1780141950000,2026-05-30T11:52:30+00:00,50,3,2,5,6,7,9,15,16,18,,,,,,,,,,,,
2492401,56526,Russia,4657867417,1780141050000,2026-05-30T11:37:30+00:00,50,1,2,4,5,7,13,17,19,20,,,,,,,,,,,,
2492372,56526,Russia,4657867309,1780140150000,2026-05-30T11:22:30+00:00,50,3,1,3,4,6,12,16,17,20,,,,,,,,,,,,
2492339,56526,Russia,4657867198,1780139250000,2026-05-30T11:07:30+00:00,50,3,2,6,8,11,15,16,18,19,,,,,,,,,,,,
2492256,56526,Russia,4657867087,1780138350000,2026-05-30T10:52:30+00:00,60,,,,,,,,,,,,,,,,,,,,,
2492276,56526,Russia,4657866967,1780137450000,2026-05-30T10:37:30+00:00,50,4,3,6,7,10,12,15,16,18,,,,,,,,,,,,
2492134,56526,Russia,4657866865,1780136550000,2026-05-30T10:22:30+00:00,60,,,,,,,,,,,,,,,,,,,,,
2492133,56526,Russia,4657866754,1780135650000,2026-05-30T10:07:30+00:00,60,,,,,,,,,,,,,,,,,,,,,
2492132,56526,Russia,4657866640,1780134750000,2026-05-30T09:52:30+00:00,60,,,,,,,,,,,,,,,,,,,,,
2492155,56526,Russia,4657866529,1780133850000,2026-05-30T09:37:30+00:00,50,4,1,2,3,4,13,14,17,19,,,,,,,,,,,,
2492123,56526,Russia,4657866421,1780132950000,2026-05-30T09:22:30+00:00,50,2,2,3,6,8,9,11,17,18,,,,,,,,,,,,
2492042,56526,Russia,4657866310,1780132050000,2026-05-30T09:07:30+00:00,60,,,,,,,,,,,,,,,,,,,,,
2492061,56526,Russia,4657866196,1780131150000,2026-05-30T08:52:30+00:00,50,4,1,2,4,5,10,13,15,17,,,,,,,,,,,,
2492030,56526,Russia,4657866085,1780130250000,2026-05-30T08:37:30+00:00,50,1,1,2,6,7,13,17,18,19,,,,,,,,,,,,
2492001,56526,Russia,4657865980,1780129350000,2026-05-30T08:22:30+00:00,50,3,2,3,6,8,10,11,16,19,,,,,,,,,,,,
2491968,56526,Russia,4657865869,1780128450000,2026-05-30T08:07:30+00:00,50,4,2,8,10,11,15,16,17,18,,,,,,,,,,,,
2491937,56526,Russia,4657865758,1780127550000,2026-05-30T07:52:30+00:00,50,2,2,4,5,6,12,16,17,20,,,,,,,,,,,,
2491906,56526,Russia,4657865647,1780126650000,2026-05-30T07:37:30+00:00,50,1,6,7,11,14,15,17,18,20,,,,,,,,,,,,
2491766,56526,Russia,4657865539,1780125750000,2026-05-30T07:22:30+00:00,60,,,,,,,,,,,,,,,,,,,,,
2491765,56526,Russia,4657865428,1780124850000,2026-05-30T07:07:30+00:00,60,,,,,,,,,,,,,,,,,,,,,
2491764,56526,Russia,4657865314,1780123950000,2026-05-30T06:52:30+00:00,60,,,,,,,,,,,,,,,,,,,,,
2491786,56526,Russia,4657865203,1780123050000,2026-05-30T06:37:30+00:00,50,4,2,5,6,10,12,14,17,20,,,,,,,,,,,,
2491755,56526,Russia,4657865101,1780122150000,2026-05-30T06:22:30+00:00,50,4,3,5,7,10,12,14,16,18,,,,,,,,,,,,
2491724,56526,Russia,4657864990,1780121250000,2026-05-30T06:07:30+00:00,50,3,3,5,6,8,10,14,17,19,,,,,,,,,,,,
2491696,56526,Russia,4657864888,1780120350000,2026-05-30T05:52:30+00:00,50,4,2,6,12,13,14,16,17,19,,,,,,,,,,,,
2491669,56526,Russia,4657864786,1780119450000,2026-05-30T05:37:30+00:00,50,3,2,5,7,8,10,11,15,16,,,,,,,,,,,,
2491644,56526,Russia,4657864693,1780118550000,2026-05-30T05:22:30+00:00,50,1,1,2,4,10,15,16,17,19,,,,,,,,,,,,
2491615,56526,Russia,4657864591,1780117650000,2026-05-30T05:07:30+00:00,50,4,5,7,12,13,14,16,19,20,,,,,,,,,,,,
2491591,56526,Russia,4657864501,1780116750000,2026-05-30T04:52:30+00:00,50,3,6,7,8,10,12,16,17,19,,,,,,,,,,,,
2491567,56526,Russia,4657864411,1780115850000,2026-05-30T04:37:30+00:00,50,4,1,6,9,10,11,13,14,17,,,,,,,,,,,,
2491547,56526,Russia,4657864333,1780114950000,2026-05-30T04:22:30+00:00,50,3,2,4,7,8,10,13,17,20,,,,,,,,,,,,
2491527,56526,Russia,4657864255,1780114050000,2026-05-30T04:07:30+00:00,50,1,3,8,9,11,13,14,19,20,,,,,,,,,,,,
2491509,56526,Russia,4657864183,1780113150000,2026-05-30T03:52:30+00:00,50,2,5,9,11,12,13,17,18,19,,,,,,,,,,,,
2491487,56526,Russia,4657864105,1780112250000,2026-05-30T03:37:30+00:00,50,4,3,4,7,9,14,16,17,19,,,,,,,,,,,,
2491467,56526,Russia,4657864030,1780111350000,2026-05-30T03:22:30+00:00,50,1,6,7,8,9,12,13,14,19,,,,,,,,,,,,
2491437,56526,Russia,4657863952,1780110450000,2026-05-30T03:07:30+00:00,50,1,7,8,11,12,14,15,16,20,,,,,,,,,,,,
2491411,56526,Russia,4657863880,1780109550000,2026-05-30T02:52:30+00:00,50,3,2,3,4,5,8,17,18,20,,,,,,,,,,,,
2491391,56526,Russia,4657863802,1780108650000,2026-05-30T02:37:30+00:00,50,4,6,7,8,12,14,15,18,20,,,,,,,,,,,,
2491369,56526,Russia,4657863727,1780107750000,2026-05-30T02:22:30+00:00,50,4,2,3,5,6,10,13,18,20,,,,,,,,,,,,
2491346,56526,Russia,4657863649,1780106850000,2026-05-30T02:07:30+00:00,50,1,3,8,9,10,11,14,16,17,,,,,,,,,,,,
2491325,56526,Russia,4657863577,1780105950000,2026-05-30T01:52:30+00:00,50,2,2,6,7,11,13,14,19,20,,,,,,,,,,,,
2491303,56526,Russia,4657863499,1780105050000,2026-05-30T01:37:30+00:00,50,3,3,5,9,10,11,13,16,20,,,,,,,,,,,,
2491284,56526,Russia,4657863424,1780104150000,2026-05-30T01:22:30+00:00,50,3,1,2,3,5,13,15,16,19,,,,,,,,,,,,
2491263,56526,Russia,4657863346,1780103250000,2026-05-30T01:07:30+00:00,50,2,1,2,12,13,14,18,19,20,,,,,,,,,,,,
2491241,56526,Russia,4657863274,1780102350000,2026-05-30T00:52:30+00:00,50,2,4,7,10,11,14,16,19,20,,,,,,,,,,,,
2491221,56526,Russia,4657863196,1780101450000,2026-05-30T00:37:30+00:00,50,2,1,5,6,9,12,14,15,20,,,,,,,,,,,,
2491206,56526,Russia,4657863121,1780100550000,2026-05-30T00:22:30+00:00,50,1,1,4,6,8,10,13,18,20,,,,,,,,,,,,
2491179,56526,Russia,4657863043,1780099650000,2026-05-30T00:07:30+00:00,50,3,2,7,8,10,12,13,15,20,,,,,,,,,,,,
2491159,56526,Russia,4655715301,1780098750000,2026-05-29T23:52:30+00:00,50,1,1,2,4,6,9,12,15,20,,,,,,,,,,,,
2491139,56526,Russia,4655715223,1780097850000,2026-05-29T23:37:30+00:00,50,1,2,3,4,5,6,11,15,20,,,,,,,,,,,,
2491115,56526,Russia,4655715148,1780096950000,2026-05-29T23:22:30+00:00,50,3,1,4,5,7,8,9,18,20,,,,,,,,,,,,
2491095,56526,Russia,4655715070,1780096050000,2026-05-29T23:07:30+00:00,50,2,6,8,10,12,14,16,17,20,,,,,,,,,,,,
2491067,56526,Russia,4655714998,1780095150000,2026-05-29T22:52:30+00:00,50,2,2,4,5,7,8,11,13,15,,,,,,,,,,,,
2491044,56526,Russia,4655714920,1780094250000,2026-05-29T22:37:30+00:00,50,4,4,7,9,11,13,16,18,19,,,,,,,,,,,,
2491022,56526,Russia,4655714845,1780093350000,2026-05-29T22:22:30+00:00,50,1,1,2,6,12,16,17,19,20,,,,,,,,,,,,
2491002,56526,Russia,4655714776,1780092450000,2026-05-29T22:07:30+00:00,50,1,1,3,8,11,12,13,16,19,,,,,,,,,,,,
2490982,56526,Russia,4655714734,1780091550000,2026-05-29T21:52:30+00:00,50,4,1,2,6,8,11,14,17,20,,,,,,,,,,,,
2490952,56526,Russia,4655714710,1780090650000,2026-05-29T21:37:30+00:00,50,4,6,9,11,13,14,16,18,19,,,,,,,,,,,,
2490924,56526,Russia,4655714686,1780089750000,2026-05-29T21:22:30+00:00,50,1,3,5,6,7,11,13,16,19,,,,,,,,,,,,
2490894,56526,Russia,4655714665,1780088850000,2026-05-29T21:07:30+00:00,50,3,2,9,10,11,17,18,19,20,,,,,,,,,,,,
2490863,56526,Russia,4655713447,1780087950000,2026-05-29T20:52:30+00:00,50,1,1,3,7,9,11,14,18,20,,,,,,,,,,,,
2490832,56526,Russia,4655713342,1780087050000,2026-05-29T20:37:30+00:00,50,2,1,2,5,6,7,10,11,14,,,,,,,,,,,,
2490743,56526,Russia,4655713249,1780086150000,2026-05-29T20:22:30+00:00,60,,,,,,,,,,,,,,,,,,,,,
2490769,56526,Russia,4655713141,1780085250000,2026-05-29T20:07:30+00:00,50,1,2,5,8,9,12,14,16,20,,,,,,,,,,,,
2490734,56526,Russia,4655713027,1780084350000,2026-05-29T19:52:30+00:00,50,2,1,2,4,6,7,10,13,15,,,,,,,,,,,,
2490702,56526,Russia,4655712910,1780083450000,2026-05-29T19:37:30+00:00,50,1,1,2,4,7,9,13,18,20,,,,,,,,,,,,
2490550,56526,Russia,4655712805,1780082550000,2026-05-29T19:22:30+00:00,60,,,,,,,,,,,,,,,,,,,,,
2490549,56526,Russia,4655712694,1780081650000,2026-05-29T19:07:30+00:00,60,,,,,,,,,,,,,,,,,,,,,
2490548,56526,Russia,4655712568,1780080750000,2026-05-29T18:52:30+00:00,60,,,,,,,,,,,,,,,,,,,,,
2490573,56526,Russia,4655712448,1780079850000,2026-05-29T18:37:30+00:00,50,1,3,5,6,11,12,15,18,19,,,,,,,,,,,,
2490539,56526,Russia,4655712325,1780078950000,2026-05-29T18:22:30+00:00,50,1,5,7,9,11,12,13,16,19,,,,,,,,,,,,
2490507,56526,Russia,4655712214,1780078050000,2026-05-29T18:07:30+00:00,50,1,2,3,7,12,14,15,19,20,,,,,,,,,,,,
2490471,56526,Russia,4655712079,1780077150000,2026-05-29T17:52:30+00:00,50,2,3,7,11,12,15,18,19,20,,,,,,,,,,,,
2490439,56526,Russia,4655711965,1780076250000,2026-05-29T17:37:30+00:00,50,4,1,2,3,5,7,13,14,18,,,,,,,,,,,,
2490410,56526,Russia,4655711860,1780075350000,2026-05-29T17:22:30+00:00,50,4,1,3,7,12,14,16,18,19,,,,,,,,,,,,
2490288,56526,Russia,4655711746,1780074450000,2026-05-29T17:07:30+00:00,60,,,,,,,,,,,,,,,,,,,,,
2490287,56526,Russia,4655711620,1780073550000,2026-05-29T16:52:30+00:00,60,,,,,,,,,,,,,,,,,,,,,
2490311,56526,Russia,4655711500,1780072650000,2026-05-29T16:37:30+00:00,50,1,1,3,6,10,12,13,14,16,,,,,,,,,,,,
2490277,56526,Russia,4655711389,1780071750000,2026-05-29T16:22:30+00:00,50,2,2,3,6,12,16,17,18,20,,,,,,,,,,,,
2490245,56526,Russia,4655711278,1780070850000,2026-05-29T16:07:30+00:00,50,2,2,4,5,6,11,13,17,18,,,,,,,,,,,,
2490213,56526,Russia,4655711164,1780069950000,2026-05-29T15:52:30+00:00,50,3,1,2,3,12,13,16,17,20,,,,,,,,,,,,
2490180,56526,Russia,4655711035,1780069050000,2026-05-29T15:37:30+00:00,50,4,1,3,4,11,12,15,16,17,,,,,,,,,,,,
2490039,56526,Russia,4655710927,1780068150000,2026-05-29T15:22:30+00:00,60,,,,,,,,,,,,,,,,,,,,,
2490038,56526,Russia,4655710816,1780067250000,2026-05-29T15:07:30+00:00,60,,,,,,,,,,,,,,,,,,,,,
2490037,56526,Russia,4655710699,1780066350000,2026-05-29T14:52:30+00:00,60,,,,,,,,,,,,,,,,,,,,,
2490061,56526,Russia,4655710588,1780065450000,2026-05-29T14:37:30+00:00,50,1,2,3,9,11,13,14,18,20,,,,,,,,,,,,
2490028,56526,Russia,4655710480,1780064550000,2026-05-29T14:22:30+00:00,50,2,2,4,7,9,10,11,12,19,,,,,,,,,,,,
2489997,56526,Russia,4655710369,1780063650000,2026-05-29T14:07:30+00:00,50,4,1,4,5,7,8,13,14,17,,,,,,,,,,,,
2489966,56526,Russia,4655710261,1780062750000,2026-05-29T13:52:30+00:00,50,4,1,2,4,6,7,8,10,13,,,,,,,,,,,,
2489935,56526,Russia,4655710150,1780061850000,2026-05-29T13:37:30+00:00,50,3,2,4,5,6,12,13,15,17,,,,,,,,,,,,
2489822,56526,Russia,4655710048,1780060950000,2026-05-29T13:22:30+00:00,60,,,,,,,,,,,,,,,,,,,,,
2489821,56526,Russia,4655709931,1780060050000,2026-05-29T13:07:30+00:00,60,,,,,,,,,,,,,,,,,,,,,
2489842,56526,Russia,4655709811,1780059150000,2026-05-29T12:52:30+00:00,50,3,3,4,9,11,12,16,17,20,,,,,,,,,,,,
2489809,56526,Russia,4655709700,1780058250000,2026-05-29T12:37:30+00:00,50,3,1,7,10,11,13,15,17,19,,,,,,,,,,,,
2489780,56526,Russia,4655709595,1780057350000,2026-05-29T12:22:30+00:00,50,3,4,9,12,13,15,16,17,19,,,,,,,,,,,,
2489749,56526,Russia,4655709484,1780056450000,2026-05-29T12:07:30+00:00,50,1,2,4,6,9,11,13,14,20,,,,,,,,,,,,
2489716,56526,Russia,4655709367,1780055550000,2026-05-29T11:52:30+00:00,50,3,1,4,5,7,13,16,17,19,,,,,,,,,,,,
2489684,56526,Russia,4655709250,1780054650000,2026-05-29T11:37:30+00:00,50,1,2,4,8,14,15,17,19,20,,,,,,,,,,,,
2489655,56526,Russia,4655709145,1780053750000,2026-05-29T11:22:30+00:00,50,2,1,2,5,8,10,11,13,18,,,,,,,,,,,,
2489623,56526,Russia,4655709034,1780052850000,2026-05-29T11:07:30+00:00,50,4,2,6,8,9,11,13,15,16,,,,,,,,,,,,
2489538,56526,Russia,4655708923,1780051950000,2026-05-29T10:52:30+00:00,60,,,,,,,,,,,,,,,,,,,,,
2489559,56526,Russia,4655708803,1780051050000,2026-05-29T10:37:30+00:00,50,3,1,11,12,13,14,16,19,20,,,,,,,,,,,,
2489416,56526,Russia,4655708701,1780050150000,2026-05-29T10:22:30+00:00,60,,,,,,,,,,,,,,,,,,,,,
2489415,56526,Russia,4655708590,1780049250000,2026-05-29T10:07:30+00:00,60,,,,,,,,,,,,,,,,,,,,,
2489414,56526,Russia,4655708476,1780048350000,2026-05-29T09:52:30+00:00,60,,,,,,,,,,,,,,,,,,,,,
2489437,56526,Russia,4655708362,1780047450000,2026-05-29T09:37:30+00:00,50,1,3,4,6,10,12,16,18,19,,,,,,,,,,,,
2489405,56526,Russia,4655708254,1780046550000,2026-05-29T09:22:30+00:00,50,3,1,3,4,7,10,12,13,20,,,,,,,,,,,,
2489325,56526,Russia,4655708143,1780045650000,2026-05-29T09:07:30+00:00,60,,,,,,,,,,,,,,,,,,,,,
2489344,56526,Russia,4655708029,1780044750000,2026-05-29T08:52:30+00:00,50,2,2,3,6,8,10,12,14,19,,,,,,,,,,,,
2489313,56526,Russia,4655707918,1780043850000,2026-05-29T08:37:30+00:00,50,2,2,3,8,9,11,12,15,19,,,,,,,,,,,,
2489284,56526,Russia,4655707813,1780042950000,2026-05-29T08:22:30+00:00,50,2,2,3,4,5,7,14,16,18,,,,,,,,,,,,
2489252,56526,Russia,4655707702,1780042050000,2026-05-29T08:07:30+00:00,50,2,2,4,5,7,14,16,17,20,,,,,,,,,,,,
2489221,56526,Russia,4655707591,1780041150000,2026-05-29T07:52:30+00:00,50,1,5,7,12,14,15,17,18,20,,,,,,,,,,,,
2489190,56526,Russia,4655707480,1780040250000,2026-05-29T07:37:30+00:00,50,3,4,5,11,14,17,18,19,20,,,,,,,,,,,,
2489050,56526,Russia,4655707375,1780039350000,2026-05-29T07:22:30+00:00,60,,,,,,,,,,,,,,,,,,,,,
2489049,56526,Russia,4655707264,1780038450000,2026-05-29T07:07:30+00:00,60,,,,,,,,,,,,,,,,,,,,,
2489048,56526,Russia,4655707150,1780037550000,2026-05-29T06:52:30+00:00,60,,,,,,,,,,,,,,,,,,,,,
2489070,56526,Russia,4655707039,1780036650000,2026-05-29T06:37:30+00:00,50,4,3,4,7,8,10,15,17,20,,,,,,,,,,,,
2489039,56526,Russia,4655706937,1780035750000,2026-05-29T06:22:30+00:00,50,1,2,6,7,10,13,15,16,19,,,,,,,,,,,,
2489008,56526,Russia,4655706826,1780034850000,2026-05-29T06:07:30+00:00,50,1,2,4,7,10,13,15,16,17,,,,,,,,,,,,
2488980,56526,Russia,4655706724,1780033950000,2026-05-29T05:52:30+00:00,50,3,1,2,3,5,9,12,14,15,,,,,,,,,,,,
2488953,56526,Russia,4655706622,1780033050000,2026-05-29T05:37:30+00:00,50,1,1,3,5,11,14,16,17,20,,,,,,,,,,,,
2488928,56526,Russia,4655706529,1780032150000,2026-05-29T05:22:30+00:00,50,4,4,6,8,12,14,15,17,19,,,,,,,,,,,,
2488900,56526,Russia,4655706427,1780031250000,2026-05-29T05:07:30+00:00,50,3,2,8,11,12,14,16,18,20,,,,,,,,,,,,
2488875,56526,Russia,4655706337,1780030350000,2026-05-29T04:52:30+00:00,50,2,2,3,5,6,7,9,13,20,,,,,,,,,,,,
2488851,56526,Russia,4655706247,1780029450000,2026-05-29T04:37:30+00:00,50,2,2,5,10,11,13,17,19,20,,,,,,,,,,,,
2488831,56526,Russia,4655706169,1780028550000,2026-05-29T04:22:30+00:00,50,1,2,6,10,12,16,17,18,19,,,,,,,,,,,,
2488811,56526,Russia,4655706091,1780027650000,2026-05-29T04:07:30+00:00,50,2,1,2,5,9,10,14,16,18,,,,,,,,,,,,
2488793,56526,Russia,4655706019,1780026750000,2026-05-29T03:52:30+00:00,50,1,2,5,6,7,9,14,18,20,,,,,,,,,,,,
2488772,56526,Russia,4655705941,1780025850000,2026-05-29T03:37:30+00:00,50,1,1,4,7,9,11,14,15,16,,,,,,,,,,,,
2488752,56526,Russia,4655705866,1780024950000,2026-05-29T03:22:30+00:00,50,1,5,6,8,9,10,13,19,20,,,,,,,,,,,,
2488721,56526,Russia,4655705788,1780024050000,2026-05-29T03:07:30+00:00,50,2,5,6,7,8,12,14,18,20,,,,,,,,,,,,
2488698,56526,Russia,4655705716,1780023150000,2026-05-29T02:52:30+00:00,50,3,1,6,8,13,14,15,16,18,,,,,,,,,,,,
2488678,56526,Russia,4655705638,1780022250000,2026-05-29T02:37:30+00:00,50,2,2,3,5,6,14,15,17,18,,,,,,,,,,,,
2488653,56526,Russia,4655705563,1780021350000,2026-05-29T02:22:30+00:00,50,4,3,10,11,12,15,16,17,18,,,,,,,,,,,,
2488633,56526,Russia,4655705485,1780020450000,2026-05-29T02:07:30+00:00,50,4,5,7,9,10,17,18,19,20,,,,,,,,,,,,
2488610,56526,Russia,4655705413,1780019550000,2026-05-29T01:52:30+00:00,50,4,3,5,7,9,10,12,13,17,,,,,,,,,,,,
2488588,56526,Russia,4655705335,1780018650000,2026-05-29T01:37:30+00:00,50,1,1,2,5,7,9,10,11,15,,,,,,,,,,,,
2488569,56526,Russia,4655705260,1780017750000,2026-05-29T01:22:30+00:00,50,2,2,8,12,13,14,18,19,20,,,,,,,,,,,,
2488546,56526,Russia,4655705182,1780016850000,2026-05-29T01:07:30+00:00,50,2,5,6,8,11,12,14,19,20,,,,,,,,,,,,
2488524,56526,Russia,4655705110,1780015950000,2026-05-29T00:52:30+00:00,50,3,2,3,6,9,11,12,15,17,,,,,,,,,,,,
2488504,56526,Russia,4655705032,1780015050000,2026-05-29T00:37:30+00:00,50,1,2,3,8,9,13,15,18,20,,,,,,,,,,,,
2488485,56526,Russia,4655704957,1780014150000,2026-05-29T00:22:30+00:00,50,4,3,4,5,10,13,14,16,17,,,,,,,,,,,,
2488464,56526,Russia,4655704879,1780013250000,2026-05-29T00:07:30+00:00,50,3,1,2,4,8,11,12,14,18,,,,,,,,,,,,
2488443,56526,Russia,4653960211,1780012350000,2026-05-28T23:52:30+00:00,50,2,2,3,4,5,7,9,12,19,,,,,,,,,,,,
2488422,56526,Russia,4653960133,1780011450000,2026-05-28T23:37:30+00:00,50,2,1,2,7,9,11,13,17,19,,,,,,,,,,,,
2488397,56526,Russia,4653960058,1780010550000,2026-05-28T23:22:30+00:00,50,3,4,8,9,10,14,16,17,18,,,,,,,,,,,,
2488378,56526,Russia,4653959980,1780009650000,2026-05-28T23:07:30+00:00,50,4,3,6,9,10,11,15,19,20,,,,,,,,,,,,
2488351,56526,Russia,4653959908,1780008750000,2026-05-28T22:52:30+00:00,50,3,2,5,7,8,10,18,19,20,,,,,,,,,,,,
2488328,56526,Russia,4653959830,1780007850000,2026-05-28T22:37:30+00:00,50,1,1,2,3,4,7,13,15,17,,,,,,,,,,,,
2488306,56526,Russia,4653959755,1780006950000,2026-05-28T22:22:30+00:00,50,4,1,3,4,7,8,9,15,18,,,,,,,,,,,,
2488286,56526,Russia,4653959686,1780006050000,2026-05-28T22:07:30+00:00,50,4,9,10,11,12,13,17,18,19,,,,,,,,,,,,
2488266,56526,Russia,4653959644,1780005150000,2026-05-28T21:52:30+00:00,50,4,1,2,4,5,8,10,11,20,,,,,,,,,,,,
2488236,56526,Russia,4653959620,1780004250000,2026-05-28T21:37:30+00:00,50,4,5,6,9,10,12,15,16,20,,,,,,,,,,,,
2488208,56526,Russia,4653959596,1780003350000,2026-05-28T21:22:30+00:00,50,4,3,6,7,12,15,16,18,20,,,,,,,,,,,,
2488178,56526,Russia,4653959575,1780002450000,2026-05-28T21:07:30+00:00,50,1,1,4,11,13,14,15,16,19,,,,,,,,,,,,
2488146,56526,Russia,4653958357,1780001550000,2026-05-28T20:52:30+00:00,50,3,3,4,5,6,7,9,12,18,,,,,,,,,,,,
2488115,56526,Russia,4653958252,1780000650000,2026-05-28T20:37:30+00:00,50,1,1,3,5,9,13,14,15,18,,,,,,,,,,,,
2488024,56526,Russia,4653958159,1779999750000,2026-05-28T20:22:30+00:00,60,,,,,,,,,,,,,,,,,,,,,
2488048,56526,Russia,4653958051,1779998850000,2026-05-28T20:07:30+00:00,50,2,2,4,6,7,11,16,19,20,,,,,,,,,,,,
2488009,56526,Russia,4653957937,1779997950000,2026-05-28T19:52:30+00:00,50,3,1,8,10,11,12,14,15,19,,,,,,,,,,,,
2487983,56526,Russia,4653957811,1779997050000,2026-05-28T19:37:30+00:00,50,3,2,5,6,16,17,18,19,20,,,,,,,,,,,,
2487833,56526,Russia,4653957706,1779996150000,2026-05-28T19:22:30+00:00,60,,,,,,,,,,,,,,,,,,,,,
2487832,56526,Russia,4653957595,1779995250000,2026-05-28T19:07:30+00:00,60,,,,,,,,,,,,,,,,,,,,,
2487838,56526,Russia,4653957475,1779994350000,2026-05-28T18:52:30+00:00,60,,,,,,,,,,,,,,,,,,,,,
2487858,56526,Russia,4653957358,1779993450000,2026-05-28T18:37:30+00:00,50,2,2,4,11,12,13,14,19,20,,,,,,,,,,,,
2487824,56526,Russia,4653957235,1779992550000,2026-05-28T18:22:30+00:00,50,2,1,5,7,9,11,13,17,19,,,,,,,,,,,,
2487792,56526,Russia,4653957124,1779991650000,2026-05-28T18:07:30+00:00,50,4,1,2,3,5,6,11,13,14,,,,,,,,,,,,
2487756,56526,Russia,4653956992,1779990750000,2026-05-28T17:52:30+00:00,50,4,1,3,4,6,7,10,12,15,,,,,,,,,,,,
2487725,56526,Russia,4653956878,1779989850000,2026-05-28T17:37:30+00:00,50,4,3,6,8,9,11,16,17,19,,,,,,,,,,,,
2487697,56526,Russia,4653956773,1779988950000,2026-05-28T17:22:30+00:00,50,4,1,4,5,7,9,13,16,19,,,,,,,,,,,,
2487573,56526,Russia,4653956659,1779988050000,2026-05-28T17:07:30+00:00,60,,,,,,,,,,,,,,,,,,,,,
2487572,56526,Russia,4653956533,1779987150000,2026-05-28T16:52:30+00:00,60,,,,,,,,,,,,,,,,,,,,,
2487594,56526,Russia,4653956413,1779986250000,2026-05-28T16:37:30+00:00,50,2,1,3,6,7,11,16,18,19,,,,,,,,,,,,
2487561,56526,Russia,4653956302,1779985350000,2026-05-28T16:22:30+00:00,50,3,1,2,5,8,10,13,18,19,,,,,,,,,,,,
2487530,56526,Russia,4653956191,1779984450000,2026-05-28T16:07:30+00:00,50,1,3,5,10,12,13,15,16,17,,,,,,,,,,,,
2487498,56526,Russia,4653956077,1779983550000,2026-05-28T15:52:30+00:00,50,4,1,2,3,5,6,9,12,16,,,,,,,,,,,,
2487464,56526,Russia,4653955954,1779982650000,2026-05-28T15:37:30+00:00,50,1,2,8,12,14,15,16,18,20,,,,,,,,,,,,
2487324,56526,Russia,4653955843,1779981750000,2026-05-28T15:22:30+00:00,60,,,,,,,,,,,,,,,,,,,,,
2487323,56526,Russia,4653955732,1779980850000,2026-05-28T15:07:30+00:00,60,,,,,,,,,,,,,,,,,,,,,
2487322,56526,Russia,4653955615,1779979950000,2026-05-28T14:52:30+00:00,60,,,,,,,,,,,,,,,,,,,,,
2487345,56526,Russia,4653955504,1779979050000,2026-05-28T14:37:30+00:00,50,1,3,4,6,7,9,10,17,18,,,,,,,,,,,,
2487313,56526,Russia,4653955399,1779978150000,2026-05-28T14:22:30+00:00,50,1,1,4,5,9,13,15,17,18,,,,,,,,,,,,
2487282,56526,Russia,4653955288,1779977250000,2026-05-28T14:07:30+00:00,50,3,1,2,4,8,10,11,19,20,,,,,,,,,,,,
2487251,56526,Russia,4653955180,1779976350000,2026-05-28T13:52:30+00:00,50,4,1,3,4,8,10,12,15,19,,,,,,,,,,,,
2487216,56526,Russia,4653955069,1779975450000,2026-05-28T13:37:30+00:00,50,4,1,2,5,10,11,13,15,20,,,,,,,,,,,,
2487105,56526,Russia,4653954967,1779974550000,2026-05-28T13:22:30+00:00,60,,,,,,,,,,,,,,,,,,,,,
2487104,56526,Russia,4653954850,1779973650000,2026-05-28T13:07:30+00:00,60,,,,,,,,,,,,,,,,,,,,,
2487125,56526,Russia,4653954730,1779972750000,2026-05-28T12:52:30+00:00,50,3,3,4,7,9,12,16,19,20,,,,,,,,,,,,
2487092,56526,Russia,4653954619,1779971850000,2026-05-28T12:37:30+00:00,50,3,1,6,7,10,12,13,17,18,,,,,,,,,,,,
2487063,56526,Russia,4653954514,1779970950000,2026-05-28T12:22:30+00:00,50,3,4,7,9,11,13,15,18,20,,,,,,,,,,,,
2487032,56526,Russia,4653954403,1779970050000,2026-05-28T12:07:30+00:00,50,1,1,3,4,6,7,11,16,19,,,,,,,,,,,,
2486999,56526,Russia,4653954286,1779969150000,2026-05-28T11:52:30+00:00,50,3,2,3,8,10,12,15,17,20,,,,,,,,,,,,
2486967,56526,Russia,4653954169,1779968250000,2026-05-28T11:37:30+00:00,50,2,1,2,7,9,12,13,16,17,,,,,,,,,,,,
2486936,56526,Russia,4653954064,1779967350000,2026-05-28T11:22:30+00:00,50,4,1,7,8,10,11,12,16,18,,,,,,,,,,,,
2486905,56526,Russia,4653953953,1779966450000,2026-05-28T11:07:30+00:00,50,2,3,4,5,7,9,12,14,20,,,,,,,,,,,,
2486820,56526,Russia,4653953842,1779965550000,2026-05-28T10:52:30+00:00,60,,,,,,,,,,,,,,,,,,,,,
2486840,56526,Russia,4653953722,1779964650000,2026-05-28T10:37:30+00:00,50,1,5,6,7,10,11,15,17,20,,,,,,,,,,,,
2486697,56526,Russia,4653953617,1779963750000,2026-05-28T10:22:30+00:00,60,,,,,,,,,,,,,,,,,,,,,
2486696,56526,Russia,4653953506,1779962850000,2026-05-28T10:07:30+00:00,60,,,,,,,,,,,,,,,,,,,,,
2486695,56526,Russia,4653953392,1779961950000,2026-05-28T09:52:30+00:00,60,,,,,,,,,,,,,,,,,,,,,
2486718,56526,Russia,4653953278,1779961050000,2026-05-28T09:37:30+00:00,50,2,3,4,5,7,9,11,12,17,,,,,,,,,,,,
2486686,56526,Russia,4653953170,1779960150000,2026-05-28T09:22:30+00:00,50,2,8,10,12,14,15,17,19,20,,,,,,,,,,,,
2486606,56526,Russia,4653953059,1779959250000,2026-05-28T09:07:30+00:00,60,,,,,,,,,,,,,,,,,,,,,
2486625,56526,Russia,4653952945,1779958350000,2026-05-28T08:52:30+00:00,50,4,5,7,8,9,11,12,16,20,,,,,,,,,,,,
2486594,56526,Russia,4653952834,1779957450000,2026-05-28T08:37:30+00:00,50,3,5,6,7,8,13,16,19,20,,,,,,,,,,,,
2486565,56526,Russia,4653952729,1779956550000,2026-05-28T08:22:30+00:00,50,1,2,4,5,7,9,10,17,20,,,,,,,,,,,,
2486534,56526,Russia,4653952618,1779955650000,2026-05-28T08:07:30+00:00,50,3,2,3,6,8,11,14,18,19,,,,,,,,,,,,
2486502,56526,Russia,4653952507,1779954750000,2026-05-28T07:52:30+00:00,50,1,1,2,6,10,14,16,17,19,,,,,,,,,,,,
2486471,56526,Russia,4653952396,1779953850000,2026-05-28T07:37:30+00:00,50,1,1,2,4,9,10,11,16,20,,,,,,,,,,,,
2486331,56526,Russia,4653952291,1779952950000,2026-05-28T07:22:30+00:00,60,,,,,,,,,,,,,,,,,,,,,
2486330,56526,Russia,4653952180,1779952050000,2026-05-28T07:07:30+00:00,60,,,,,,,,,,,,,,,,,,,,,
2486329,56526,Russia,4653952066,1779951150000,2026-05-28T06:52:30+00:00,60,,,,,,,,,,,,,,,,,,,,,
2486351,56526,Russia,4653951955,1779950250000,2026-05-28T06:37:30+00:00,50,1,2,4,6,7,12,18,19,20,,,,,,,,,,,,
2486320,56526,Russia,4653951853,1779949350000,2026-05-28T06:22:30+00:00,50,2,5,6,7,9,10,12,16,20,,,,,,,,,,,,
2486287,56526,Russia,4653951742,1779948450000,2026-05-28T06:07:30+00:00,50,2,2,3,5,6,12,15,16,18,,,,,,,,,,,,
2486261,56526,Russia,4653951640,1779947550000,2026-05-28T05:52:30+00:00,50,4,1,2,3,4,9,13,17,20,,,,,,,,,,,,
2486234,56526,Russia,4653951538,1779946650000,2026-05-28T05:37:30+00:00,50,2,2,3,6,8,9,11,13,18,,,,,,,,,,,,
2486209,56526,Russia,4653951445,1779945750000,2026-05-28T05:22:30+00:00,50,4,1,2,5,7,11,14,15,19,,,,,,,,,,,,
2486181,56526,Russia,4653951343,1779944850000,2026-05-28T05:07:30+00:00,50,3,1,3,4,8,9,10,16,19,,,,,,,,,,,,
2486156,56526,Russia,4653951253,1779943950000,2026-05-28T04:52:30+00:00,50,1,1,3,4,5,9,12,17,20,,,,,,,,,,,,
2486129,56526,Russia,4653951163,1779943050000,2026-05-28T04:37:30+00:00,50,1,4,5,6,8,11,12,19,20,,,,,,,,,,,,
2486109,56526,Russia,4653951085,1779942150000,2026-05-28T04:22:30+00:00,50,4,1,4,5,9,11,15,16,20,,,,,,,,,,,,
2486089,56526,Russia,4653951007,1779941250000,2026-05-28T04:07:30+00:00,50,4,2,7,8,10,11,17,18,19,,,,,,,,,,,,
2486067,56526,Russia,4653950935,1779940350000,2026-05-28T03:52:30+00:00,50,2,1,3,5,10,14,16,19,20,,,,,,,,,,,,
2486046,56526,Russia,4653950857,1779939450000,2026-05-28T03:37:30+00:00,50,4,2,5,7,9,12,15,16,18,,,,,,,,,,,,
2486022,56526,Russia,4653950782,1779938550000,2026-05-28T03:22:30+00:00,50,2,1,3,6,7,11,14,16,19,,,,,,,,,,,,
2485993,56526,Russia,4653950704,1779937650000,2026-05-28T03:07:30+00:00,50,3,2,3,4,6,9,14,15,20,,,,,,,,,,,,
2485969,56526,Russia,4653950632,1779936750000,2026-05-28T02:52:30+00:00,50,2,4,7,10,11,15,18,19,20,,,,,,,,,,,,
2485949,56526,Russia,4653950554,1779935850000,2026-05-28T02:37:30+00:00,50,2,1,2,4,9,10,12,13,16,,,,,,,,,,,,
2485924,56526,Russia,4653950479,1779934950000,2026-05-28T02:22:30+00:00,50,4,1,4,5,8,9,13,15,17,,,,,,,,,,,,
2485900,56526,Russia,4653950401,1779934050000,2026-05-28T02:07:30+00:00,50,2,1,5,11,12,15,16,18,19,,,,,,,,,,,,
2485875,56526,Russia,4653950329,1779933150000,2026-05-28T01:52:30+00:00,50,4,4,7,8,11,12,13,14,19,,,,,,,,,,,,
2485855,56526,Russia,4653950251,1779932250000,2026-05-28T01:37:30+00:00,50,4,1,2,3,9,10,14,15,20,,,,,,,,,,,,
2485834,56526,Russia,4653950176,1779931350000,2026-05-28T01:22:30+00:00,50,1,2,4,5,7,8,10,11,20,,,,,,,,,,,,
2485814,56526,Russia,4653950098,1779930450000,2026-05-28T01:07:30+00:00,50,1,1,4,5,9,12,14,15,20,,,,,,,,,,,,
2485790,56526,Russia,4653950026,1779929550000,2026-05-28T00:52:30+00:00,50,4,2,3,6,8,9,13,14,19,,,,,,,,,,,,
2485768,56526,Russia,4653949948,1779928650000,2026-05-28T00:37:30+00:00,50,4,1,2,4,5,10,16,17,18,,,,,,,,,,,,
2485748,56526,Russia,4653949873,1779927750000,2026-05-28T00:22:30+00:00,50,3,3,6,8,9,12,14,19,20,,,,,,,,,,,,
2485725,56526,Russia,4653949795,1779926850000,2026-05-28T00:07:30+00:00,50,2,1,3,9,12,14,15,16,17,,,,,,,,,,,,
2485705,56526,Russia,4651934692,1779925950000,2026-05-27T23:52:30+00:00,50,3,1,4,5,6,10,13,19,20,,,,,,,,,,,,
2485685,56526,Russia,4651934614,1779925050000,2026-05-27T23:37:30+00:00,50,4,4,5,10,13,14,16,18,19,,,,,,,,,,,,
2485661,56526,Russia,4651934539,1779924150000,2026-05-27T23:22:30+00:00,50,3,3,5,9,12,13,17,19,20,,,,,,,,,,,,
2485639,56526,Russia,4651934461,1779923250000,2026-05-27T23:07:30+00:00,50,3,1,4,6,7,8,10,12,16,,,,,,,,,,,,
2485612,56526,Russia,4651934389,1779922350000,2026-05-27T22:52:30+00:00,50,1,3,4,9,11,12,16,17,18,,,,,,,,,,,,
2485589,56526,Russia,4651934311,1779921450000,2026-05-27T22:37:30+00:00,50,2,3,6,7,8,11,13,16,17,,,,,,,,,,,,
2485567,56526,Russia,4651934236,1779920550000,2026-05-27T22:22:30+00:00,50,1,1,3,7,12,13,14,15,19,,,,,,,,,,,,
2485547,56526,Russia,4651934167,1779919650000,2026-05-27T22:07:30+00:00,50,2,2,4,6,7,9,10,15,20,,,,,,,,,,,,
2485527,56526,Russia,4651934125,1779918750000,2026-05-27T21:52:30+00:00,50,3,2,3,5,6,7,11,15,17,,,,,,,,,,,,
2485497,56526,Russia,4651934101,1779917850000,2026-05-27T21:37:30+00:00,50,2,1,4,6,9,10,13,14,15,,,,,,,,,,,,
2485469,56526,Russia,4651934077,1779916950000,2026-05-27T21:22:30+00:00,50,2,1,2,4,9,11,12,17,19,,,,,,,,,,,,
2485439,56526,Russia,4651934056,1779916050000,2026-05-27T21:07:30+00:00,50,3,7,9,10,12,15,17,18,20,,,,,,,,,,,,
2485408,56526,Russia,4651932832,1779915150000,2026-05-27T20:52:30+00:00,50,1,4,5,6,8,9,12,16,18,,,,,,,,,,,,
2485377,56526,Russia,4651932727,1779914250000,2026-05-27T20:37:30+00:00,50,1,2,5,7,9,11,14,17,18,,,,,,,,,,,,
2485289,56526,Russia,4651932634,1779913350000,2026-05-27T20:22:30+00:00,60,,,,,,,,,,,,,,,,,,,,,
2485315,56526,Russia,4651932526,1779912450000,2026-05-27T20:07:30+00:00,50,1,1,4,6,10,13,14,17,19,,,,,,,,,,,,
2485277,56526,Russia,4651932412,1779911550000,2026-05-27T19:52:30+00:00,50,2,1,3,5,9,10,12,18,19,,,,,,,,,,,,
2485245,56526,Russia,4651932295,1779910650000,2026-05-27T19:37:30+00:00,50,3,5,7,9,12,14,15,17,19,,,,,,,,,,,,
2485092,56526,Russia,4651932190,1779909750000,2026-05-27T19:22:30+00:00,60,,,,,,,,,,,,,,,,,,,,,
2485091,56526,Russia,4651932076,1779908850000,2026-05-27T19:07:30+00:00,60,,,,,,,,,,,,,,,,,,,,,
2485090,56526,Russia,4651931944,1779907950000,2026-05-27T18:52:30+00:00,60,,,,,,,,,,,,,,,,,,,,,
2485116,56526,Russia,4651931821,1779907050000,2026-05-27T18:37:30+00:00,50,3,2,4,6,9,13,14,18,19,,,,,,,,,,,,
2485079,56526,Russia,4651931701,1779906150000,2026-05-27T18:22:30+00:00,50,1,4,7,10,11,13,16,19,20,,,,,,,,,,,,
2485047,56526,Russia,4651931584,1779905250000,2026-05-27T18:07:30+00:00,50,4,6,9,10,12,15,17,19,20,,,,,,,,,,,,
2485013,56526,Russia,4651931458,1779904350000,2026-05-27T17:52:30+00:00,50,1,1,3,5,6,10,12,14,17,,,,,,,,,,,,
2484980,56526,Russia,4651931344,1779903450000,2026-05-27T17:37:30+00:00,50,4,2,8,9,11,12,13,14,20,,,,,,,,,,,,
2484952,56526,Russia,4651931239,1779902550000,2026-05-27T17:22:30+00:00,50,4,1,7,8,9,10,13,15,19,,,,,,,,,,,,
2484826,56526,Russia,4651931125,1779901650000,2026-05-27T17:07:30+00:00,60,,,,,,,,,,,,,,,,,,,,,
2484825,56526,Russia,4651930990,1779900750000,2026-05-27T16:52:30+00:00,60,,,,,,,,,,,,,,,,,,,,,
2484848,56526,Russia,4651930867,1779899850000,2026-05-27T16:37:30+00:00,50,1,2,4,5,11,12,13,16,20,,,,,,,,,,,,
2484813,56526,Russia,4651930753,1779898950000,2026-05-27T16:22:30+00:00,50,3,2,3,4,5,7,8,15,19,,,,,,,,,,,,
2484782,56526,Russia,4651930642,1779898050000,2026-05-27T16:07:30+00:00,50,1,1,4,8,9,14,17,18,19,,,,,,,,,,,,
2484747,56526,Russia,4651930528,1779897150000,2026-05-27T15:52:30+00:00,50,2,2,5,7,10,11,16,17,20,,,,,,,,,,,,
2484715,56526,Russia,4651930408,1779896250000,2026-05-27T15:37:30+00:00,50,2,4,5,6,7,12,13,16,20,,,,,,,,,,,,
2484575,56526,Russia,4651930297,1779895350000,2026-05-27T15:22:30+00:00,60,,,,,,,,,,,,,,,,,,,,,
2484574,56526,Russia,4651930180,1779894450000,2026-05-27T15:07:30+00:00,60,,,,,,,,,,,,,,,,,,,,,
2484573,56526,Russia,4651930060,1779893550000,2026-05-27T14:52:30+00:00,60,,,,,,,,,,,,,,,,,,,,,
2484596,56526,Russia,4651929949,1779892650000,2026-05-27T14:37:30+00:00,50,3,2,3,6,7,10,11,15,17,,,,,,,,,,,,
2484564,56526,Russia,4651929844,1779891750000,2026-05-27T14:22:30+00:00,50,2,1,3,11,12,13,16,17,18,,,,,,,,,,,,
2484533,56526,Russia,4651929733,1779890850000,2026-05-27T14:07:30+00:00,50,3,3,4,5,7,9,11,17,19,,,,,,,,,,,,
2484502,56526,Russia,4651929625,1779889950000,2026-05-27T13:52:30+00:00,50,2,3,5,7,8,14,17,18,19,,,,,,,,,,,,
2484471,56526,Russia,4651929514,1779889050000,2026-05-27T13:37:30+00:00,50,1,4,6,10,12,16,17,18,20,,,,,,,,,,,,
2484358,56526,Russia,4651929412,1779888150000,2026-05-27T13:22:30+00:00,60,,,,,,,,,,,,,,,,,,,,,
2484357,56526,Russia,4651929295,1779887250000,2026-05-27T13:07:30+00:00,60,,,,,,,,,,,,,,,,,,,,,
2484378,56526,Russia,4651929175,1779886350000,2026-05-27T12:52:30+00:00,50,4,4,6,9,12,14,17,18,19,,,,,,,,,,,,
2484345,56526,Russia,4651929064,1779885450000,2026-05-27T12:37:30+00:00,50,3,3,4,8,10,14,17,19,20,,,,,,,,,,,,
2484316,56526,Russia,4651928959,1779884550000,2026-05-27T12:22:30+00:00,50,3,3,6,12,15,16,17,18,19,,,,,,,,,,,,
2484285,56526,Russia,4651928848,1779883650000,2026-05-27T12:07:30+00:00,50,3,2,4,6,7,10,12,13,20,,,,,,,,,,,,
2484252,56526,Russia,4651928731,1779882750000,2026-05-27T11:52:30+00:00,50,2,2,5,8,9,11,12,16,20,,,,,,,,,,,,
2484220,56526,Russia,4651928614,1779881850000,2026-05-27T11:37:30+00:00,50,2,2,5,7,15,16,18,19,20,,,,,,,,,,,,
2484191,56526,Russia,4651928509,1779880950000,2026-05-27T11:22:30+00:00,50,4,1,2,4,10,11,17,19,20,,,,,,,,,,,,
2484159,56526,Russia,4651928398,1779880050000,2026-05-27T11:07:30+00:00,50,1,2,4,6,8,11,13,16,18,,,,,,,,,,,,
2484074,56526,Russia,4651928287,1779879150000,2026-05-27T10:52:30+00:00,60,,,,,,,,,,,,,,,,,,,,,
2484095,56526,Russia,4651928167,1779878250000,2026-05-27T10:37:30+00:00,50,4,1,3,4,10,11,12,18,19,,,,,,,,,,,,
2483952,56526,Russia,4651928065,1779877350000,2026-05-27T10:22:30+00:00,60,,,,,,,,,,,,,,,,,,,,,
2483951,56526,Russia,4651927954,1779876450000,2026-05-27T10:07:30+00:00,60,,,,,,,,,,,,,,,,,,,,,
2483950,56526,Russia,4651927840,1779875550000,2026-05-27T09:52:30+00:00,60,,,,,,,,,,,,,,,,,,,,,
2483973,56526,Russia,4651927729,1779874650000,2026-05-27T09:37:30+00:00,50,4,1,4,7,12,15,16,17,18,,,,,,,,,,,,
2483941,56526,Russia,4651927621,1779873750000,2026-05-27T09:22:30+00:00,50,1,4,5,8,10,13,14,15,20,,,,,,,,,,,,
2483861,56526,Russia,4651927510,1779872850000,2026-05-27T09:07:30+00:00,60,,,,,,,,,,,,,,,,,,,,,
2483880,56526,Russia,4651927396,1779871950000,2026-05-27T08:52:30+00:00,50,4,2,7,8,10,11,15,16,18,,,,,,,,,,,,
2483849,56526,Russia,4651927285,1779871050000,2026-05-27T08:37:30+00:00,50,1,1,2,3,8,12,13,14,16,,,,,,,,,,,,
2483819,56526,Russia,4651927180,1779870150000,2026-05-27T08:22:30+00:00,50,3,1,4,8,10,11,14,15,19,,,,,,,,,,,,
2483787,56526,Russia,4651927069,1779869250000,2026-05-27T08:07:30+00:00,50,4,1,4,6,7,8,11,14,17,,,,,,,,,,,,
2483756,56526,Russia,4651926958,1779868350000,2026-05-27T07:52:30+00:00,50,1,2,3,5,7,10,11,13,15,,,,,,,,,,,,
2483725,56526,Russia,4651926847,1779867450000,2026-05-27T07:37:30+00:00,50,4,1,3,5,7,11,16,17,19,,,,,,,,,,,,
2483585,56526,Russia,4651926739,1779866550000,2026-05-27T07:22:30+00:00,60,,,,,,,,,,,,,,,,,,,,,
2483584,56526,Russia,4651926628,1779865650000,2026-05-27T07:07:30+00:00,60,,,,,,,,,,,,,,,,,,,,,
2483583,56526,Russia,4651926514,1779864750000,2026-05-27T06:52:30+00:00,60,,,,,,,,,,,,,,,,,,,,,
2483605,56526,Russia,4651926403,1779863850000,2026-05-27T06:37:30+00:00,50,3,3,4,5,6,8,9,12,13,,,,,,,,,,,,
2483574,56526,Russia,4651926301,1779862950000,2026-05-27T06:22:30+00:00,50,1,1,3,4,5,12,13,17,20,,,,,,,,,,,,
2483543,56526,Russia,4651926190,1779862050000,2026-05-27T06:07:30+00:00,50,1,1,6,10,11,14,15,16,18,,,,,,,,,,,,
2483515,56526,Russia,4651926088,1779861150000,2026-05-27T05:52:30+00:00,50,4,4,5,6,9,16,17,19,20,,,,,,,,,,,,
2483488,56526,Russia,4651925986,1779860250000,2026-05-27T05:37:30+00:00,50,3,1,2,4,6,8,14,16,19,,,,,,,,,,,,
2483463,56526,Russia,4651925893,1779859350000,2026-05-27T05:22:30+00:00,50,3,8,10,13,14,16,17,18,19,,,,,,,,,,,,
2483435,56526,Russia,4651925791,1779858450000,2026-05-27T05:07:30+00:00,50,3,1,3,5,12,13,14,15,16,,,,,,,,,,,,
2483409,56526,Russia,4651925701,1779857550000,2026-05-27T04:52:30+00:00,50,4,4,5,6,7,10,13,15,17,,,,,,,,,,,,
2483383,56526,Russia,4651925611,1779856650000,2026-05-27T04:37:30+00:00,50,3,1,6,7,9,10,11,14,18,,,,,,,,,,,,
2483363,56526,Russia,4651925533,1779855750000,2026-05-27T04:22:30+00:00,50,2,1,2,4,5,10,11,14,15,,,,,,,,,,,,
2483343,56526,Russia,4651925455,1779854850000,2026-05-27T04:07:30+00:00,50,2,1,2,7,13,16,18,19,20,,,,,,,,,,,,
2483324,56526,Russia,4651925383,1779853950000,2026-05-27T03:52:30+00:00,50,1,3,4,6,7,11,17,18,19,,,,,,,,,,,,
2483304,56526,Russia,4651925305,1779853050000,2026-05-27T03:37:30+00:00,50,4,1,3,5,7,9,12,15,19,,,,,,,,,,,,
2483271,56526,Russia,4651925230,1779852150000,2026-05-27T03:22:30+00:00,50,2,1,3,7,8,10,14,15,20,,,,,,,,,,,,
2483248,56526,Russia,4651925152,1779851250000,2026-05-27T03:07:30+00:00,50,2,1,2,3,6,8,15,17,20,,,,,,,,,,,,
2483230,56526,Russia,4651925080,1779850350000,2026-05-27T02:52:30+00:00,50,3,2,4,7,10,12,13,16,17,,,,,,,,,,,,
2483211,56526,Russia,4651925002,1779849450000,2026-05-27T02:37:30+00:00,50,1,1,5,7,8,12,14,16,17,,,,,,,,,,,,
2483183,56526,Russia,4651924927,1779848550000,2026-05-27T02:22:30+00:00,50,1,4,5,6,7,11,15,19,20,,,,,,,,,,,,
2483164,56526,Russia,4651924849,1779847650000,2026-05-27T02:07:30+00:00,50,2,1,3,4,10,15,17,18,19,,,,,,,,,,,,
2483145,56526,Russia,4651924777,1779846750000,2026-05-27T01:52:30+00:00,50,3,1,2,5,6,12,17,18,19,,,,,,,,,,,,
2483123,56526,Russia,4651924699,1779845850000,2026-05-27T01:37:30+00:00,50,1,2,8,9,11,12,15,17,19,,,,,,,,,,,,
2483104,56526,Russia,4651924624,1779844950000,2026-05-27T01:22:30+00:00,50,2,4,5,7,9,11,15,16,20,,,,,,,,,,,,
2483081,56526,Russia,4651924546,1779844050000,2026-05-27T01:07:30+00:00,50,2,3,4,10,13,14,18,19,20,,,,,,,,,,,,
2483059,56526,Russia,4651924474,1779843150000,2026-05-27T00:52:30+00:00,50,3,1,3,11,13,14,15,16,19,,,,,,,,,,,,
2483039,56526,Russia,4651924396,1779842250000,2026-05-27T00:37:30+00:00,50,1,1,2,4,6,9,10,13,20,,,,,,,,,,,,
2483020,56526,Russia,4651924321,1779841350000,2026-05-27T00:22:30+00:00,50,3,2,3,6,7,8,13,14,17,,,,,,,,,,,,
2482999,56526,Russia,4651924243,1779840450000,2026-05-27T00:07:30+00:00,50,3,1,2,4,8,12,13,17,18,,,,,,,,,,,,
2482977,56526,Russia,4650245677,1779839550000,2026-05-26T23:52:30+00:00,50,1,1,2,5,6,9,13,14,17,,,,,,,,,,,,
2482957,56526,Russia,4650245599,1779838650000,2026-05-26T23:37:30+00:00,50,2,3,4,10,13,14,15,16,20,,,,,,,,,,,,
2482934,56526,Russia,4650245524,1779837750000,2026-05-26T23:22:30+00:00,50,1,3,4,9,11,17,18,19,20,,,,,,,,,,,,
2482909,56526,Russia,4650245446,1779836850000,2026-05-26T23:07:30+00:00,50,4,1,11,13,14,15,17,18,19,,,,,,,,,,,,
2482887,56526,Russia,4650245374,1779835950000,2026-05-26T22:52:30+00:00,50,2,1,7,8,10,12,13,17,18,,,,,,,,,,,,
2482864,56526,Russia,4650245296,1779835050000,2026-05-26T22:37:30+00:00,50,2,2,3,4,6,7,8,17,20,,,,,,,,,,,,
2482842,56526,Russia,4650245221,1779834150000,2026-05-26T22:22:30+00:00,50,2,6,9,10,11,12,14,15,18,,,,,,,,,,,,
2482822,56526,Russia,4650245152,1779833250000,2026-05-26T22:07:30+00:00,50,3,4,7,9,10,13,14,15,16,,,,,,,,,,,,
2482802,56526,Russia,4650245110,1779832350000,2026-05-26T21:52:30+00:00,50,1,1,6,7,14,15,17,18,20,,,,,,,,,,,,
2482772,56526,Russia,4650245086,1779831450000,2026-05-26T21:37:30+00:00,50,1,1,6,7,8,10,14,18,20,,,,,,,,,,,,
2482744,56526,Russia,4650245062,1779830550000,2026-05-26T21:22:30+00:00,50,2,4,10,13,16,17,18,19,20,,,,,,,,,,,,
2482714,56526,Russia,4650245041,1779829650000,2026-05-26T21:07:30+00:00,50,1,5,6,7,11,12,15,16,19,,,,,,,,,,,,
2482683,56526,Russia,4650243826,1779828750000,2026-05-26T20:52:30+00:00,50,4,1,3,5,6,8,11,17,19,,,,,,,,,,,,
2482652,56526,Russia,4650243721,1779827850000,2026-05-26T20:37:30+00:00,50,4,1,3,9,10,12,16,18,19,,,,,,,,,,,,
2482560,56526,Russia,4650243628,1779826950000,2026-05-26T20:22:30+00:00,60,,,,,,,,,,,,,,,,,,,,,
2482587,56526,Russia,4650243520,1779826050000,2026-05-26T20:07:30+00:00,50,4,1,8,10,13,15,17,18,19,,,,,,,,,,,,
2482551,56526,Russia,4650243406,1779825150000,2026-05-26T19:52:30+00:00,50,2,7,8,10,11,12,14,19,20,,,,,,,,,,,,
2482520,56526,Russia,4650243283,1779824250000,2026-05-26T19:37:30+00:00,50,2,2,3,9,10,12,13,14,16,,,,,,,,,,,,
2482366,56526,Russia,4650243175,1779823350000,2026-05-26T19:22:30+00:00,60,,,,,,,,,,,,,,,,,,,,,
2482365,56526,Russia,4650243064,1779822450000,2026-05-26T19:07:30+00:00,60,,,,,,,,,,,,,,,,,,,,,
2482364,56526,Russia,4650242935,1779821550000,2026-05-26T18:52:30+00:00,60,,,,,,,,,,,,,,,,,,,,,
2482390,56526,Russia,4650242815,1779820650000,2026-05-26T18:37:30+00:00,50,2,4,6,8,9,11,13,14,16,,,,,,,,,,,,
2482349,56526,Russia,4650242689,1779819750000,2026-05-26T18:22:30+00:00,50,2,2,3,4,6,7,9,19,20,,,,,,,,,,,,
2482318,56526,Russia,4650242578,1779818850000,2026-05-26T18:07:30+00:00,50,3,3,6,8,10,11,12,13,20,,,,,,,,,,,,
2482287,56526,Russia,4650242443,1779817950000,2026-05-26T17:52:30+00:00,50,1,1,2,8,11,16,17,19,20,,,,,,,,,,,,
2482256,56526,Russia,4650242329,1779817050000,2026-05-26T17:37:30+00:00,50,4,5,6,7,8,11,15,17,19,,,,,,,,,,,,
2482227,56526,Russia,4650242221,1779816150000,2026-05-26T17:22:30+00:00,50,4,5,7,9,11,13,14,15,18,,,,,,,,,,,,
2482104,56526,Russia,4650242107,1779815250000,2026-05-26T17:07:30+00:00,60,,,,,,,,,,,,,,,,,,,,,
2482103,56526,Russia,4650241981,1779814350000,2026-05-26T16:52:30+00:00,60,,,,,,,,,,,,,,,,,,,,,
2482125,56526,Russia,4650241861,1779813450000,2026-05-26T16:37:30+00:00,50,3,1,5,11,13,15,16,17,18,,,,,,,,,,,,
2482092,56526,Russia,4650241750,1779812550000,2026-05-26T16:22:30+00:00,50,2,5,6,7,9,11,13,16,18,,,,,,,,,,,,
2482059,56526,Russia,4650241639,1779811650000,2026-05-26T16:07:30+00:00,50,4,5,7,10,11,12,16,17,18,,,,,,,,,,,,
2482029,56526,Russia,4650241525,1779810750000,2026-05-26T15:52:30+00:00,50,3,1,4,5,8,10,11,16,17,,,,,,,,,,,,
2481992,56526,Russia,4650241396,1779809850000,2026-05-26T15:37:30+00:00,50,3,1,2,4,6,7,8,15,16,,,,,,,,,,,,
2481852,56526,Russia,4650241288,1779808950000,2026-05-26T15:22:30+00:00,60,,,,,,,,,,,,,,,,,,,,,
2481851,56526,Russia,4650241177,1779808050000,2026-05-26T15:07:30+00:00,60,,,,,,,,,,,,,,,,,,,,,
2481850,56526,Russia,4650241060,1779807150000,2026-05-26T14:52:30+00:00,60,,,,,,,,,,,,,,,,,,,,,
2481874,56526,Russia,4650240949,1779806250000,2026-05-26T14:37:30+00:00,50,4,3,6,12,13,14,15,17,20,,,,,,,,,,,,
2481841,56526,Russia,4650240841,1779805350000,2026-05-26T14:22:30+00:00,50,4,5,6,8,12,15,16,17,20,,,,,,,,,,,,
2481810,56526,Russia,4650240730,1779804450000,2026-05-26T14:07:30+00:00,50,3,2,3,10,13,14,15,16,18,,,,,,,,,,,,
2481779,56526,Russia,4650240619,1779803550000,2026-05-26T13:52:30+00:00,50,1,1,2,5,10,11,13,14,19,,,,,,,,,,,,
2481748,56526,Russia,4650240508,1779802650000,2026-05-26T13:37:30+00:00,50,2,1,4,5,7,9,10,15,20,,,,,,,,,,,,
2481634,56526,Russia,4650240406,1779801750000,2026-05-26T13:22:30+00:00,60,,,,,,,,,,,,,,,,,,,,,
2481633,56526,Russia,4650240289,1779800850000,2026-05-26T13:07:30+00:00,60,,,,,,,,,,,,,,,,,,,,,
2481654,56526,Russia,4650240169,1779799950000,2026-05-26T12:52:30+00:00,50,1,3,6,8,12,13,15,19,20,,,,,,,,,,,,
2481621,56526,Russia,4650240058,1779799050000,2026-05-26T12:37:30+00:00,50,3,1,5,6,7,11,12,17,18,,,,,,,,,,,,
2481592,56526,Russia,4650239950,1779798150000,2026-05-26T12:22:30+00:00,50,3,3,7,8,12,14,15,16,17,,,,,,,,,,,,
2481561,56526,Russia,4650239839,1779797250000,2026-05-26T12:07:30+00:00,50,4,1,4,7,8,13,14,17,18,,,,,,,,,,,,
2481528,56526,Russia,4650239722,1779796350000,2026-05-26T11:52:30+00:00,50,3,2,3,4,6,10,11,15,17,,,,,,,,,,,,
2481495,56526,Russia,4650239605,1779795450000,2026-05-26T11:37:30+00:00,50,3,2,3,7,9,12,13,14,20,,,,,,,,,,,,
2481466,56526,Russia,4650239500,1779794550000,2026-05-26T11:22:30+00:00,50,3,2,4,8,11,13,17,18,19,,,,,,,,,,,,
2481435,56526,Russia,4650239389,1779793650000,2026-05-26T11:07:30+00:00,50,1,2,4,9,11,12,13,16,17,,,,,,,,,,,,
2481351,56526,Russia,4650239278,1779792750000,2026-05-26T10:52:30+00:00,60,,,,,,,,,,,,,,,,,,,,,
2481371,56526,Russia,4650239158,1779791850000,2026-05-26T10:37:30+00:00,50,1,3,4,5,6,8,10,11,20,,,,,,,,,,,,
2481229,56526,Russia,4650239053,1779790950000,2026-05-26T10:22:30+00:00,60,,,,,,,,,,,,,,,,,,,,,
2481228,56526,Russia,4650238942,1779790050000,2026-05-26T10:07:30+00:00,60,,,,,,,,,,,,,,,,,,,,,
2481227,56526,Russia,4650238828,1779789150000,2026-05-26T09:52:30+00:00,60,,,,,,,,,,,,,,,,,,,,,
2481250,56526,Russia,4650238717,1779788250000,2026-05-26T09:37:30+00:00,50,3,1,2,7,8,9,12,13,18,,,,,,,,,,,,
2481218,56526,Russia,4650238612,1779787350000,2026-05-26T09:22:30+00:00,50,2,5,7,9,11,12,14,15,16,,,,,,,,,,,,
2481137,56526,Russia,4650238501,1779786450000,2026-05-26T09:07:30+00:00,60,,,,,,,,,,,,,,,,,,,,,
2481156,56526,Russia,4650238387,1779785550000,2026-05-26T08:52:30+00:00,50,4,3,4,5,7,9,14,15,16,,,,,,,,,,,,
2481125,56526,Russia,4650238276,1779784650000,2026-05-26T08:37:30+00:00,50,1,5,8,9,10,16,18,19,20,,,,,,,,,,,,
2481096,56526,Russia,4650238171,1779783750000,2026-05-26T08:22:30+00:00,50,4,1,4,6,7,8,10,12,15,,,,,,,,,,,,
2481065,56526,Russia,4650238060,1779782850000,2026-05-26T08:07:30+00:00,50,4,1,2,6,13,14,17,18,19,,,,,,,,,,,,
2481033,56526,Russia,4650237949,1779781950000,2026-05-26T07:52:30+00:00,50,2,1,2,6,9,13,14,17,18,,,,,,,,,,,,
2481002,56526,Russia,4650237838,1779781050000,2026-05-26T07:37:30+00:00,50,4,1,4,5,7,8,9,13,18,,,,,,,,,,,,
2480859,56526,Russia,4650237733,1779780150000,2026-05-26T07:22:30+00:00,60,,,,,,,,,,,,,,,,,,,,,
2480858,56526,Russia,4650237622,1779779250000,2026-05-26T07:07:30+00:00,60,,,,,,,,,,,,,,,,,,,,,
2480857,56526,Russia,4650237508,1779778350000,2026-05-26T06:52:30+00:00,60,,,,,,,,,,,,,,,,,,,,,
2480879,56526,Russia,4650237397,1779777450000,2026-05-26T06:37:30+00:00,50,3,4,6,7,8,11,13,15,17,,,,,,,,,,,,
2480848,56526,Russia,4650237295,1779776550000,2026-05-26T06:22:30+00:00,50,3,2,3,8,9,11,14,19,20,,,,,,,,,,,,
2480817,56526,Russia,4650237184,1779775650000,2026-05-26T06:07:30+00:00,50,2,4,8,9,10,13,14,15,19,,,,,,,,,,,,
2480789,56526,Russia,4650237082,1779774750000,2026-05-26T05:52:30+00:00,50,1,4,5,8,12,14,15,17,20,,,,,,,,,,,,
2480762,56526,Russia,4650236980,1779773850000,2026-05-26T05:37:30+00:00,50,2,3,10,11,13,16,18,19,20,,,,,,,,,,,,
2480737,56526,Russia,4650236887,1779772950000,2026-05-26T05:22:30+00:00,50,1,1,2,8,9,10,12,15,16,,,,,,,,,,,,
2480709,56526,Russia,4650236785,1779772050000,2026-05-26T05:07:30+00:00,50,1,4,7,10,12,14,16,19,20,,,,,,,,,,,,
2480684,56526,Russia,4650236695,1779771150000,2026-05-26T04:52:30+00:00,50,3,2,3,5,7,8,12,16,20,,,,,,,,,,,,
2480660,56526,Russia,4650236605,1779770250000,2026-05-26T04:37:30+00:00,50,1,4,5,6,8,9,10,11,12,,,,,,,,,,,,
2480640,56526,Russia,4650236527,1779769350000,2026-05-26T04:22:30+00:00,50,1,3,10,13,15,16,18,19,20,,,,,,,,,,,,
2480620,56526,Russia,4650236449,1779768450000,2026-05-26T04:07:30+00:00,50,1,6,7,8,9,11,14,18,19,,,,,,,,,,,,
2480600,56526,Russia,4650236377,1779767550000,2026-05-26T03:52:30+00:00,50,1,6,8,9,10,13,14,15,20,,,,,,,,,,,,
2480578,56526,Russia,4650236299,1779766650000,2026-05-26T03:37:30+00:00,50,2,5,7,9,11,13,14,15,20,,,,,,,,,,,,
2480556,56526,Russia,4650236224,1779765750000,2026-05-26T03:22:30+00:00,50,1,2,4,10,14,16,18,19,20,,,,,,,,,,,,
2480527,56526,Russia,4650236146,1779764850000,2026-05-26T03:07:30+00:00,50,3,1,3,10,12,14,16,18,20,,,,,,,,,,,,
2480504,56526,Russia,4650236074,1779763950000,2026-05-26T02:52:30+00:00,50,4,2,5,8,10,11,16,19,20,,,,,,,,,,,,
2480483,56526,Russia,4650235996,1779763050000,2026-05-26T02:37:30+00:00,50,3,4,6,10,11,14,15,18,19,,,,,,,,,,,,
2480457,56526,Russia,4650235921,1779762150000,2026-05-26T02:22:30+00:00,50,1,2,4,7,10,13,16,17,20,,,,,,,,,,,,
2480432,56526,Russia,4650235843,1779761250000,2026-05-26T02:07:30+00:00,50,4,1,4,6,10,11,13,18,19,,,,,,,,,,,,
2480410,56526,Russia,4650235771,1779760350000,2026-05-26T01:52:30+00:00,50,3,2,4,5,6,7,10,16,17,,,,,,,,,,,,
2480392,56526,Russia,4650235693,1779759450000,2026-05-26T01:37:30+00:00,50,4,1,8,10,14,15,16,19,20,,,,,,,,,,,,
2480370,56526,Russia,4650235618,1779758550000,2026-05-26T01:22:30+00:00,50,2,3,4,6,8,16,17,18,19,,,,,,,,,,,,
2480350,56526,Russia,4650235540,1779757650000,2026-05-26T01:07:30+00:00,50,3,2,9,11,12,14,16,17,18,,,,,,,,,,,,
2480327,56526,Russia,4650235468,1779756750000,2026-05-26T00:52:30+00:00,50,2,1,4,7,12,13,14,15,18,,,,,,,,,,,,
2480307,56526,Russia,4650235390,1779755850000,2026-05-26T00:37:30+00:00,50,4,7,8,10,12,13,15,18,20,,,,,,,,,,,,
2480288,56526,Russia,4650235315,1779754950000,2026-05-26T00:22:30+00:00,50,3,4,5,7,8,9,12,16,17,,,,,,,,,,,,
2480267,56526,Russia,4650235237,1779754050000,2026-05-26T00:07:30+00:00,50,4,1,4,7,12,13,14,18,20,,,,,,,,,,,,
2480244,56526,Russia,4648165102,1779753150000,2026-05-25T23:52:30+00:00,50,4,5,9,10,11,12,15,17,19,,,,,,,,,,,,
2480222,56526,Russia,4648165024,1779752250000,2026-05-25T23:37:30+00:00,50,3,2,4,9,11,12,16,18,20,,,,,,,,,,,,
2480200,56526,Russia,4648164949,1779751350000,2026-05-25T23:22:30+00:00,50,2,1,3,4,7,9,12,14,16,,,,,,,,,,,,
2480175,56526,Russia,4648164871,1779750450000,2026-05-25T23:07:30+00:00,50,4,4,8,9,11,15,17,19,20,,,,,,,,,,,,
2480150,56526,Russia,4648164799,1779749550000,2026-05-25T22:52:30+00:00,50,1,1,6,8,9,11,14,15,19,,,,,,,,,,,,
2480127,56526,Russia,4648164721,1779748650000,2026-05-25T22:37:30+00:00,50,4,2,3,4,9,14,15,18,20,,,,,,,,,,,,
2480105,56526,Russia,4648164646,1779747750000,2026-05-25T22:22:30+00:00,50,2,1,3,10,11,12,15,17,20,,,,,,,,,,,,
2480085,56526,Russia,4648164577,1779746850000,2026-05-25T22:07:30+00:00,50,2,1,5,7,9,11,12,18,20,,,,,,,,,,,,
2480065,56526,Russia,4648164535,1779745950000,2026-05-25T21:52:30+00:00,50,4,1,2,5,6,9,10,11,18,,,,,,,,,,,,
2480035,56526,Russia,4648164511,1779745050000,2026-05-25T21:37:30+00:00,50,3,1,4,5,9,10,12,17,19,,,,,,,,,,,,
2480007,56526,Russia,4648164487,1779744150000,2026-05-25T21:22:30+00:00,50,1,1,4,6,9,11,15,18,19,,,,,,,,,,,,
2479977,56526,Russia,4648164466,1779743250000,2026-05-25T21:07:30+00:00,50,4,5,6,8,13,14,15,16,20,,,,,,,,,,,,
2479946,56526,Russia,4648163239,1779742350000,2026-05-25T20:52:30+00:00,50,2,2,6,8,9,10,15,16,17,,,,,,,,,,,,
2479915,56526,Russia,4648163134,1779741450000,2026-05-25T20:37:30+00:00,50,3,2,3,4,5,6,11,14,17,,,,,,,,,,,,
2479826,56526,Russia,4648163041,1779740550000,2026-05-25T20:22:30+00:00,60,,,,,,,,,,,,,,,,,,,,,
2479851,56526,Russia,4648162933,1779739650000,2026-05-25T20:07:30+00:00,50,3,1,4,7,9,11,14,16,18,,,,,,,,,,,,
2479817,56526,Russia,4648162819,1779738750000,2026-05-25T19:52:30+00:00,50,1,4,5,6,13,15,16,17,18,,,,,,,,,,,,
2479785,56526,Russia,4648162699,1779737850000,2026-05-25T19:37:30+00:00,50,4,1,4,5,8,10,15,17,19,,,,,,,,,,,,
2479635,56526,Russia,4648162591,1779736950000,2026-05-25T19:22:30+00:00,60,,,,,,,,,,,,,,,,,,,,,
2479634,56526,Russia,4648162480,1779736050000,2026-05-25T19:07:30+00:00,60,,,,,,,,,,,,,,,,,,,,,
2479633,56526,Russia,4648162363,1779735150000,2026-05-25T18:52:30+00:00,60,,,,,,,,,,,,,,,,,,,,,
2479659,56526,Russia,4648162246,1779734250000,2026-05-25T18:37:30+00:00,50,2,1,8,10,12,13,15,17,18,,,,,,,,,,,,
2479624,56526,Russia,4648162123,1779733350000,2026-05-25T18:22:30+00:00,50,1,1,2,4,8,12,14,16,18,,,,,,,,,,,,
2479591,56526,Russia,4648162006,1779732450000,2026-05-25T18:07:30+00:00,50,1,9,12,14,15,16,17,19,20,,,,,,,,,,,,
2479558,56526,Russia,4648161880,1779731550000,2026-05-25T17:52:30+00:00,50,3,2,3,10,11,14,15,16,18,,,,,,,,,,,,
2479527,56526,Russia,4648161766,1779730650000,2026-05-25T17:37:30+00:00,50,3,5,11,12,13,16,17,18,19,,,,,,,,,,,,
2479498,56526,Russia,4648161658,1779729750000,2026-05-25T17:22:30+00:00,50,3,3,4,5,8,11,13,14,18,,,,,,,,,,,,
2479377,56526,Russia,4648161544,1779728850000,2026-05-25T17:07:30+00:00,60,,,,,,,,,,,,,,,,,,,,,
2479376,56526,Russia,4648161418,1779727950000,2026-05-25T16:52:30+00:00,60,,,,,,,,,,,,,,,,,,,,,
2479398,56526,Russia,4648161298,1779727050000,2026-05-25T16:37:30+00:00,50,3,2,3,8,10,11,16,17,18,,,,,,,,,,,,
2479364,56526,Russia,4648161187,1779726150000,2026-05-25T16:22:30+00:00,50,3,3,5,8,14,15,16,19,20,,,,,,,,,,,,
2479333,56526,Russia,4648161076,1779725250000,2026-05-25T16:07:30+00:00,50,3,1,3,5,6,7,8,13,16,,,,,,,,,,,,
2479300,56526,Russia,4648160962,1779724350000,2026-05-25T15:52:30+00:00,50,3,1,3,4,8,10,12,14,19,,,,,,,,,,,,
2479265,56526,Russia,4648160839,1779723450000,2026-05-25T15:37:30+00:00,50,4,1,3,6,7,8,9,15,19,,,,,,,,,,,,
2479125,56526,Russia,4648160731,1779722550000,2026-05-25T15:22:30+00:00,60,,,,,,,,,,,,,,,,,,,,,
2479124,56526,Russia,4648160620,1779721650000,2026-05-25T15:07:30+00:00,60,,,,,,,,,,,,,,,,,,,,,
2479123,56526,Russia,4648160503,1779720750000,2026-05-25T14:52:30+00:00,60,,,,,,,,,,,,,,,,,,,,,
2479146,56526,Russia,4648160392,1779719850000,2026-05-25T14:37:30+00:00,50,3,2,5,8,12,13,14,18,19,,,,,,,,,,,,
2479114,56526,Russia,4648160287,1779718950000,2026-05-25T14:22:30+00:00,50,1,1,3,4,8,12,13,17,19,,,,,,,,,,,,
2479082,56526,Russia,4648160176,1779718050000,2026-05-25T14:07:30+00:00,50,1,1,3,5,6,13,15,16,17,,,,,,,,,,,,
2479052,56526,Russia,4648160065,1779717150000,2026-05-25T13:52:30+00:00,50,2,1,8,11,14,15,16,17,18,,,,,,,,,,,,
2479021,56526,Russia,4648159954,1779716250000,2026-05-25T13:37:30+00:00,50,1,4,6,7,8,10,13,14,15,,,,,,,,,,,,
2478907,56526,Russia,4648159852,1779715350000,2026-05-25T13:22:30+00:00,60,,,,,,,,,,,,,,,,,,,,,
2478906,56526,Russia,4648159735,1779714450000,2026-05-25T13:07:30+00:00,60,,,,,,,,,,,,,,,,,,,,,
2478927,56526,Russia,4648159612,1779713550000,2026-05-25T12:52:30+00:00,50,4,2,4,8,9,14,16,18,20,,,,,,,,,,,,
2478894,56526,Russia,4648159501,1779712650000,2026-05-25T12:37:30+00:00,50,4,5,6,7,9,11,12,14,20,,,,,,,,,,,,
2478865,56526,Russia,4648159393,1779711750000,2026-05-25T12:22:30+00:00,50,3,1,3,4,13,14,15,17,18,,,,,,,,,,,,
2478830,56526,Russia,4648159282,1779710850000,2026-05-25T12:07:30+00:00,50,4,1,4,7,8,11,14,18,19,,,,,,,,,,,,
2478801,56526,Russia,4648159165,1779709950000,2026-05-25T11:52:30+00:00,50,3,7,8,10,12,13,15,18,20,,,,,,,,,,,,
2478769,56526,Russia,4648159048,1779709050000,2026-05-25T11:37:30+00:00,50,1,1,5,10,13,15,17,19,20,,,,,,,,,,,,
2478740,56526,Russia,4648158943,1779708150000,2026-05-25T11:22:30+00:00,50,3,1,3,8,12,13,16,17,18,,,,,,,,,,,,
2478707,56526,Russia,4648158832,1779707250000,2026-05-25T11:07:30+00:00,50,3,3,7,9,11,14,15,16,20,,,,,,,,,,,,
2478623,56526,Russia,4648158721,1779706350000,2026-05-25T10:52:30+00:00,60,,,,,,,,,,,,,,,,,,,,,
2478644,56526,Russia,4648158601,1779705450000,2026-05-25T10:37:30+00:00,50,3,4,7,8,14,15,16,18,20,,,,,,,,,,,,
2478499,56526,Russia,4648158493,1779704550000,2026-05-25T10:22:30+00:00,60,,,,,,,,,,,,,,,,,,,,,
2478498,56526,Russia,4648158382,1779703650000,2026-05-25T10:07:30+00:00,60,,,,,,,,,,,,,,,,,,,,,
2478497,56526,Russia,4648158268,1779702750000,2026-05-25T09:52:30+00:00,60,,,,,,,,,,,,,,,,,,,,,
2478521,56526,Russia,4648158154,1779701850000,2026-05-25T09:37:30+00:00,50,2,4,5,8,10,15,16,17,20,,,,,,,,,,,,
2478488,56526,Russia,4648158046,1779700950000,2026-05-25T09:22:30+00:00,50,4,3,8,10,13,14,16,17,20,,,,,,,,,,,,
2478408,56526,Russia,4648157935,1779700050000,2026-05-25T09:07:30+00:00,60,,,,,,,,,,,,,,,,,,,,,
2478427,56526,Russia,4648157821,1779699150000,2026-05-25T08:52:30+00:00,50,1,1,3,5,8,9,12,15,20,,,,,,,,,,,,
2478396,56526,Russia,4648157710,1779698250000,2026-05-25T08:37:30+00:00,50,3,3,6,9,11,12,14,15,18,,,,,,,,,,,,
2478366,56526,Russia,4648157605,1779697350000,2026-05-25T08:22:30+00:00,50,4,4,10,12,15,16,17,18,20,,,,,,,,,,,,
2478334,56526,Russia,4648157494,1779696450000,2026-05-25T08:07:30+00:00,50,3,4,6,7,8,13,16,18,20,,,,,,,,,,,,
2478304,56526,Russia,4648157383,1779695550000,2026-05-25T07:52:30+00:00,50,3,2,5,6,9,13,14,16,19,,,,,,,,,,,,
2478273,56526,Russia,4648157272,1779694650000,2026-05-25T07:37:30+00:00,50,4,1,3,4,9,11,12,17,20,,,,,,,,,,,,
2478130,56526,Russia,4648157167,1779693750000,2026-05-25T07:22:30+00:00,60,,,,,,,,,,,,,,,,,,,,,
2478129,56526,Russia,4648157056,1779692850000,2026-05-25T07:07:30+00:00,60,,,,,,,,,,,,,,,,,,,,,
2478128,56526,Russia,4648156942,1779691950000,2026-05-25T06:52:30+00:00,60,,,,,,,,,,,,,,,,,,,,,
2478150,56526,Russia,4648156831,1779691050000,2026-05-25T06:37:30+00:00,50,3,1,3,9,14,17,18,19,20,,,,,,,,,,,,
2478119,56526,Russia,4648156729,1779690150000,2026-05-25T06:22:30+00:00,50,3,1,3,5,6,15,16,17,19,,,,,,,,,,,,
2478088,56526,Russia,4648156618,1779689250000,2026-05-25T06:07:30+00:00,50,2,2,9,10,12,13,14,17,19,,,,,,,,,,,,
2478060,56526,Russia,4648156516,1779688350000,2026-05-25T05:52:30+00:00,50,2,1,2,3,5,7,9,14,19,,,,,,,,,,,,
2478033,56526,Russia,4648156414,1779687450000,2026-05-25T05:37:30+00:00,50,3,2,6,7,8,9,11,15,17,,,,,,,,,,,,
2478008,56526,Russia,4648156321,1779686550000,2026-05-25T05:22:30+00:00,50,3,1,2,9,13,14,16,17,20,,,,,,,,,,,,
2477980,56526,Russia,4648156219,1779685650000,2026-05-25T05:07:30+00:00,50,2,3,4,7,10,11,12,17,18,,,,,,,,,,,,
2477955,56526,Russia,4648156129,1779684750000,2026-05-25T04:52:30+00:00,50,4,3,6,8,11,14,17,18,19,,,,,,,,,,,,
2477931,56526,Russia,4648156039,1779683850000,2026-05-25T04:37:30+00:00,50,2,6,7,8,13,14,17,18,20,,,,,,,,,,,,
2477911,56526,Russia,4648155961,1779682950000,2026-05-25T04:22:30+00:00,50,1,1,2,3,11,12,15,18,19,,,,,,,,,,,,
2477891,56526,Russia,4648155883,1779682050000,2026-05-25T04:07:30+00:00,50,2,1,5,6,9,11,14,15,17,,,,,,,,,,,,
2477869,56526,Russia,4648155811,1779681150000,2026-05-25T03:52:30+00:00,50,4,1,2,3,6,8,10,15,18,,,,,,,,,,,,
2477852,56526,Russia,4648155733,1779680250000,2026-05-25T03:37:30+00:00,50,4,4,5,6,7,8,9,13,16,,,,,,,,,,,,
2477832,56526,Russia,4648155658,1779679350000,2026-05-25T03:22:30+00:00,50,2,1,2,6,7,8,11,15,17,,,,,,,,,,,,
2477801,56526,Russia,4648155580,1779678450000,2026-05-25T03:07:30+00:00,50,3,1,2,6,9,10,11,13,20,,,,,,,,,,,,
2477782,56526,Russia,4648155508,1779677550000,2026-05-25T02:52:30+00:00,50,3,1,5,6,8,13,15,16,19,,,,,,,,,,,,
2477761,56526,Russia,4648155430,1779676650000,2026-05-25T02:37:30+00:00,50,3,1,5,6,8,10,11,18,19,,,,,,,,,,,,
2477738,56526,Russia,4648155355,1779675750000,2026-05-25T02:22:30+00:00,50,2,2,3,6,8,9,11,16,20,,,,,,,,,,,,
2477716,56526,Russia,4648155277,1779674850000,2026-05-25T02:07:30+00:00,50,2,5,7,8,12,13,14,16,18,,,,,,,,,,,,
2477693,56526,Russia,4648155205,1779673950000,2026-05-25T01:52:30+00:00,50,3,2,3,6,10,11,16,18,20,,,,,,,,,,,,
2477677,56526,Russia,4648155127,1779673050000,2026-05-25T01:37:30+00:00,50,1,3,6,8,10,12,15,16,20,,,,,,,,,,,,
2477653,56526,Russia,4648155052,1779672150000,2026-05-25T01:22:30+00:00,50,1,2,4,6,7,12,13,15,20,,,,,,,,,,,,
2477631,56526,Russia,4648154974,1779671250000,2026-05-25T01:07:30+00:00,50,1,3,4,6,7,9,16,19,20,,,,,,,,,,,,
2477608,56526,Russia,4648154902,1779670350000,2026-05-25T00:52:30+00:00,50,4,3,5,6,9,11,12,17,20,,,,,,,,,,,,
2477588,56526,Russia,4648154824,1779669450000,2026-05-25T00:37:30+00:00,50,1,2,7,8,13,14,15,18,20,,,,,,,,,,,,
2477568,56526,Russia,4648154749,1779668550000,2026-05-25T00:22:30+00:00,50,3,1,8,9,10,12,13,17,18,,,,,,,,,,,,
2477547,56526,Russia,4648154671,1779667650000,2026-05-25T00:07:30+00:00,50,3,1,2,6,7,10,11,12,20,,,,,,,,,,,,
2477525,56526,Russia,4646205214,1779666750000,2026-05-24T23:52:30+00:00,50,1,4,6,7,8,10,13,14,18,,,,,,,,,,,,
2477507,56526,Russia,4646205136,1779665850000,2026-05-24T23:37:30+00:00,50,1,3,6,8,10,11,18,19,20,,,,,,,,,,,,
2477485,56526,Russia,4646205061,1779664950000,2026-05-24T23:22:30+00:00,50,4,4,5,6,9,13,14,17,20,,,,,,,,,,,,
2477465,56526,Russia,4646204983,1779664050000,2026-05-24T23:07:30+00:00,50,2,4,5,10,12,14,17,19,20,,,,,,,,,,,,
2477440,56526,Russia,4646204911,1779663150000,2026-05-24T22:52:30+00:00,50,4,2,3,4,6,11,17,18,19,,,,,,,,,,,,
2477417,56526,Russia,4646204833,1779662250000,2026-05-24T22:37:30+00:00,50,3,5,7,8,9,12,17,18,20,,,,,,,,,,,,
2477395,56526,Russia,4646204758,1779661350000,2026-05-24T22:22:30+00:00,50,3,1,2,4,5,8,11,17,19,,,,,,,,,,,,
2477375,56526,Russia,4646204689,1779660450000,2026-05-24T22:07:30+00:00,50,3,6,7,8,12,15,16,17,18,,,,,,,,,,,,
2477355,56526,Russia,4646204647,1779659550000,2026-05-24T21:52:30+00:00,50,2,1,2,11,13,16,18,19,20,,,,,,,,,,,,
2477325,56526,Russia,4646204623,1779658650000,2026-05-24T21:37:30+00:00,50,4,1,4,5,10,14,16,19,20,,,,,,,,,,,,
2477297,56526,Russia,4646204599,1779657750000,2026-05-24T21:22:30+00:00,50,1,1,8,9,10,12,14,19,20,,,,,,,,,,,,
2477265,56526,Russia,4646204578,1779656850000,2026-05-24T21:07:30+00:00,50,4,1,4,7,9,10,16,18,20,,,,,,,,,,,,
2477235,56526,Russia,4646203372,1779655950000,2026-05-24T20:52:30+00:00,50,3,1,4,7,8,9,14,15,17,,,,,,,,,,,,
2477204,56526,Russia,4646203267,1779655050000,2026-05-24T20:37:30+00:00,50,2,3,7,8,9,12,13,14,20,,,,,,,,,,,,
2477117,56526,Russia,4646203174,1779654150000,2026-05-24T20:22:30+00:00,60,,,,,,,,,,,,,,,,,,,,,
2477143,56526,Russia,4646203066,1779653250000,2026-05-24T20:07:30+00:00,50,3,1,5,6,8,9,10,14,16,,,,,,,,,,,,
2477108,56526,Russia,4646202952,1779652350000,2026-05-24T19:52:30+00:00,50,4,1,8,10,13,16,17,18,19,,,,,,,,,,,,
2477077,56526,Russia,4646202835,1779651450000,2026-05-24T19:37:30+00:00,50,4,3,4,5,6,11,15,17,20,,,,,,,,,,,,
2476928,56526,Russia,4646202724,1779650550000,2026-05-24T19:22:30+00:00,60,,,,,,,,,,,,,,,,,,,,,
2476927,56526,Russia,4646202613,1779649650000,2026-05-24T19:07:30+00:00,60,,,,,,,,,,,,,,,,,,,,,
2476926,56526,Russia,4646202493,1779648750000,2026-05-24T18:52:30+00:00,60,,,,,,,,,,,,,,,,,,,,,
2476951,56526,Russia,4646202379,1779647850000,2026-05-24T18:37:30+00:00,50,1,4,5,7,8,9,11,15,18,,,,,,,,,,,,
2476917,56526,Russia,4646202262,1779646950000,2026-05-24T18:22:30+00:00,50,4,1,2,8,10,12,13,14,19,,,,,,,,,,,,
2476885,56526,Russia,4646202151,1779646050000,2026-05-24T18:07:30+00:00,50,1,5,7,8,10,14,15,16,19,,,,,,,,,,,,
2476852,56526,Russia,4646202025,1779645150000,2026-05-24T17:52:30+00:00,50,4,2,5,7,8,10,11,14,20,,,,,,,,,,,,
2476819,56526,Russia,4646201911,1779644250000,2026-05-24T17:37:30+00:00,50,2,1,5,6,7,8,10,16,20,,,,,,,,,,,,
2476791,56526,Russia,4646201806,1779643350000,2026-05-24T17:22:30+00:00,50,1,3,5,8,9,11,14,16,17,,,,,,,,,,,,
2476669,56526,Russia,4646201689,1779642450000,2026-05-24T17:07:30+00:00,60,,,,,,,,,,,,,,,,,,,,,
2476668,56526,Russia,4646201563,1779641550000,2026-05-24T16:52:30+00:00,60,,,,,,,,,,,,,,,,,,,,,
2476691,56526,Russia,4646201443,1779640650000,2026-05-24T16:37:30+00:00,50,1,5,8,10,12,14,15,16,20,,,,,,,,,,,,
2476657,56526,Russia,4646201332,1779639750000,2026-05-24T16:22:30+00:00,50,3,2,4,8,10,11,12,14,17,,,,,,,,,,,,
2476627,56526,Russia,4646201221,1779638850000,2026-05-24T16:07:30+00:00,50,4,5,6,8,13,14,15,16,17,,,,,,,,,,,,
2476593,56526,Russia,4646201107,1779637950000,2026-05-24T15:52:30+00:00,50,1,1,4,7,10,11,17,19,20,,,,,,,,,,,,
2476558,56526,Russia,4646200987,1779637050000,2026-05-24T15:37:30+00:00,50,3,1,2,4,8,9,13,14,16,,,,,,,,,,,,
2476419,56526,Russia,4646200873,1779636150000,2026-05-24T15:22:30+00:00,60,,,,,,,,,,,,,,,,,,,,,
2476418,56526,Russia,4646200762,1779635250000,2026-05-24T15:07:30+00:00,60,,,,,,,,,,,,,,,,,,,,,
2476417,56526,Russia,4646200648,1779634350000,2026-05-24T14:52:30+00:00,60,,,,,,,,,,,,,,,,,,,,,
2476440,56526,Russia,4646200537,1779633450000,2026-05-24T14:37:30+00:00,50,3,3,6,7,11,13,14,16,20,,,,,,,,,,,,
2476408,56526,Russia,4646200432,1779632550000,2026-05-24T14:22:30+00:00,50,3,7,8,9,10,11,13,16,18,,,,,,,,,,,,
2476376,56526,Russia,4646200321,1779631650000,2026-05-24T14:07:30+00:00,50,2,1,4,5,7,13,14,16,17,,,,,,,,,,,,
2476346,56526,Russia,4646200210,1779630750000,2026-05-24T13:52:30+00:00,50,1,3,6,9,14,16,17,18,19,,,,,,,,,,,,
2476315,56526,Russia,4646200099,1779629850000,2026-05-24T13:37:30+00:00,50,1,1,2,3,5,8,11,14,19,,,,,,,,,,,,
2476202,56526,Russia,4646199997,1779628950000,2026-05-24T13:22:30+00:00,60,,,,,,,,,,,,,,,,,,,,,
2476201,56526,Russia,4646199880,1779628050000,2026-05-24T13:07:30+00:00,60,,,,,,,,,,,,,,,,,,,,,
2476222,56526,Russia,4646199760,1779627150000,2026-05-24T12:52:30+00:00,50,1,2,4,6,7,11,16,19,20,,,,,,,,,,,,
2476188,56526,Russia,4646199649,1779626250000,2026-05-24T12:37:30+00:00,50,1,1,2,11,12,13,15,19,20,,,,,,,,,,,,
2476160,56526,Russia,4646199541,1779625350000,2026-05-24T12:22:30+00:00,50,1,1,2,4,7,14,16,17,20,,,,,,,,,,,,
2476129,56526,Russia,4646199430,1779624450000,2026-05-24T12:07:30+00:00,50,3,3,4,8,11,13,15,17,20,,,,,,,,,,,,
2476096,56526,Russia,4646199313,1779623550000,2026-05-24T11:52:30+00:00,50,3,2,3,4,6,7,8,15,20,,,,,,,,,,,,
2476064,56526,Russia,4646199196,1779622650000,2026-05-24T11:37:30+00:00,50,1,4,5,7,15,16,17,18,19,,,,,,,,,,,,
2476034,56526,Russia,4646199091,1779621750000,2026-05-24T11:22:30+00:00,50,4,6,8,9,10,11,14,16,19,,,,,,,,,,,,
2476002,56526,Russia,4646198980,1779620850000,2026-05-24T11:07:30+00:00,50,3,1,2,4,10,12,13,17,18,,,,,,,,,,,,
2475918,56526,Russia,4646198869,1779619950000,2026-05-24T10:52:30+00:00,60,,,,,,,,,,,,,,,,,,,,,
2475939,56526,Russia,4646198749,1779619050000,2026-05-24T10:37:30+00:00,50,1,1,5,6,7,10,11,17,19,,,,,,,,,,,,
2475798,56526,Russia,4646198644,1779618150000,2026-05-24T10:22:30+00:00,60,,,,,,,,,,,,,,,,,,,,,
2475797,56526,Russia,4646198533,1779617250000,2026-05-24T10:07:30+00:00,60,,,,,,,,,,,,,,,,,,,,,
2475796,56526,Russia,4646198419,1779616350000,2026-05-24T09:52:30+00:00,60,,,,,,,,,,,,,,,,,,,,,
2475819,56526,Russia,4646198308,1779615450000,2026-05-24T09:37:30+00:00,50,2,1,7,8,9,12,15,16,20,,,,,,,,,,,,
2475787,56526,Russia,4646198203,1779614550000,2026-05-24T09:22:30+00:00,50,3,2,4,6,10,12,13,18,19,,,,,,,,,,,,
2475704,56526,Russia,4646198092,1779613650000,2026-05-24T09:07:30+00:00,60,,,,,,,,,,,,,,,,,,,,,
2475724,56526,Russia,4646197978,1779612750000,2026-05-24T08:52:30+00:00,50,3,2,6,8,10,11,15,17,18,,,,,,,,,,,,
2475692,56526,Russia,4646197867,1779611850000,2026-05-24T08:37:30+00:00,50,1,5,7,8,10,12,15,17,18,,,,,,,,,,,,
2475664,56526,Russia,4646197762,1779610950000,2026-05-24T08:22:30+00:00,50,4,1,2,7,9,10,14,16,19,,,,,,,,,,,,
2475633,56526,Russia,4646197651,1779610050000,2026-05-24T08:07:30+00:00,50,4,2,5,11,12,14,17,18,19,,,,,,,,,,,,
2475601,56526,Russia,4646197540,1779609150000,2026-05-24T07:52:30+00:00,50,3,2,6,9,11,13,14,18,20,,,,,,,,,,,,
2475570,56526,Russia,4646197429,1779608250000,2026-05-24T07:37:30+00:00,50,1,4,7,8,11,12,13,14,15,,,,,,,,,,,,
2475427,56526,Russia,4646197324,1779607350000,2026-05-24T07:22:30+00:00,60,,,,,,,,,,,,,,,,,,,,,
2475426,56526,Russia,4646197213,1779606450000,2026-05-24T07:07:30+00:00,60,,,,,,,,,,,,,,,,,,,,,
2475425,56526,Russia,4646197099,1779605550000,2026-05-24T06:52:30+00:00,60,,,,,,,,,,,,,,,,,,,,,
2475447,56526,Russia,4646196988,1779604650000,2026-05-24T06:37:30+00:00,50,3,2,3,4,6,7,11,12,17,,,,,,,,,,,,
2475416,56526,Russia,4646196886,1779603750000,2026-05-24T06:22:30+00:00,50,3,2,7,8,10,11,17,18,19,,,,,,,,,,,,
2475385,56526,Russia,4646196775,1779602850000,2026-05-24T06:07:30+00:00,50,4,6,7,12,13,15,16,17,19,,,,,,,,,,,,
2475357,56526,Russia,4646196673,1779601950000,2026-05-24T05:52:30+00:00,50,3,1,3,4,5,10,14,16,20,,,,,,,,,,,,
2475330,56526,Russia,4646196571,1779601050000,2026-05-24T05:37:30+00:00,50,4,1,2,3,4,7,10,11,13,,,,,,,,,,,,
2475304,56526,Russia,4646196478,1779600150000,2026-05-24T05:22:30+00:00,50,1,2,3,7,8,9,15,18,20,,,,,,,,,,,,
2475275,56526,Russia,4646196376,1779599250000,2026-05-24T05:07:30+00:00,50,4,3,7,9,12,14,16,17,19,,,,,,,,,,,,
2475250,56526,Russia,4646196286,1779598350000,2026-05-24T04:52:30+00:00,50,2,4,5,6,7,9,10,13,14,,,,,,,,,,,,
2475226,56526,Russia,4646196196,1779597450000,2026-05-24T04:37:30+00:00,50,4,1,3,8,10,12,14,16,19,,,,,,,,,,,,
2475206,56526,Russia,4646196118,1779596550000,2026-05-24T04:22:30+00:00,50,1,1,4,7,10,13,14,15,20,,,,,,,,,,,,
2475184,56526,Russia,4646196040,1779595650000,2026-05-24T04:07:30+00:00,50,3,1,2,3,4,5,6,7,8,,,,,,,,,,,,
2475161,56526,Russia,4646195968,1779594750000,2026-05-24T03:52:30+00:00,50,3,3,7,8,9,12,13,16,19,,,,,,,,,,,,
2475138,56526,Russia,4646195890,1779593850000,2026-05-24T03:37:30+00:00,50,1,3,8,9,12,16,18,19,20,,,,,,,,,,,,
2475116,56526,Russia,4646195815,1779592950000,2026-05-24T03:22:30+00:00,50,4,1,4,5,7,8,13,15,18,,,,,,,,,,,,
2475086,56526,Russia,4646195737,1779592050000,2026-05-24T03:07:30+00:00,50,2,1,2,4,11,13,16,18,19,,,,,,,,,,,,
2475062,56526,Russia,4646195665,1779591150000,2026-05-24T02:52:30+00:00,50,1,1,6,9,13,15,16,18,19,,,,,,,,,,,,
2475039,56526,Russia,4646195587,1779590250000,2026-05-24T02:37:30+00:00,50,4,2,4,7,11,12,13,17,19,,,,,,,,,,,,
2475014,56526,Russia,4646195512,1779589350000,2026-05-24T02:22:30+00:00,50,2,2,3,6,7,8,9,14,19,,,,,,,,,,,,
2474990,56526,Russia,4646195434,1779588450000,2026-05-24T02:07:30+00:00,50,3,3,5,6,11,16,17,18,20,,,,,,,,,,,,
2474968,56526,Russia,4646195362,1779587550000,2026-05-24T01:52:30+00:00,50,1,4,6,7,8,11,14,15,20,,,,,,,,,,,,
2474947,56526,Russia,4646195284,1779586650000,2026-05-24T01:37:30+00:00,50,3,1,2,4,9,14,15,17,19,,,,,,,,,,,,
2474928,56526,Russia,4646195209,1779585750000,2026-05-24T01:22:30+00:00,50,4,1,3,6,7,9,11,14,20,,,,,,,,,,,,
2474903,56526,Russia,4646195131,1779584850000,2026-05-24T01:07:30+00:00,50,4,2,6,8,9,12,13,15,19,,,,,,,,,,,,
2474876,56526,Russia,4646195059,1779583950000,2026-05-24T00:52:30+00:00,50,4,1,4,5,9,10,11,15,17,,,,,,,,,,,,
2474855,56526,Russia,4646194981,1779583050000,2026-05-24T00:37:30+00:00,50,4,2,4,6,9,10,12,16,17,,,,,,,,,,,,
2474837,56526,Russia,4646194906,1779582150000,2026-05-24T00:22:30+00:00,50,4,1,2,14,15,16,18,19,20,,,,,,,,,,,,
2474816,56526,Russia,4646194828,1779581250000,2026-05-24T00:07:30+00:00,50,2,5,6,9,12,13,15,17,18,,,,,,,,,,,,
2474799,56526,Russia,4644509761,1779580350000,2026-05-23T23:52:30+00:00,50,1,2,7,8,9,10,11,16,17,,,,,,,,,,,,
2474778,56526,Russia,4644509683,1779579450000,2026-05-23T23:37:30+00:00,50,1,1,2,10,11,12,15,16,17,,,,,,,,,,,,
2474757,56526,Russia,4644509608,1779578550000,2026-05-23T23:22:30+00:00,50,2,2,3,6,7,8,13,16,19,,,,,,,,,,,,
2474735,56526,Russia,4644509530,1779577650000,2026-05-23T23:07:30+00:00,50,3,1,3,5,10,14,18,19,20,,,,,,,,,,,,
2474711,56526,Russia,4644509458,1779576750000,2026-05-23T22:52:30+00:00,50,3,2,4,5,6,7,10,12,20,,,,,,,,,,,,
2474688,56526,Russia,4644509380,1779575850000,2026-05-23T22:37:30+00:00,50,3,2,3,5,6,13,14,15,18,,,,,,,,,,,,
2474666,56526,Russia,4644509305,1779574950000,2026-05-23T22:22:30+00:00,50,2,2,5,8,10,11,12,14,15,,,,,,,,,,,,
2474646,56526,Russia,4644509236,1779574050000,2026-05-23T22:07:30+00:00,50,3,3,5,6,8,10,11,12,18,,,,,,,,,,,,
2474626,56526,Russia,4644509194,1779573150000,2026-05-23T21:52:30+00:00,50,1,2,5,8,9,12,15,16,18,,,,,,,,,,,,
2474596,56526,Russia,4644509170,1779572250000,2026-05-23T21:37:30+00:00,50,2,2,5,6,9,11,13,17,18,,,,,,,,,,,,
2474568,56526,Russia,4644509146,1779571350000,2026-05-23T21:22:30+00:00,50,4,2,3,5,8,9,11,19,20,,,,,,,,,,,,
2474538,56526,Russia,4644509125,1779570450000,2026-05-23T21:07:30+00:00,50,4,1,2,7,10,15,18,19,20,,,,,,,,,,,,
2474507,56526,Russia,4644507907,1779569550000,2026-05-23T20:52:30+00:00,50,2,2,4,7,8,10,16,17,20,,,,,,,,,,,,
2474476,56526,Russia,4644507802,1779568650000,2026-05-23T20:37:30+00:00,50,3,1,2,4,10,12,13,17,19,,,,,,,,,,,,
2474382,56526,Russia,4644507709,1779567750000,2026-05-23T20:22:30+00:00,60,,,,,,,,,,,,,,,,,,,,,
2474405,56526,Russia,4644507601,1779566850000,2026-05-23T20:07:30+00:00,50,4,1,6,7,9,10,12,18,20,,,,,,,,,,,,
2474373,56526,Russia,4644507487,1779565950000,2026-05-23T19:52:30+00:00,50,4,3,5,10,12,14,15,18,19,,,,,,,,,,,,
2474341,56526,Russia,4644507361,1779565050000,2026-05-23T19:37:30+00:00,50,2,3,4,6,7,13,14,15,20,,,,,,,,,,,,
2474183,56526,Russia,4644507253,1779564150000,2026-05-23T19:22:30+00:00,60,,,,,,,,,,,,,,,,,,,,,
2474182,56526,Russia,4644507136,1779563250000,2026-05-23T19:07:30+00:00,60,,,,,,,,,,,,,,,,,,,,,
2474181,56526,Russia,4644507004,1779562350000,2026-05-23T18:52:30+00:00,60,,,,,,,,,,,,,,,,,,,,,
2474205,56526,Russia,4644506881,1779561450000,2026-05-23T18:37:30+00:00,50,1,3,5,6,7,14,15,16,20,,,,,,,,,,,,
2474169,56526,Russia,4644506755,1779560550000,2026-05-23T18:22:30+00:00,50,1,1,9,10,12,13,16,17,20,,,,,,,,,,,,
2474135,56526,Russia,4644506638,1779559650000,2026-05-23T18:07:30+00:00,50,2,2,3,4,8,16,17,19,20,,,,,,,,,,,,
2474102,56526,Russia,4644506503,1779558750000,2026-05-23T17:52:30+00:00,50,4,4,6,9,10,11,12,14,17,,,,,,,,,,,,
2474071,56526,Russia,4644506389,1779557850000,2026-05-23T17:37:30+00:00,50,3,3,4,5,6,7,14,15,18,,,,,,,,,,,,
2474034,56526,Russia,4644506278,1779556950000,2026-05-23T17:22:30+00:00,50,2,2,4,5,7,11,12,15,17,,,,,,,,,,,,
2473915,56526,Russia,4644506164,1779556050000,2026-05-23T17:07:30+00:00,60,,,,,,,,,,,,,,,,,,,,,
2473914,56526,Russia,4644506035,1779555150000,2026-05-23T16:52:30+00:00,60,,,,,,,,,,,,,,,,,,,,,
2473937,56526,Russia,4644505915,1779554250000,2026-05-23T16:37:30+00:00,50,4,2,7,9,12,13,14,17,20,,,,,,,,,,,,
2473904,56526,Russia,4644505804,1779553350000,2026-05-23T16:22:30+00:00,50,3,4,6,9,10,14,15,18,20,,,,,,,,,,,,
2473873,56526,Russia,4644505687,1779552450000,2026-05-23T16:07:30+00:00,50,4,1,2,3,4,5,6,10,13,,,,,,,,,,,,
2473838,56526,Russia,4644505570,1779551550000,2026-05-23T15:52:30+00:00,50,1,3,7,8,9,10,11,13,14,,,,,,,,,,,,
2473804,56526,Russia,4644505447,1779550650000,2026-05-23T15:37:30+00:00,50,1,1,3,5,10,12,15,18,19,,,,,,,,,,,,
2473662,56526,Russia,4644505339,1779549750000,2026-05-23T15:22:30+00:00,60,,,,,,,,,,,,,,,,,,,,,
2473661,56526,Russia,4644505228,1779548850000,2026-05-23T15:07:30+00:00,60,,,,,,,,,,,,,,,,,,,,,
2473660,56526,Russia,4644505105,1779547950000,2026-05-23T14:52:30+00:00,60,,,,,,,,,,,,,,,,,,,,,
2473685,56526,Russia,4644504994,1779547050000,2026-05-23T14:37:30+00:00,50,2,4,6,13,14,15,18,19,20,,,,,,,,,,,,
2473651,56526,Russia,4644504889,1779546150000,2026-05-23T14:22:30+00:00,50,4,2,4,6,7,9,11,12,15,,,,,,,,,,,,
2473617,56526,Russia,4644504778,1779545250000,2026-05-23T14:07:30+00:00,50,4,3,5,6,9,10,12,15,17,,,,,,,,,,,,
2473589,56526,Russia,4644504667,1779544350000,2026-05-23T13:52:30+00:00,50,2,3,5,8,9,13,14,16,17,,,,,,,,,,,,
2473558,56526,Russia,4644504556,1779543450000,2026-05-23T13:37:30+00:00,50,2,1,2,6,8,10,12,13,18,,,,,,,,,,,,
2473443,56526,Russia,4644504454,1779542550000,2026-05-23T13:22:30+00:00,60,,,,,,,,,,,,,,,,,,,,,
2473442,56526,Russia,4644504337,1779541650000,2026-05-23T13:07:30+00:00,60,,,,,,,,,,,,,,,,,,,,,
2473464,56526,Russia,4644504217,1779540750000,2026-05-23T12:52:30+00:00,50,4,1,13,14,15,16,17,18,19,,,,,,,,,,,,
2473430,56526,Russia,4644504106,1779539850000,2026-05-23T12:37:30+00:00,50,3,1,4,9,13,14,15,17,20,,,,,,,,,,,,
2473403,56526,Russia,4644503998,1779538950000,2026-05-23T12:22:30+00:00,50,3,1,2,3,4,6,10,12,15,,,,,,,,,,,,
2473370,56526,Russia,4644503887,1779538050000,2026-05-23T12:07:30+00:00,50,4,4,5,8,9,11,13,15,17,,,,,,,,,,,,
2473340,56526,Russia,4644503770,1779537150000,2026-05-23T11:52:30+00:00,50,2,2,5,7,11,14,18,19,20,,,,,,,,,,,,
2473307,56526,Russia,4644503653,1779536250000,2026-05-23T11:37:30+00:00,50,1,1,2,9,11,13,14,19,20,,,,,,,,,,,,
2473277,56526,Russia,4644503545,1779535350000,2026-05-23T11:22:30+00:00,50,1,3,7,8,10,12,17,18,20,,,,,,,,,,,,
2473246,56526,Russia,4644503434,1779534450000,2026-05-23T11:07:30+00:00,50,3,3,6,9,10,12,15,19,20,,,,,,,,,,,,
2473162,56526,Russia,4644503323,1779533550000,2026-05-23T10:52:30+00:00,60,,,,,,,,,,,,,,,,,,,,,
2473182,56526,Russia,4644503203,1779532650000,2026-05-23T10:37:30+00:00,50,4,1,2,3,4,6,8,10,19,,,,,,,,,,,,
2473040,56526,Russia,4644503098,1779531750000,2026-05-23T10:22:30+00:00,60,,,,,,,,,,,,,,,,,,,,,
2473039,56526,Russia,4644502987,1779530850000,2026-05-23T10:07:30+00:00,60,,,,,,,,,,,,,,,,,,,,,
2473038,56526,Russia,4644502873,1779529950000,2026-05-23T09:52:30+00:00,60,,,,,,,,,,,,,,,,,,,,,
2473061,56526,Russia,4644502762,1779529050000,2026-05-23T09:37:30+00:00,50,3,2,3,7,10,12,16,18,20,,,,,,,,,,,,
2473029,56526,Russia,4644502654,1779528150000,2026-05-23T09:22:30+00:00,50,2,5,7,10,13,14,15,17,18,,,,,,,,,,,,
2472947,56526,Russia,4644502543,1779527250000,2026-05-23T09:07:30+00:00,60,,,,,,,,,,,,,,,,,,,,,
2472966,56526,Russia,4644502429,1779526350000,2026-05-23T08:52:30+00:00,50,4,1,3,4,5,9,13,19,20,,,,,,,,,,,,
2472935,56526,Russia,4644502318,1779525450000,2026-05-23T08:37:30+00:00,50,2,3,6,7,8,12,14,16,17,,,,,,,,,,,,
2472906,56526,Russia,4644502213,1779524550000,2026-05-23T08:22:30+00:00,50,1,2,6,9,13,14,15,16,20,,,,,,,,,,,,
2472874,56526,Russia,4644502102,1779523650000,2026-05-23T08:07:30+00:00,50,4,1,3,7,10,11,12,17,19,,,,,,,,,,,,
2472843,56526,Russia,4644501991,1779522750000,2026-05-23T07:52:30+00:00,50,1,2,3,4,6,8,13,15,20,,,,,,,,,,,,
2472812,56526,Russia,4644501880,1779521850000,2026-05-23T07:37:30+00:00,50,1,2,3,4,7,10,12,15,17,,,,,,,,,,,,
2472669,56526,Russia,4644501772,1779520950000,2026-05-23T07:22:30+00:00,60,,,,,,,,,,,,,,,,,,,,,
2472668,56526,Russia,4644501661,1779520050000,2026-05-23T07:07:30+00:00,60,,,,,,,,,,,,,,,,,,,,,
2472667,56526,Russia,4644501547,1779519150000,2026-05-23T06:52:30+00:00,60,,,,,,,,,,,,,,,,,,,,,
2472689,56526,Russia,4644501436,1779518250000,2026-05-23T06:37:30+00:00,50,2,3,7,8,12,13,15,16,18,,,,,,,,,,,,
2472658,56526,Russia,4644501334,1779517350000,2026-05-23T06:22:30+00:00,50,2,2,3,7,8,12,13,16,20,,,,,,,,,,,,
2472627,56526,Russia,4644501223,1779516450000,2026-05-23T06:07:30+00:00,50,4,3,4,9,11,13,17,18,19,,,,,,,,,,,,
2472599,56526,Russia,4644501121,1779515550000,2026-05-23T05:52:30+00:00,50,3,2,3,4,9,10,11,16,20,,,,,,,,,,,,
2472572,56526,Russia,4644501019,1779514650000,2026-05-23T05:37:30+00:00,50,2,2,3,4,7,12,14,17,19,,,,,,,,,,,,
2472547,56526,Russia,4644500926,1779513750000,2026-05-23T05:22:30+00:00,50,1,1,11,13,15,16,17,18,20,,,,,,,,,,,,
2472517,56526,Russia,4644500824,1779512850000,2026-05-23T05:07:30+00:00,50,4,2,4,5,7,8,9,15,18,,,,,,,,,,,,
2472494,56526,Russia,4644500734,1779511950000,2026-05-23T04:52:30+00:00,50,1,4,5,6,10,12,14,19,20,,,,,,,,,,,,
2472470,56526,Russia,4644500644,1779511050000,2026-05-23T04:37:30+00:00,50,3,6,7,8,11,13,14,17,20,,,,,,,,,,,,
2472450,56526,Russia,4644500566,1779510150000,2026-05-23T04:22:30+00:00,50,4,5,9,10,14,15,17,18,19,,,,,,,,,,,,
2472430,56526,Russia,4644500488,1779509250000,2026-05-23T04:07:30+00:00,50,1,1,3,6,9,13,16,17,20,,,,,,,,,,,,
2472411,56526,Russia,4644500416,1779508350000,2026-05-23T03:52:30+00:00,50,1,4,5,6,7,9,11,13,20,,,,,,,,,,,,
2472390,56526,Russia,4644500338,1779507450000,2026-05-23T03:37:30+00:00,50,1,2,3,7,10,12,13,15,18,,,,,,,,,,,,
2472370,56526,Russia,4644500263,1779506550000,2026-05-23T03:22:30+00:00,50,3,1,2,3,8,13,15,16,18,,,,,,,,,,,,
2472338,56526,Russia,4644500185,1779505650000,2026-05-23T03:07:30+00:00,50,4,3,10,11,13,15,16,18,20,,,,,,,,,,,,
2472314,56526,Russia,4644500113,1779504750000,2026-05-23T02:52:30+00:00,50,4,1,4,10,16,17,18,19,20,,,,,,,,,,,,
2472294,56526,Russia,4644500035,1779503850000,2026-05-23T02:37:30+00:00,50,1,3,7,8,10,13,18,19,20,,,,,,,,,,,,
2472271,56526,Russia,4644499960,1779502950000,2026-05-23T02:22:30+00:00,50,1,2,3,5,9,10,12,13,19,,,,,,,,,,,,
2472247,56526,Russia,4644499882,1779502050000,2026-05-23T02:07:30+00:00,50,2,7,11,13,14,16,17,18,20,,,,,,,,,,,,
2472227,56526,Russia,4644499810,1779501150000,2026-05-23T01:52:30+00:00,50,1,1,7,8,11,13,15,16,19,,,,,,,,,,,,
2472206,56526,Russia,4644499732,1779500250000,2026-05-23T01:37:30+00:00,50,3,4,7,9,11,13,15,19,20,,,,,,,,,,,,
2472186,56526,Russia,4644499657,1779499350000,2026-05-23T01:22:30+00:00,50,2,1,4,5,8,10,11,13,14,,,,,,,,,,,,
2472166,56526,Russia,4644499579,1779498450000,2026-05-23T01:07:30+00:00,50,4,1,6,7,9,11,12,14,18,,,,,,,,,,,,
2472144,56526,Russia,4644499507,1779497550000,2026-05-23T00:52:30+00:00,50,1,3,8,9,10,13,16,17,19,,,,,,,,,,,,
2472124,56526,Russia,4644499429,1779496650000,2026-05-23T00:37:30+00:00,50,1,1,6,7,10,11,13,17,20,,,,,,,,,,,,
2472104,56526,Russia,4644499354,1779495750000,2026-05-23T00:22:30+00:00,50,4,1,4,5,7,9,11,15,18,,,,,,,,,,,,
2472084,56526,Russia,4644499276,1779494850000,2026-05-23T00:07:30+00:00,50,1,1,7,11,12,14,15,16,19,,,,,,,,,,,,
2472061,56526,Russia,4642571008,1779493950000,2026-05-22T23:52:30+00:00,50,4,3,6,8,9,11,14,16,17,,,,,,,,,,,,
2472042,56526,Russia,4642570930,1779493050000,2026-05-22T23:37:30+00:00,50,1,4,5,8,9,12,15,17,18,,,,,,,,,,,,
2472018,56526,Russia,4642570855,1779492150000,2026-05-22T23:22:30+00:00,50,1,2,5,6,7,9,12,16,20,,,,,,,,,,,,
2471997,56526,Russia,4642570777,1779491250000,2026-05-22T23:07:30+00:00,50,1,6,10,12,13,15,17,19,20,,,,,,,,,,,,
2471970,56526,Russia,4642570705,1779490350000,2026-05-22T22:52:30+00:00,50,1,3,4,5,8,16,17,18,20,,,,,,,,,,,,
2471947,56526,Russia,4642570627,1779489450000,2026-05-22T22:37:30+00:00,50,3,1,4,5,6,12,15,16,17,,,,,,,,,,,,
2471925,56526,Russia,4642570552,1779488550000,2026-05-22T22:22:30+00:00,50,2,1,4,7,8,9,12,13,19,,,,,,,,,,,,
2471905,56526,Russia,4642570483,1779487650000,2026-05-22T22:07:30+00:00,50,1,1,2,3,6,8,11,12,17,,,,,,,,,,,,
2471885,56526,Russia,4642570441,1779486750000,2026-05-22T21:52:30+00:00,50,2,1,3,4,6,8,10,11,13,,,,,,,,,,,,
2471855,56526,Russia,4642570417,1779485850000,2026-05-22T21:37:30+00:00,50,4,1,3,4,13,14,15,18,19,,,,,,,,,,,,
2471827,56526,Russia,4642570393,1779484950000,2026-05-22T21:22:30+00:00,50,1,1,5,6,7,8,10,16,20,,,,,,,,,,,,
2471797,56526,Russia,4642570372,1779484050000,2026-05-22T21:07:30+00:00,50,1,3,5,10,14,15,16,18,19,,,,,,,,,,,,
2471766,56526,Russia,4642569154,1779483150000,2026-05-22T20:52:30+00:00,50,1,3,5,6,7,10,11,12,18,,,,,,,,,,,,
2471735,56526,Russia,4642569049,1779482250000,2026-05-22T20:37:30+00:00,50,1,1,11,12,13,17,18,19,20,,,,,,,,,,,,
2471645,56526,Russia,4642568956,1779481350000,2026-05-22T20:22:30+00:00,60,,,,,,,,,,,,,,,,,,,,,
2471671,56526,Russia,4642568848,1779480450000,2026-05-22T20:07:30+00:00,50,3,1,2,3,7,8,9,11,19,,,,,,,,,,,,
2471636,56526,Russia,4642568734,1779479550000,2026-05-22T19:52:30+00:00,50,3,1,2,8,10,12,15,17,18,,,,,,,,,,,,
2471604,56526,Russia,4642568617,1779478650000,2026-05-22T19:37:30+00:00,50,3,3,6,9,10,11,12,17,19,,,,,,,,,,,,
2471453,56526,Russia,4642568509,1779477750000,2026-05-22T19:22:30+00:00,60,,,,,,,,,,,,,,,,,,,,,
2471452,56526,Russia,4642568398,1779476850000,2026-05-22T19:07:30+00:00,60,,,,,,,,,,,,,,,,,,,,,
2471451,56526,Russia,4642568272,1779475950000,2026-05-22T18:52:30+00:00,60,,,,,,,,,,,,,,,,,,,,,
2471476,56526,Russia,4642568152,1779475050000,2026-05-22T18:37:30+00:00,50,3,1,2,3,7,8,10,11,17,,,,,,,,,,,,
2471442,56526,Russia,4642568029,1779474150000,2026-05-22T18:22:30+00:00,50,4,4,11,13,15,16,17,18,19,,,,,,,,,,,,
2471409,56526,Russia,4642567918,1779473250000,2026-05-22T18:07:30+00:00,50,2,3,6,8,10,11,12,18,19,,,,,,,,,,,,
2471373,56526,Russia,4642567783,1779472350000,2026-05-22T17:52:30+00:00,50,2,5,8,10,13,14,15,16,20,,,,,,,,,,,,
2471335,56526,Russia,4642567669,1779471450000,2026-05-22T17:37:30+00:00,50,1,2,5,6,8,10,12,13,17,,,,,,,,,,,,
2471312,56526,Russia,4642567561,1779470550000,2026-05-22T17:22:30+00:00,50,2,3,8,9,10,13,16,17,18,,,,,,,,,,,,
2471191,56526,Russia,4642567447,1779469650000,2026-05-22T17:07:30+00:00,60,,,,,,,,,,,,,,,,,,,,,
2471190,56526,Russia,4642567321,1779468750000,2026-05-22T16:52:30+00:00,60,,,,,,,,,,,,,,,,,,,,,
2471213,56526,Russia,4642567201,1779467850000,2026-05-22T16:37:30+00:00,50,4,1,2,5,6,9,10,18,19,,,,,,,,,,,,
2471179,56526,Russia,4642567090,1779466950000,2026-05-22T16:22:30+00:00,50,1,3,4,7,12,13,15,17,18,,,,,,,,,,,,
2471148,56526,Russia,4642566979,1779466050000,2026-05-22T16:07:30+00:00,50,2,2,5,6,11,12,13,17,18,,,,,,,,,,,,
2471116,56526,Russia,4642566865,1779465150000,2026-05-22T15:52:30+00:00,50,3,3,4,5,8,9,14,15,18,,,,,,,,,,,,
2471080,56526,Russia,4642566736,1779464250000,2026-05-22T15:37:30+00:00,50,4,2,3,5,8,10,12,16,19,,,,,,,,,,,,
2470939,56526,Russia,4642566628,1779463350000,2026-05-22T15:22:30+00:00,60,,,,,,,,,,,,,,,,,,,,,
2470938,56526,Russia,4642566517,1779462450000,2026-05-22T15:07:30+00:00,60,,,,,,,,,,,,,,,,,,,,,
2470937,56526,Russia,4642566400,1779461550000,2026-05-22T14:52:30+00:00,60,,,,,,,,,,,,,,,,,,,,,
2470961,56526,Russia,4642566289,1779460650000,2026-05-22T14:37:30+00:00,50,2,6,9,11,12,13,14,17,19,,,,,,,,,,,,
2470928,56526,Russia,4642566181,1779459750000,2026-05-22T14:22:30+00:00,50,2,2,4,5,7,13,16,18,19,,,,,,,,,,,,
2470897,56526,Russia,4642566070,1779458850000,2026-05-22T14:07:30+00:00,50,4,3,4,5,8,10,16,17,19,,,,,,,,,,,,
2470866,56526,Russia,4642565959,1779457950000,2026-05-22T13:52:30+00:00,50,4,1,2,4,6,7,11,15,19,,,,,,,,,,,,
2470835,56526,Russia,4642565848,1779457050000,2026-05-22T13:37:30+00:00,50,3,1,9,10,11,16,17,18,19,,,,,,,,,,,,
2470722,56526,Russia,4642565746,1779456150000,2026-05-22T13:22:30+00:00,60,,,,,,,,,,,,,,,,,,,,,
2470721,56526,Russia,4642565629,1779455250000,2026-05-22T13:07:30+00:00,60,,,,,,,,,,,,,,,,,,,,,
2470742,56526,Russia,4642565509,1779454350000,2026-05-22T12:52:30+00:00,50,1,2,5,6,7,9,13,15,18,,,,,,,,,,,,
2470709,56526,Russia,4642565398,1779453450000,2026-05-22T12:37:30+00:00,50,2,1,2,4,5,6,8,11,14,,,,,,,,,,,,
2470680,56526,Russia,4642565290,1779452550000,2026-05-22T12:22:30+00:00,50,2,4,11,13,14,15,16,18,19,,,,,,,,,,,,
2470648,56526,Russia,4642565179,1779451650000,2026-05-22T12:07:30+00:00,50,4,1,4,5,11,14,16,17,20,,,,,,,,,,,,
2470615,56526,Russia,4642565062,1779450750000,2026-05-22T11:52:30+00:00,50,1,2,3,5,13,14,16,17,18,,,,,,,,,,,,
2470584,56526,Russia,4642564945,1779449850000,2026-05-22T11:37:30+00:00,50,4,3,4,10,11,13,15,18,19,,,,,,,,,,,,
2470554,56526,Russia,4642564840,1779448950000,2026-05-22T11:22:30+00:00,50,2,4,8,9,10,12,16,18,20,,,,,,,,,,,,
2470522,56526,Russia,4642564729,1779448050000,2026-05-22T11:07:30+00:00,50,3,3,6,8,12,14,16,17,18,,,,,,,,,,,,
2470438,56526,Russia,4642564618,1779447150000,2026-05-22T10:52:30+00:00,60,,,,,,,,,,,,,,,,,,,,,
2470459,56526,Russia,4642564498,1779446250000,2026-05-22T10:37:30+00:00,50,3,5,6,7,9,10,15,16,18,,,,,,,,,,,,
2470316,56526,Russia,4642564393,1779445350000,2026-05-22T10:22:30+00:00,60,,,,,,,,,,,,,,,,,,,,,
2470315,56526,Russia,4642564282,1779444450000,2026-05-22T10:07:30+00:00,60,,,,,,,,,,,,,,,,,,,,,
2470314,56526,Russia,4642564168,1779443550000,2026-05-22T09:52:30+00:00,60,,,,,,,,,,,,,,,,,,,,,
2470337,56526,Russia,4642564054,1779442650000,2026-05-22T09:37:30+00:00,50,1,1,3,7,8,10,18,19,20,,,,,,,,,,,,
2470305,56526,Russia,4642563946,1779441750000,2026-05-22T09:22:30+00:00,50,2,3,4,5,8,9,12,15,17,,,,,,,,,,,,
2470225,56526,Russia,4642563835,1779440850000,2026-05-22T09:07:30+00:00,60,,,,,,,,,,,,,,,,,,,,,
2470244,56526,Russia,4642563721,1779439950000,2026-05-22T08:52:30+00:00,50,4,2,3,4,8,10,14,15,17,,,,,,,,,,,,
2470213,56526,Russia,4642563610,1779439050000,2026-05-22T08:37:30+00:00,50,3,2,6,8,11,14,16,17,19,,,,,,,,,,,,
2470184,56526,Russia,4642563505,1779438150000,2026-05-22T08:22:30+00:00,50,3,2,3,5,9,15,17,18,20,,,,,,,,,,,,
2470153,56526,Russia,4642563394,1779437250000,2026-05-22T08:07:30+00:00,50,4,1,5,8,10,13,18,19,20,,,,,,,,,,,,
2470121,56526,Russia,4642563283,1779436350000,2026-05-22T07:52:30+00:00,50,2,1,7,9,10,13,18,19,20,,,,,,,,,,,,
2470090,56526,Russia,4642563172,1779435450000,2026-05-22T07:37:30+00:00,50,2,3,6,12,13,17,18,19,20,,,,,,,,,,,,
2469947,56526,Russia,4642563067,1779434550000,2026-05-22T07:22:30+00:00,60,,,,,,,,,,,,,,,,,,,,,
2469946,56526,Russia,4642562956,1779433650000,2026-05-22T07:07:30+00:00,60,,,,,,,,,,,,,,,,,,,,,
2469945,56526,Russia,4642562842,1779432750000,2026-05-22T06:52:30+00:00,60,,,,,,,,,,,,,,,,,,,,,
2469967,56526,Russia,4642562731,1779431850000,2026-05-22T06:37:30+00:00,50,1,1,3,4,5,9,12,16,18,,,,,,,,,,,,
2469936,56526,Russia,4642562629,1779430950000,2026-05-22T06:22:30+00:00,50,2,1,3,4,6,7,11,13,15,,,,,,,,,,,,
2469904,56526,Russia,4642562518,1779430050000,2026-05-22T06:07:30+00:00,50,4,1,4,5,8,12,16,17,20,,,,,,,,,,,,
2469876,56526,Russia,4642562416,1779429150000,2026-05-22T05:52:30+00:00,50,1,1,2,3,4,7,9,14,16,,,,,,,,,,,,
2469850,56526,Russia,4642562314,1779428250000,2026-05-22T05:37:30+00:00,50,4,1,5,8,9,11,13,14,17,,,,,,,,,,,,
2469825,56526,Russia,4642562221,1779427350000,2026-05-22T05:22:30+00:00,50,4,1,4,5,6,10,13,14,20,,,,,,,,,,,,
2469796,56526,Russia,4642562119,1779426450000,2026-05-22T05:07:30+00:00,50,1,1,3,6,9,12,13,17,18,,,,,,,,,,,,
2469772,56526,Russia,4642562029,1779425550000,2026-05-22T04:52:30+00:00,50,3,2,3,7,8,9,14,16,18,,,,,,,,,,,,
2469748,56526,Russia,4642561939,1779424650000,2026-05-22T04:37:30+00:00,50,3,2,4,5,8,13,16,18,19,,,,,,,,,,,,
2469728,56526,Russia,4642561861,1779423750000,2026-05-22T04:22:30+00:00,50,2,1,2,4,6,7,9,13,16,,,,,,,,,,,,
2469708,56526,Russia,4642561783,1779422850000,2026-05-22T04:07:30+00:00,50,4,2,5,6,7,11,15,18,19,,,,,,,,,,,,
2469690,56526,Russia,4642561711,1779421950000,2026-05-22T03:52:30+00:00,50,2,3,4,8,10,11,18,19,20,,,,,,,,,,,,
2469668,56526,Russia,4642561633,1779421050000,2026-05-22T03:37:30+00:00,50,4,2,3,5,6,13,15,17,18,,,,,,,,,,,,
2469637,56526,Russia,4642561558,1779420150000,2026-05-22T03:22:30+00:00,50,1,4,5,7,11,15,17,18,19,,,,,,,,,,,,
2469615,56526,Russia,4642561480,1779419250000,2026-05-22T03:07:30+00:00,50,3,2,6,7,8,11,12,16,19,,,,,,,,,,,,
2469595,56526,Russia,4642561408,1779418350000,2026-05-22T02:52:30+00:00,50,4,1,4,10,12,13,16,17,18,,,,,,,,,,,,
2469573,56526,Russia,4642561330,1779417450000,2026-05-22T02:37:30+00:00,50,1,1,2,4,10,11,14,16,20,,,,,,,,,,,,
2469550,56526,Russia,4642561255,1779416550000,2026-05-22T02:22:30+00:00,50,2,1,3,7,13,15,18,19,20,,,,,,,,,,,,
2469528,56526,Russia,4642561177,1779415650000,2026-05-22T02:07:30+00:00,50,2,3,7,8,9,11,14,17,19,,,,,,,,,,,,
2469506,56526,Russia,4642561105,1779414750000,2026-05-22T01:52:30+00:00,50,4,1,5,7,14,15,17,18,19,,,,,,,,,,,,
2469486,56526,Russia,4642561027,1779413850000,2026-05-22T01:37:30+00:00,50,3,3,6,11,12,14,15,16,19,,,,,,,,,,,,
2469463,56526,Russia,4642560952,1779412950000,2026-05-22T01:22:30+00:00,50,4,1,2,3,13,16,17,18,19,,,,,,,,,,,,
2469443,56526,Russia,4642560874,1779412050000,2026-05-22T01:07:30+00:00,50,4,2,3,4,5,6,13,15,16,,,,,,,,,,,,
2469420,56526,Russia,4642560802,1779411150000,2026-05-22T00:52:30+00:00,50,4,3,7,11,13,14,16,17,18,,,,,,,,,,,,
2469400,56526,Russia,4642560724,1779410250000,2026-05-22T00:37:30+00:00,50,2,1,5,9,10,12,16,19,20,,,,,,,,,,,,
2469380,56526,Russia,4642560649,1779409350000,2026-05-22T00:22:30+00:00,50,1,1,2,6,7,12,13,16,17,,,,,,,,,,,,
2469358,56526,Russia,4642560571,1779408450000,2026-05-22T00:07:30+00:00,50,1,1,2,5,12,15,16,17,18,,,,,,,,,,,,
2469340,56526,Russia,4640570848,1779407550000,2026-05-21T23:52:30+00:00,50,2,4,5,6,9,12,16,17,18,,,,,,,,,,,,
2469316,56526,Russia,4640570770,1779406650000,2026-05-21T23:37:30+00:00,50,3,1,2,5,9,10,11,15,18,,,,,,,,,,,,
2469296,56526,Russia,4640570695,1779405750000,2026-05-21T23:22:30+00:00,50,2,1,4,5,7,11,14,18,19,,,,,,,,,,,,
2469275,56526,Russia,4640570617,1779404850000,2026-05-21T23:07:30+00:00,50,2,4,5,10,11,14,15,16,18,,,,,,,,,,,,
2469248,56526,Russia,4640570545,1779403950000,2026-05-21T22:52:30+00:00,50,3,1,3,7,10,12,14,15,18,,,,,,,,,,,,
2469225,56526,Russia,4640570467,1779403050000,2026-05-21T22:37:30+00:00,50,1,2,8,10,11,12,14,17,20,,,,,,,,,,,,
2469203,56526,Russia,4640570392,1779402150000,2026-05-21T22:22:30+00:00,50,1,5,8,10,13,14,15,16,20,,,,,,,,,,,,
2469183,56526,Russia,4640570323,1779401250000,2026-05-21T22:07:30+00:00,50,1,5,10,12,13,14,15,18,20,,,,,,,,,,,,
2469163,56526,Russia,4640570281,1779400350000,2026-05-21T21:52:30+00:00,50,3,2,4,5,6,8,9,12,19,,,,,,,,,,,,
2469133,56526,Russia,4640570257,1779399450000,2026-05-21T21:37:30+00:00,50,2,2,3,8,10,13,15,16,19,,,,,,,,,,,,
2469105,56526,Russia,4640570233,1779398550000,2026-05-21T21:22:30+00:00,50,1,1,3,7,11,13,14,18,20,,,,,,,,,,,,
2469075,56526,Russia,4640570212,1779397650000,2026-05-21T21:07:30+00:00,50,1,2,3,4,7,14,15,16,20,,,,,,,,,,,,
2469043,56526,Russia,4640568994,1779396750000,2026-05-21T20:52:30+00:00,50,1,2,3,5,9,12,14,15,18,,,,,,,,,,,,
2469013,56526,Russia,4640568889,1779395850000,2026-05-21T20:37:30+00:00,50,3,1,3,5,7,8,10,11,15,,,,,,,,,,,,
2468923,56526,Russia,4640568796,1779394950000,2026-05-21T20:22:30+00:00,60,,,,,,,,,,,,,,,,,,,,,
2468946,56526,Russia,4640568688,1779394050000,2026-05-21T20:07:30+00:00,50,2,1,4,7,8,10,14,15,18,,,,,,,,,,,,
2468914,56526,Russia,4640568574,1779393150000,2026-05-21T19:52:30+00:00,50,2,1,3,4,5,11,12,19,20,,,,,,,,,,,,
2468882,56526,Russia,4640568448,1779392250000,2026-05-21T19:37:30+00:00,50,3,1,6,7,12,13,17,19,20,,,,,,,,,,,,
2468733,56526,Russia,4640568340,1779391350000,2026-05-21T19:22:30+00:00,60,,,,,,,,,,,,,,,,,,,,,
2468732,56526,Russia,4640568229,1779390450000,2026-05-21T19:07:30+00:00,60,,,,,,,,,,,,,,,,,,,,,
2468731,56526,Russia,4640568109,1779389550000,2026-05-21T18:52:30+00:00,60,,,,,,,,,,,,,,,,,,,,,
2468756,56526,Russia,4640567992,1779388650000,2026-05-21T18:37:30+00:00,50,2,1,3,4,5,7,11,16,20,,,,,,,,,,,,
2468722,56526,Russia,4640567872,1779387750000,2026-05-21T18:22:30+00:00,50,1,2,3,10,13,15,17,18,19,,,,,,,,,,,,
2468690,56526,Russia,4640567761,1779386850000,2026-05-21T18:07:30+00:00,50,3,3,4,5,8,11,15,17,19,,,,,,,,,,,,
2468654,56526,Russia,4640567629,1779385950000,2026-05-21T17:52:30+00:00,50,3,1,3,8,9,10,11,13,17,,,,,,,,,,,,
2468623,56526,Russia,4640567515,1779385050000,2026-05-21T17:37:30+00:00,50,1,7,8,9,11,13,15,16,17,,,,,,,,,,,,
2468594,56526,Russia,4640567407,1779384150000,2026-05-21T17:22:30+00:00,50,4,2,4,7,9,10,11,12,17,,,,,,,,,,,,
2468473,56526,Russia,4640567293,1779383250000,2026-05-21T17:07:30+00:00,60,,,,,,,,,,,,,,,,,,,,,
2468472,56526,Russia,4640567167,1779382350000,2026-05-21T16:52:30+00:00,60,,,,,,,,,,,,,,,,,,,,,
2468494,56526,Russia,4640567047,1779381450000,2026-05-21T16:37:30+00:00,50,3,1,4,5,6,8,10,11,19,,,,,,,,,,,,
2468460,56526,Russia,4640566936,1779380550000,2026-05-21T16:22:30+00:00,50,1,1,3,6,8,9,10,11,16,,,,,,,,,,,,
2468429,56526,Russia,4640566825,1779379650000,2026-05-21T16:07:30+00:00,50,4,1,2,6,9,10,11,13,20,,,,,,,,,,,,
2468395,56526,Russia,4640566711,1779378750000,2026-05-21T15:52:30+00:00,50,2,1,2,9,10,11,15,18,19,,,,,,,,,,,,
2468360,56526,Russia,4640566588,1779377850000,2026-05-21T15:37:30+00:00,50,4,2,8,9,11,14,15,16,18,,,,,,,,,,,,
2468220,56526,Russia,4640566477,1779376950000,2026-05-21T15:22:30+00:00,60,,,,,,,,,,,,,,,,,,,,,
2468219,56526,Russia,4640566366,1779376050000,2026-05-21T15:07:30+00:00,60,,,,,,,,,,,,,,,,,,,,,
2468218,56526,Russia,4640566249,1779375150000,2026-05-21T14:52:30+00:00,60,,,,,,,,,,,,,,,,,,,,,
2468240,56526,Russia,4640566138,1779374250000,2026-05-21T14:37:30+00:00,50,4,1,3,5,6,7,10,15,16,,,,,,,,,,,,
2468209,56526,Russia,4640566033,1779373350000,2026-05-21T14:22:30+00:00,50,1,1,3,5,10,12,13,15,17,,,,,,,,,,,,
2468177,56526,Russia,4640565922,1779372450000,2026-05-21T14:07:30+00:00,50,4,1,7,10,11,12,15,17,18,,,,,,,,,,,,
2468147,56526,Russia,4640565811,1779371550000,2026-05-21T13:52:30+00:00,50,1,1,3,5,10,15,16,18,19,,,,,,,,,,,,
2468116,56526,Russia,4640565700,1779370650000,2026-05-21T13:37:30+00:00,50,4,1,4,6,10,11,13,18,20,,,,,,,,,,,,
2468001,56526,Russia,4640565598,1779369750000,2026-05-21T13:22:30+00:00,60,,,,,,,,,,,,,,,,,,,,,
2468000,56526,Russia,4640565481,1779368850000,2026-05-21T13:07:30+00:00,60,,,,,,,,,,,,,,,,,,,,,
2468021,56526,Russia,4640565361,1779367950000,2026-05-21T12:52:30+00:00,50,2,2,5,6,10,11,15,17,20,,,,,,,,,,,,
2467988,56526,Russia,4640565250,1779367050000,2026-05-21T12:37:30+00:00,50,1,3,8,10,12,13,16,19,20,,,,,,,,,,,,
2467959,56526,Russia,4640565142,1779366150000,2026-05-21T12:22:30+00:00,50,4,2,3,5,6,8,11,17,19,,,,,,,,,,,,
2467928,56526,Russia,4640565031,1779365250000,2026-05-21T12:07:30+00:00,50,2,5,8,11,12,13,14,18,20,,,,,,,,,,,,
2467895,56526,Russia,4640564914,1779364350000,2026-05-21T11:52:30+00:00,50,2,4,6,8,11,13,16,18,20,,,,,,,,,,,,
2467863,56526,Russia,4640564797,1779363450000,2026-05-21T11:37:30+00:00,50,1,1,3,4,11,12,16,17,18,,,,,,,,,,,,
2467833,56526,Russia,4640564692,1779362550000,2026-05-21T11:22:30+00:00,50,2,1,3,5,9,10,13,17,18,,,,,,,,,,,,
2467801,56526,Russia,4640564581,1779361650000,2026-05-21T11:07:30+00:00,50,4,1,7,11,13,14,17,19,20,,,,,,,,,,,,
2467717,56526,Russia,4640564470,1779360750000,2026-05-21T10:52:30+00:00,60,,,,,,,,,,,,,,,,,,,,,
2467738,56526,Russia,4640564350,1779359850000,2026-05-21T10:37:30+00:00,50,1,2,3,4,5,6,9,14,18,,,,,,,,,,,,
2467593,56526,Russia,4640564242,1779358950000,2026-05-21T10:22:30+00:00,60,,,,,,,,,,,,,,,,,,,,,
2467592,56526,Russia,4640564131,1779358050000,2026-05-21T10:07:30+00:00,60,,,,,,,,,,,,,,,,,,,,,
2467591,56526,Russia,4640564017,1779357150000,2026-05-21T09:52:30+00:00,60,,,,,,,,,,,,,,,,,,,,,
2467615,56526,Russia,4640563903,1779356250000,2026-05-21T09:37:30+00:00,50,1,1,3,4,9,11,14,19,20,,,,,,,,,,,,
2467582,56526,Russia,4640563795,1779355350000,2026-05-21T09:22:30+00:00,50,1,6,7,8,9,10,12,14,17,,,,,,,,,,,,
2467501,56526,Russia,4640563684,1779354450000,2026-05-21T09:07:30+00:00,60,,,,,,,,,,,,,,,,,,,,,
2467520,56526,Russia,4640563570,1779353550000,2026-05-21T08:52:30+00:00,50,3,3,4,5,6,9,11,12,13,,,,,,,,,,,,
2467489,56526,Russia,4640563459,1779352650000,2026-05-21T08:37:30+00:00,50,4,1,4,7,10,15,18,19,20,,,,,,,,,,,,
2467460,56526,Russia,4640563354,1779351750000,2026-05-21T08:22:30+00:00,50,3,1,5,7,9,10,12,13,20,,,,,,,,,,,,
2467428,56526,Russia,4640563243,1779350850000,2026-05-21T08:07:30+00:00,50,4,5,9,10,11,15,16,17,18,,,,,,,,,,,,
2467397,56526,Russia,4640563132,1779349950000,2026-05-21T07:52:30+00:00,50,2,2,3,6,12,14,15,16,18,,,,,,,,,,,,
2467366,56526,Russia,4640563021,1779349050000,2026-05-21T07:37:30+00:00,50,4,1,5,11,12,13,14,17,18,,,,,,,,,,,,
2467223,56526,Russia,4640562916,1779348150000,2026-05-21T07:22:30+00:00,60,,,,,,,,,,,,,,,,,,,,,
2467222,56526,Russia,4640562805,1779347250000,2026-05-21T07:07:30+00:00,60,,,,,,,,,,,,,,,,,,,,,
2467221,56526,Russia,4640562691,1779346350000,2026-05-21T06:52:30+00:00,60,,,,,,,,,,,,,,,,,,,,,
2467243,56526,Russia,4640562580,1779345450000,2026-05-21T06:37:30+00:00,50,3,1,2,5,6,10,15,18,19,,,,,,,,,,,,
2467212,56526,Russia,4640562478,1779344550000,2026-05-21T06:22:30+00:00,50,4,5,6,10,11,13,15,17,20,,,,,,,,,,,,
2467181,56526,Russia,4640562367,1779343650000,2026-05-21T06:07:30+00:00,50,4,1,6,12,13,14,17,19,20,,,,,,,,,,,,
2467153,56526,Russia,4640562265,1779342750000,2026-05-21T05:52:30+00:00,50,2,1,3,4,5,9,11,12,13,,,,,,,,,,,,
2467126,56526,Russia,4640562163,1779341850000,2026-05-21T05:37:30+00:00,50,1,9,10,11,12,13,14,16,20,,,,,,,,,,,,
2467101,56526,Russia,4640562070,1779340950000,2026-05-21T05:22:30+00:00,50,4,1,5,6,8,12,14,18,20,,,,,,,,,,,,
2467072,56526,Russia,4640561968,1779340050000,2026-05-21T05:07:30+00:00,50,1,1,2,5,6,9,14,16,19,,,,,,,,,,,,
2467047,56526,Russia,4640561878,1779339150000,2026-05-21T04:52:30+00:00,50,2,3,5,6,8,12,13,14,20,,,,,,,,,,,,
2467023,56526,Russia,4640561788,1779338250000,2026-05-21T04:37:30+00:00,50,1,2,3,5,7,8,12,14,20,,,,,,,,,,,,
2467003,56526,Russia,4640561710,1779337350000,2026-05-21T04:22:30+00:00,50,4,3,4,7,12,14,17,19,20,,,,,,,,,,,,
2466982,56526,Russia,4640561632,1779336450000,2026-05-21T04:07:30+00:00,50,2,4,9,12,13,14,16,17,19,,,,,,,,,,,,
2466961,56526,Russia,4640561560,1779335550000,2026-05-21T03:52:30+00:00,50,4,4,7,9,11,15,16,18,19,,,,,,,,,,,,
2466940,56526,Russia,4640561482,1779334650000,2026-05-21T03:37:30+00:00,50,3,4,6,7,8,9,15,19,20,,,,,,,,,,,,
2466913,56526,Russia,4640561407,1779333750000,2026-05-21T03:22:30+00:00,50,1,1,3,7,8,9,11,12,16,,,,,,,,,,,,
2466876,56526,Russia,4640561329,1779332850000,2026-05-21T03:07:30+00:00,50,3,2,3,4,8,15,17,19,20,,,,,,,,,,,,
2466857,56526,Russia,4640561257,1779331950000,2026-05-21T02:52:30+00:00,50,1,1,4,5,12,13,16,18,20,,,,,,,,,,,,
2466837,56526,Russia,4640561179,1779331050000,2026-05-21T02:37:30+00:00,50,2,3,9,10,11,12,15,19,20,,,,,,,,,,,,
2466815,56526,Russia,4640561104,1779330150000,2026-05-21T02:22:30+00:00,50,2,4,5,11,13,16,17,18,20,,,,,,,,,,,,
2466791,56526,Russia,4640561026,1779329250000,2026-05-21T02:07:30+00:00,50,4,3,7,8,9,12,14,16,18,,,,,,,,,,,,
2466767,56526,Russia,4640560954,1779328350000,2026-05-21T01:52:30+00:00,50,3,3,4,5,7,9,10,15,17,,,,,,,,,,,,
2466747,56526,Russia,4640560876,1779327450000,2026-05-21T01:37:30+00:00,50,4,7,8,10,12,13,15,17,19,,,,,,,,,,,,
2466726,56526,Russia,4640560801,1779326550000,2026-05-21T01:22:30+00:00,50,1,1,2,6,9,10,13,19,20,,,,,,,,,,,,
2466706,56526,Russia,4640560723,1779325650000,2026-05-21T01:07:30+00:00,50,4,1,2,6,7,8,9,13,14,,,,,,,,,,,,
2466682,56526,Russia,4640560651,1779324750000,2026-05-21T00:52:30+00:00,50,3,1,5,8,10,11,12,16,20,,,,,,,,,,,,
2466662,56526,Russia,4640560573,1779323850000,2026-05-21T00:37:30+00:00,50,1,4,6,8,9,10,12,15,19,,,,,,,,,,,,
2466642,56526,Russia,4640560498,1779322950000,2026-05-21T00:22:30+00:00,50,4,6,8,9,10,11,13,15,18,,,,,,,,,,,,
2466618,56526,Russia,4640560420,1779322050000,2026-05-21T00:07:30+00:00,50,2,3,7,10,11,13,14,16,19,,,,,,,,,,,,
2466598,56526,Russia,4638693586,1779321150000,2026-05-20T23:52:30+00:00,50,1,2,5,7,10,13,15,17,18,,,,,,,,,,,,
2466579,56526,Russia,4638693508,1779320250000,2026-05-20T23:37:30+00:00,50,4,1,2,3,4,5,9,11,14,,,,,,,,,,,,
2466553,56526,Russia,4638693433,1779319350000,2026-05-20T23:22:30+00:00,50,1,1,3,5,7,9,11,13,16,,,,,,,,,,,,
2466532,56526,Russia,4638693355,1779318450000,2026-05-20T23:07:30+00:00,50,1,7,10,11,15,17,18,19,20,,,,,,,,,,,,
2466506,56526,Russia,4638693283,1779317550000,2026-05-20T22:52:30+00:00,50,2,5,6,7,11,12,14,17,18,,,,,,,,,,,,
2466483,56526,Russia,4638693205,1779316650000,2026-05-20T22:37:30+00:00,50,4,2,4,5,7,10,12,18,19,,,,,,,,,,,,
2466461,56526,Russia,4638693130,1779315750000,2026-05-20T22:22:30+00:00,50,1,1,2,11,12,13,15,18,20,,,,,,,,,,,,
2466441,56526,Russia,4638693061,1779314850000,2026-05-20T22:07:30+00:00,50,1,3,5,7,8,9,14,15,16,,,,,,,,,,,,
2466421,56526,Russia,4638693019,1779313950000,2026-05-20T21:52:30+00:00,50,3,1,4,6,7,11,13,16,20,,,,,,,,,,,,
2466391,56526,Russia,4638692995,1779313050000,2026-05-20T21:37:30+00:00,50,3,2,3,6,7,8,11,12,19,,,,,,,,,,,,
2466363,56526,Russia,4638692971,1779312150000,2026-05-20T21:22:30+00:00,50,3,1,2,6,8,9,15,17,19,,,,,,,,,,,,
2466333,56526,Russia,4638692950,1779311250000,2026-05-20T21:07:30+00:00,50,3,3,6,10,13,15,17,18,19,,,,,,,,,,,,
2466302,56526,Russia,4638691726,1779310350000,2026-05-20T20:52:30+00:00,50,1,1,3,4,5,6,7,15,20,,,,,,,,,,,,
2466271,56526,Russia,4638691621,1779309450000,2026-05-20T20:37:30+00:00,50,1,2,7,8,9,10,16,17,20,,,,,,,,,,,,
2466179,56526,Russia,4638691528,1779308550000,2026-05-20T20:22:30+00:00,60,,,,,,,,,,,,,,,,,,,,,
2466207,56526,Russia,4638691420,1779307650000,2026-05-20T20:07:30+00:00,50,2,2,3,4,5,9,13,16,18,,,,,,,,,,,,
2466170,56526,Russia,4638691306,1779306750000,2026-05-20T19:52:30+00:00,50,3,1,2,4,6,7,8,14,19,,,,,,,,,,,,
2466139,56526,Russia,4638691189,1779305850000,2026-05-20T19:37:30+00:00,50,2,5,6,8,11,12,13,14,18,,,,,,,,,,,,
2465984,56526,Russia,4638691081,1779304950000,2026-05-20T19:22:30+00:00,60,,,,,,,,,,,,,,,,,,,,,
2465983,56526,Russia,4638690967,1779304050000,2026-05-20T19:07:30+00:00,60,,,,,,,,,,,,,,,,,,,,,
2465982,56526,Russia,4638690835,1779303150000,2026-05-20T18:52:30+00:00,60,,,,,,,,,,,,,,,,,,,,,
2466007,56526,Russia,4638690712,1779302250000,2026-05-20T18:37:30+00:00,50,3,2,5,10,13,15,17,18,20,,,,,,,,,,,,
2465973,56526,Russia,4638690592,1779301350000,2026-05-20T18:22:30+00:00,50,4,2,7,8,9,12,18,19,20,,,,,,,,,,,,
2465941,56526,Russia,4638690475,1779300450000,2026-05-20T18:07:30+00:00,50,3,1,2,3,5,8,11,13,16,,,,,,,,,,,,
2465906,56526,Russia,4638690349,1779299550000,2026-05-20T17:52:30+00:00,50,2,8,9,10,12,15,16,18,19,,,,,,,,,,,,
2465876,56526,Russia,4638690235,1779298650000,2026-05-20T17:37:30+00:00,50,2,2,3,5,9,13,14,15,20,,,,,,,,,,,,
2465847,56526,Russia,4638690127,1779297750000,2026-05-20T17:22:30+00:00,50,1,1,3,7,9,14,15,18,19,,,,,,,,,,,,
2465721,56526,Russia,4638690013,1779296850000,2026-05-20T17:07:30+00:00,60,,,,,,,,,,,,,,,,,,,,,
2465720,56526,Russia,4638689881,1779295950000,2026-05-20T16:52:30+00:00,60,,,,,,,,,,,,,,,,,,,,,
2465743,56526,Russia,4638689758,1779295050000,2026-05-20T16:37:30+00:00,50,3,1,3,5,10,13,14,15,20,,,,,,,,,,,,
2465708,56526,Russia,4638689644,1779294150000,2026-05-20T16:22:30+00:00,50,4,1,3,6,12,13,14,16,17,,,,,,,,,,,,
2465677,56526,Russia,4638689533,1779293250000,2026-05-20T16:07:30+00:00,50,1,2,6,7,11,14,15,17,18,,,,,,,,,,,,
2465644,56526,Russia,4638689419,1779292350000,2026-05-20T15:52:30+00:00,50,2,1,2,5,6,8,9,10,14,,,,,,,,,,,,
2465608,56526,Russia,4638689299,1779291450000,2026-05-20T15:37:30+00:00,50,4,1,5,8,9,10,13,16,17,,,,,,,,,,,,
2465468,56526,Russia,4638689188,1779290550000,2026-05-20T15:22:30+00:00,60,,,,,,,,,,,,,,,,,,,,,
2465467,56526,Russia,4638689071,1779289650000,2026-05-20T15:07:30+00:00,60,,,,,,,,,,,,,,,,,,,,,
2465466,56526,Russia,4638688951,1779288750000,2026-05-20T14:52:30+00:00,60,,,,,,,,,,,,,,,,,,,,,
2465489,56526,Russia,4638688840,1779287850000,2026-05-20T14:37:30+00:00,50,3,5,7,9,10,15,16,18,20,,,,,,,,,,,,
2465457,56526,Russia,4638688735,1779286950000,2026-05-20T14:22:30+00:00,50,3,3,7,8,12,13,15,17,19,,,,,,,,,,,,
2465425,56526,Russia,4638688624,1779286050000,2026-05-20T14:07:30+00:00,50,3,1,4,6,7,9,13,14,19,,,,,,,,,,,,
2465392,56526,Russia,4638688513,1779285150000,2026-05-20T13:52:30+00:00,50,1,1,3,7,8,10,11,13,15,,,,,,,,,,,,
2465362,56526,Russia,4638688402,1779284250000,2026-05-20T13:37:30+00:00,50,2,2,8,10,11,14,15,16,18,,,,,,,,,,,,
2465248,56526,Russia,4638688300,1779283350000,2026-05-20T13:22:30+00:00,60,,,,,,,,,,,,,,,,,,,,,
2465247,56526,Russia,4638688183,1779282450000,2026-05-20T13:07:30+00:00,60,,,,,,,,,,,,,,,,,,,,,
2465269,56526,Russia,4638688063,1779281550000,2026-05-20T12:52:30+00:00,50,2,1,4,6,8,12,13,17,19,,,,,,,,,,,,
2465235,56526,Russia,4638687952,1779280650000,2026-05-20T12:37:30+00:00,50,4,2,5,6,11,14,18,19,20,,,,,,,,,,,,
2465173,56526,Russia,4638687844,1779279750000,2026-05-20T12:22:30+00:00,50,3,3,4,5,6,8,10,13,15,,,,,,,,,,,,
2465070,56526,Russia,4638687733,1779278850000,2026-05-20T12:07:30+00:00,50,4,4,7,11,13,14,16,17,20,,,,,,,,,,,,
2464974,56526,Russia,4638687616,1779277950000,2026-05-20T11:52:30+00:00,50,2,1,3,6,8,12,14,17,19,,,,,,,,,,,,
2464942,56526,Russia,4638687499,1779277050000,2026-05-20T11:37:30+00:00,50,3,2,3,6,9,10,15,17,19,,,,,,,,,,,,
2464913,56526,Russia,4638687394,1779276150000,2026-05-20T11:22:30+00:00,50,3,1,2,8,12,13,14,15,20,,,,,,,,,,,,
2464882,56526,Russia,4638687283,1779275250000,2026-05-20T11:07:30+00:00,50,1,4,9,10,12,13,17,18,19,,,,,,,,,,,,
2464797,56526,Russia,4638687172,1779274350000,2026-05-20T10:52:30+00:00,60,,,,,,,,,,,,,,,,,,,,,
2464817,56526,Russia,4638687052,1779273450000,2026-05-20T10:37:30+00:00,50,2,1,6,7,10,14,16,19,20,,,,,,,,,,,,
2464675,56526,Russia,4638686947,1779272550000,2026-05-20T10:22:30+00:00,60,,,,,,,,,,,,,,,,,,,,,
2464674,56526,Russia,4638686836,1779271650000,2026-05-20T10:07:30+00:00,60,,,,,,,,,,,,,,,,,,,,,
2464673,56526,Russia,4638686722,1779270750000,2026-05-20T09:52:30+00:00,60,,,,,,,,,,,,,,,,,,,,,
2464696,56526,Russia,4638686611,1779269850000,2026-05-20T09:37:30+00:00,50,3,1,6,9,11,12,13,18,19,,,,,,,,,,,,
2464664,56526,Russia,4638686503,1779268950000,2026-05-20T09:22:30+00:00,50,1,2,3,7,8,11,12,14,16,,,,,,,,,,,,
2464584,56526,Russia,4638686392,1779268050000,2026-05-20T09:07:30+00:00,60,,,,,,,,,,,,,,,,,,,,,
2464603,56526,Russia,4638686278,1779267150000,2026-05-20T08:52:30+00:00,50,1,2,5,10,11,12,13,16,17,,,,,,,,,,,,
2464571,56526,Russia,4638686167,1779266250000,2026-05-20T08:37:30+00:00,50,1,1,5,7,12,14,15,17,20,,,,,,,,,,,,
2464542,56526,Russia,4638686062,1779265350000,2026-05-20T08:22:30+00:00,50,2,5,6,9,13,14,17,18,19,,,,,,,,,,,,
2464511,56526,Russia,4638685951,1779264450000,2026-05-20T08:07:30+00:00,50,2,1,2,9,10,11,14,15,18,,,,,,,,,,,,
2464479,56526,Russia,4638685840,1779263550000,2026-05-20T07:52:30+00:00,50,2,5,7,13,15,16,17,18,20,,,,,,,,,,,,
2464447,56526,Russia,4638685729,1779262650000,2026-05-20T07:37:30+00:00,50,4,2,3,6,8,9,11,13,20,,,,,,,,,,,,
2464344,56526,Russia,4638685621,1779261750000,2026-05-20T07:22:30+00:00,60,,,,,,,,,,,,,,,,,,,,,
2464343,56526,Russia,4638685510,1779260850000,2026-05-20T07:07:30+00:00,60,,,,,,,,,,,,,,,,,,,,,
2464342,56526,Russia,4638685396,1779259950000,2026-05-20T06:52:30+00:00,60,,,,,,,,,,,,,,,,,,,,,
2464359,56526,Russia,4638685285,1779259050000,2026-05-20T06:37:30+00:00,50,4,1,2,3,7,9,13,16,19,,,,,,,,,,,,
2464335,56526,Russia,4638685183,1779258150000,2026-05-20T06:22:30+00:00,50,3,1,6,9,11,12,14,17,18,,,,,,,,,,,,
2464312,56526,Russia,4638685072,1779257250000,2026-05-20T06:07:30+00:00,50,1,1,2,3,6,7,8,17,20,,,,,,,,,,,,
2464289,56526,Russia,4638684970,1779256350000,2026-05-20T05:52:30+00:00,50,3,3,4,5,7,11,13,17,20,,,,,,,,,,,,
2464270,56526,Russia,4638684868,1779255450000,2026-05-20T05:37:30+00:00,50,3,1,5,6,12,14,15,18,20,,,,,,,,,,,,
2464252,56526,Russia,4638684775,1779254550000,2026-05-20T05:22:30+00:00,50,2,1,3,4,9,11,14,16,20,,,,,,,,,,,,
2464232,56526,Russia,4638684673,1779253650000,2026-05-20T05:07:30+00:00,50,1,1,3,6,10,11,14,18,19,,,,,,,,,,,,
2464214,56526,Russia,4638684583,1779252750000,2026-05-20T04:52:30+00:00,50,2,3,4,6,10,14,15,19,20,,,,,,,,,,,,
2464195,56526,Russia,4638684493,1779251850000,2026-05-20T04:37:30+00:00,50,4,5,9,10,14,15,18,19,20,,,,,,,,,,,,
2464182,56526,Russia,4638684415,1779250950000,2026-05-20T04:22:30+00:00,50,1,1,3,5,6,9,11,14,18,,,,,,,,,,,,
2464170,56526,Russia,4638684337,1779250050000,2026-05-20T04:07:30+00:00,50,2,1,8,10,13,16,17,18,19,,,,,,,,,,,,
2464159,56526,Russia,4638684265,1779249150000,2026-05-20T03:52:30+00:00,50,4,3,8,10,13,16,18,19,20,,,,,,,,,,,,
2464145,56526,Russia,4638684187,1779248250000,2026-05-20T03:37:30+00:00,50,1,1,3,4,5,8,12,15,18,,,,,,,,,,,,
2464125,56526,Russia,4638684112,1779247350000,2026-05-20T03:22:30+00:00,50,2,5,8,9,12,14,15,16,19,,,,,,,,,,,,
2464103,56526,Russia,4638684034,1779246450000,2026-05-20T03:07:30+00:00,50,3,1,2,3,5,8,9,12,14,,,,,,,,,,,,
2464088,56526,Russia,4638683962,1779245550000,2026-05-20T02:52:30+00:00,50,1,2,4,6,9,11,14,18,20,,,,,,,,,,,,
2464076,56526,Russia,4638683884,1779244650000,2026-05-20T02:37:30+00:00,50,2,1,2,4,5,7,9,10,20,,,,,,,,,,,,
2464064,56526,Russia,4638683809,1779243750000,2026-05-20T02:22:30+00:00,50,3,4,7,8,11,14,17,18,20,,,,,,,,,,,,
2464048,56526,Russia,4638683731,1779242850000,2026-05-20T02:07:30+00:00,50,1,6,7,8,10,15,17,18,19,,,,,,,,,,,,
2464031,56526,Russia,4638683659,1779241950000,2026-05-20T01:52:30+00:00,50,3,4,10,12,13,15,16,17,20,,,,,,,,,,,,
2464010,56526,Russia,4638683581,1779241050000,2026-05-20T01:37:30+00:00,50,1,1,8,9,12,14,15,16,20,,,,,,,,,,,,
2463988,56526,Russia,4638683506,1779240150000,2026-05-20T01:22:30+00:00,50,3,3,4,5,6,11,16,18,20,,,,,,,,,,,,
2463968,56526,Russia,4638683428,1779239250000,2026-05-20T01:07:30+00:00,50,2,2,5,8,13,14,17,19,20,,,,,,,,,,,,
2463946,56526,Russia,4638683356,1779238350000,2026-05-20T00:52:30+00:00,50,4,4,11,13,14,16,17,18,20,,,,,,,,,,,,
2463926,56526,Russia,4638683278,1779237450000,2026-05-20T00:37:30+00:00,50,3,4,5,8,9,12,18,19,20,,,,,,,,,,,,
2463907,56526,Russia,4638683203,1779236550000,2026-05-20T00:22:30+00:00,50,3,1,2,4,10,15,16,18,19,,,,,,,,,,,,
2463885,56526,Russia,4638683125,1779235650000,2026-05-20T00:07:30+00:00,50,2,3,5,7,8,9,11,16,19,,,,,,,,,,,,
2463860,56526,Russia,4636674034,1779234750000,2026-05-19T23:52:30+00:00,50,3,3,4,10,11,13,16,18,19,,,,,,,,,,,,
2463829,56526,Russia,4636673956,1779233850000,2026-05-19T23:37:30+00:00,50,1,1,5,6,10,12,13,16,18,,,,,,,,,,,,
2463815,56526,Russia,4636673881,1779232950000,2026-05-19T23:22:30+00:00,50,4,7,8,9,13,15,16,17,19,,,,,,,,,,,,
2463795,56526,Russia,4636673803,1779232050000,2026-05-19T23:07:30+00:00,50,3,2,3,6,8,10,11,12,16,,,,,,,,,,,,
2463773,56526,Russia,4636673731,1779231150000,2026-05-19T22:52:30+00:00,50,3,1,2,6,9,12,13,14,16,,,,,,,,,,,,
2463750,56526,Russia,4636673653,1779230250000,2026-05-19T22:37:30+00:00,50,3,3,8,10,11,13,14,17,18,,,,,,,,,,,,
2463728,56526,Russia,4636673578,1779229350000,2026-05-19T22:22:30+00:00,50,4,2,3,10,12,15,16,19,20,,,,,,,,,,,,
2463708,56526,Russia,4636673509,1779228450000,2026-05-19T22:07:30+00:00,50,1,2,6,7,8,10,14,16,19,,,,,,,,,,,,
2463688,56526,Russia,4636673467,1779227550000,2026-05-19T21:52:30+00:00,50,2,1,3,7,9,11,14,19,20,,,,,,,,,,,,
2463658,56526,Russia,4636673443,1779226650000,2026-05-19T21:37:30+00:00,50,3,1,2,3,5,6,9,16,20,,,,,,,,,,,,
2463630,56526,Russia,4636673419,1779225750000,2026-05-19T21:22:30+00:00,50,4,5,7,8,11,12,16,17,20,,,,,,,,,,,,
2463600,56526,Russia,4636673398,1779224850000,2026-05-19T21:07:30+00:00,50,1,4,6,7,9,10,11,14,16,,,,,,,,,,,,
2463570,56526,Russia,4636672183,1779223950000,2026-05-19T20:52:30+00:00,50,2,1,5,11,14,16,18,19,20,,,,,,,,,,,,
2463539,56526,Russia,4636672078,1779223050000,2026-05-19T20:37:30+00:00,50,2,1,3,4,5,9,14,15,17,,,,,,,,,,,,
2463449,56526,Russia,4636671985,1779222150000,2026-05-19T20:22:30+00:00,60,,,,,,,,,,,,,,,,,,,,,
2463473,56526,Russia,4636671877,1779221250000,2026-05-19T20:07:30+00:00,50,3,1,5,6,7,11,13,18,19,,,,,,,,,,,,
2463440,56526,Russia,4636671763,1779220350000,2026-05-19T19:52:30+00:00,50,2,2,7,13,15,16,17,18,20,,,,,,,,,,,,
2463408,56526,Russia,4636671640,1779219450000,2026-05-19T19:37:30+00:00,50,1,3,4,5,7,9,11,17,18,,,,,,,,,,,,
2463254,56526,Russia,4636671532,1779218550000,2026-05-19T19:22:30+00:00,60,,,,,,,,,,,,,,,,,,,,,
2463253,56526,Russia,4636671421,1779217650000,2026-05-19T19:07:30+00:00,60,,,,,,,,,,,,,,,,,,,,,
2463252,56526,Russia,4636671292,1779216750000,2026-05-19T18:52:30+00:00,60,,,,,,,,,,,,,,,,,,,,,
2463279,56526,Russia,4636671172,1779215850000,2026-05-19T18:37:30+00:00,50,3,2,6,7,9,11,12,15,16,,,,,,,,,,,,
2463243,56526,Russia,4636671049,1779214950000,2026-05-19T18:22:30+00:00,50,1,4,5,8,9,10,11,13,15,,,,,,,,,,,,
2463209,56526,Russia,4636670938,1779214050000,2026-05-19T18:07:30+00:00,50,2,4,6,9,10,12,13,15,20,,,,,,,,,,,,
2463175,56526,Russia,4636670803,1779213150000,2026-05-19T17:52:30+00:00,50,4,3,4,5,10,12,14,15,18,,,,,,,,,,,,
2463144,56526,Russia,4636670689,1779212250000,2026-05-19T17:37:30+00:00,50,4,1,2,4,10,14,16,18,20,,,,,,,,,,,,
2463113,56526,Russia,4636670581,1779211350000,2026-05-19T17:22:30+00:00,50,1,2,3,4,10,11,15,17,20,,,,,,,,,,,,
2462992,56526,Russia,4636670467,1779210450000,2026-05-19T17:07:30+00:00,60,,,,,,,,,,,,,,,,,,,,,
2462991,56526,Russia,4636670341,1779209550000,2026-05-19T16:52:30+00:00,60,,,,,,,,,,,,,,,,,,,,,
2463013,56526,Russia,4636670221,1779208650000,2026-05-19T16:37:30+00:00,50,1,1,3,6,7,12,13,15,20,,,,,,,,,,,,
2462980,56526,Russia,4636670110,1779207750000,2026-05-19T16:22:30+00:00,50,3,1,7,12,14,16,18,19,20,,,,,,,,,,,,
2462949,56526,Russia,4636669999,1779206850000,2026-05-19T16:07:30+00:00,50,4,1,2,11,12,13,16,18,20,,,,,,,,,,,,
2462917,56526,Russia,4636669885,1779205950000,2026-05-19T15:52:30+00:00,50,4,3,4,6,9,10,14,15,20,,,,,,,,,,,,
2462883,56526,Russia,4636669756,1779205050000,2026-05-19T15:37:30+00:00,50,2,5,6,8,10,13,15,16,20,,,,,,,,,,,,
2462742,56526,Russia,4636669648,1779204150000,2026-05-19T15:22:30+00:00,60,,,,,,,,,,,,,,,,,,,,,
2462741,56526,Russia,4636669537,1779203250000,2026-05-19T15:07:30+00:00,60,,,,,,,,,,,,,,,,,,,,,
2462740,56526,Russia,4636669420,1779202350000,2026-05-19T14:52:30+00:00,60,,,,,,,,,,,,,,,,,,,,,
2462764,56526,Russia,4636669309,1779201450000,2026-05-19T14:37:30+00:00,50,2,2,4,5,7,8,9,12,19,,,,,,,,,,,,
2462731,56526,Russia,4636669201,1779200550000,2026-05-19T14:22:30+00:00,50,4,1,2,6,12,14,15,16,20,,,,,,,,,,,,
2462699,56526,Russia,4636669090,1779199650000,2026-05-19T14:07:30+00:00,50,4,2,6,7,8,9,10,12,13,,,,,,,,,,,,
2462668,56526,Russia,4636668979,1779198750000,2026-05-19T13:52:30+00:00,50,1,1,4,11,14,15,16,18,20,,,,,,,,,,,,
2462637,56526,Russia,4636668868,1779197850000,2026-05-19T13:37:30+00:00,50,2,1,4,7,8,13,16,18,19,,,,,,,,,,,,
2462523,56526,Russia,4636668766,1779196950000,2026-05-19T13:22:30+00:00,60,,,,,,,,,,,,,,,,,,,,,
2462522,56526,Russia,4636668649,1779196050000,2026-05-19T13:07:30+00:00,60,,,,,,,,,,,,,,,,,,,,,
2462543,56526,Russia,4636668529,1779195150000,2026-05-19T12:52:30+00:00,50,2,1,2,4,10,14,15,18,20,,,,,,,,,,,,
2462510,56526,Russia,4636668418,1779194250000,2026-05-19T12:37:30+00:00,50,4,1,8,10,12,13,14,17,18,,,,,,,,,,,,
2462480,56526,Russia,4636668310,1779193350000,2026-05-19T12:22:30+00:00,50,2,1,2,8,11,13,15,18,19,,,,,,,,,,,,
2462449,56526,Russia,4636668199,1779192450000,2026-05-19T12:07:30+00:00,50,1,4,5,7,9,10,12,18,20,,,,,,,,,,,,
2462416,56526,Russia,4636668082,1779191550000,2026-05-19T11:52:30+00:00,50,4,1,3,4,9,10,15,17,19,,,,,,,,,,,,
2462384,56526,Russia,4636667965,1779190650000,2026-05-19T11:37:30+00:00,50,3,1,5,10,12,13,14,17,18,,,,,,,,,,,,
2462354,56526,Russia,4636667860,1779189750000,2026-05-19T11:22:30+00:00,50,3,1,2,3,4,5,10,15,19,,,,,,,,,,,,
2462322,56526,Russia,4636667749,1779188850000,2026-05-19T11:07:30+00:00,50,3,3,5,10,13,15,16,18,20,,,,,,,,,,,,
2462237,56526,Russia,4636667638,1779187950000,2026-05-19T10:52:30+00:00,60,,,,,,,,,,,,,,,,,,,,,
2462258,56526,Russia,4636667518,1779187050000,2026-05-19T10:37:30+00:00,50,1,1,2,3,9,12,13,17,20,,,,,,,,,,,,
2462116,56526,Russia,4636667413,1779186150000,2026-05-19T10:22:30+00:00,60,,,,,,,,,,,,,,,,,,,,,
2462115,56526,Russia,4636667302,1779185250000,2026-05-19T10:07:30+00:00,60,,,,,,,,,,,,,,,,,,,,,
2462114,56526,Russia,4636667188,1779184350000,2026-05-19T09:52:30+00:00,60,,,,,,,,,,,,,,,,,,,,,
2462137,56526,Russia,4636667077,1779183450000,2026-05-19T09:37:30+00:00,50,2,1,4,5,6,11,13,16,20,,,,,,,,,,,,
2462105,56526,Russia,4636666972,1779182550000,2026-05-19T09:22:30+00:00,50,3,1,4,9,13,14,17,19,20,,,,,,,,,,,,
2462025,56526,Russia,4636666861,1779181650000,2026-05-19T09:07:30+00:00,60,,,,,,,,,,,,,,,,,,,,,
2462044,56526,Russia,4636666747,1779180750000,2026-05-19T08:52:30+00:00,50,4,1,2,4,6,7,10,12,13,,,,,,,,,,,,
2462013,56526,Russia,4636666636,1779179850000,2026-05-19T08:37:30+00:00,50,3,2,3,12,13,14,16,17,18,,,,,,,,,,,,
2461984,56526,Russia,4636666531,1779178950000,2026-05-19T08:22:30+00:00,50,2,1,2,3,13,15,18,19,20,,,,,,,,,,,,
2461953,56526,Russia,4636666420,1779178050000,2026-05-19T08:07:30+00:00,50,1,5,7,11,12,14,16,17,18,,,,,,,,,,,,
2461921,56526,Russia,4636666309,1779177150000,2026-05-19T07:52:30+00:00,50,3,2,3,4,5,6,8,11,18,,,,,,,,,,,,
2461890,56526,Russia,4636666198,1779176250000,2026-05-19T07:37:30+00:00,50,1,1,8,9,11,15,16,17,19,,,,,,,,,,,,
2461749,56526,Russia,4636666093,1779175350000,2026-05-19T07:22:30+00:00,60,,,,,,,,,,,,,,,,,,,,,
2461748,56526,Russia,4636665982,1779174450000,2026-05-19T07:07:30+00:00,60,,,,,,,,,,,,,,,,,,,,,
2461747,56526,Russia,4636665868,1779173550000,2026-05-19T06:52:30+00:00,60,,,,,,,,,,,,,,,,,,,,,
2461770,56526,Russia,4636665757,1779172650000,2026-05-19T06:37:30+00:00,50,4,1,5,9,10,14,15,17,18,,,,,,,,,,,,
2461738,56526,Russia,4636665655,1779171750000,2026-05-19T06:22:30+00:00,50,1,2,4,9,10,11,14,16,19,,,,,,,,,,,,
2461706,56526,Russia,4636665544,1779170850000,2026-05-19T06:07:30+00:00,50,3,1,3,7,8,13,17,18,19,,,,,,,,,,,,
2461679,56526,Russia,4636665442,1779169950000,2026-05-19T05:52:30+00:00,50,2,2,8,10,11,13,14,17,19,,,,,,,,,,,,
2461652,56526,Russia,4636665340,1779169050000,2026-05-19T05:37:30+00:00,50,1,1,2,3,5,9,13,17,20,,,,,,,,,,,,
2461627,56526,Russia,4636665247,1779168150000,2026-05-19T05:22:30+00:00,50,1,1,2,7,11,13,15,17,19,,,,,,,,,,,,
2461599,56526,Russia,4636665145,1779167250000,2026-05-19T05:07:30+00:00,50,3,2,7,9,13,14,15,18,20,,,,,,,,,,,,
2461574,56526,Russia,4636665055,1779166350000,2026-05-19T04:52:30+00:00,50,2,1,3,5,8,12,13,17,18,,,,,,,,,,,,
2461550,56526,Russia,4636664965,1779165450000,2026-05-19T04:37:30+00:00,50,1,2,4,5,7,9,12,18,20,,,,,,,,,,,,
2461530,56526,Russia,4636664887,1779164550000,2026-05-19T04:22:30+00:00,50,2,2,12,13,14,16,17,19,20,,,,,,,,,,,,
2461510,56526,Russia,4636664809,1779163650000,2026-05-19T04:07:30+00:00,50,4,2,3,9,10,13,14,15,16,,,,,,,,,,,,
2461491,56526,Russia,4636664737,1779162750000,2026-05-19T03:52:30+00:00,50,3,3,4,8,9,11,14,17,20,,,,,,,,,,,,
2461470,56526,Russia,4636664659,1779161850000,2026-05-19T03:37:30+00:00,50,2,1,2,4,6,13,16,19,20,,,,,,,,,,,,
2461447,56526,Russia,4636664584,1779160950000,2026-05-19T03:22:30+00:00,50,3,1,5,12,13,14,15,16,17,,,,,,,,,,,,
2461417,56526,Russia,4636664506,1779160050000,2026-05-19T03:07:30+00:00,50,3,1,3,9,10,14,17,19,20,,,,,,,,,,,,
2461393,56526,Russia,4636664434,1779159150000,2026-05-19T02:52:30+00:00,50,4,1,2,3,9,12,15,16,18,,,,,,,,,,,,
2461372,56526,Russia,4636664356,1779158250000,2026-05-19T02:37:30+00:00,50,1,1,4,6,10,12,14,16,20,,,,,,,,,,,,
2461346,56526,Russia,4636664281,1779157350000,2026-05-19T02:22:30+00:00,50,2,2,6,7,8,9,14,16,20,,,,,,,,,,,,
2461321,56526,Russia,4636664203,1779156450000,2026-05-19T02:07:30+00:00,50,1,7,8,9,12,13,14,15,19,,,,,,,,,,,,
2461301,56526,Russia,4636664131,1779155550000,2026-05-19T01:52:30+00:00,50,4,2,4,6,7,12,13,14,15,,,,,,,,,,,,
2461280,56526,Russia,4636664053,1779154650000,2026-05-19T01:37:30+00:00,50,3,3,5,7,13,14,15,19,20,,,,,,,,,,,,
2461260,56526,Russia,4636663978,1779153750000,2026-05-19T01:22:30+00:00,50,4,5,6,8,9,13,15,17,20,,,,,,,,,,,,
2461240,56526,Russia,4636663900,1779152850000,2026-05-19T01:07:30+00:00,50,4,1,7,9,10,12,14,15,17,,,,,,,,,,,,
2461216,56526,Russia,4636663828,1779151950000,2026-05-19T00:52:30+00:00,50,3,2,3,9,13,14,15,19,20,,,,,,,,,,,,
2461195,56526,Russia,4636663750,1779151050000,2026-05-19T00:37:30+00:00,50,4,1,8,10,12,13,14,15,16,,,,,,,,,,,,
2461176,56526,Russia,4636663675,1779150150000,2026-05-19T00:22:30+00:00,50,4,3,5,6,13,14,15,16,18,,,,,,,,,,,,
2461155,56526,Russia,4636663597,1779149250000,2026-05-19T00:07:30+00:00,50,4,2,3,7,9,11,15,17,20,,,,,,,,,,,,
2461132,56526,Russia,4634987227,1779148350000,2026-05-18T23:52:30+00:00,50,1,2,4,5,8,9,11,12,17,,,,,,,,,,,,
2461110,56526,Russia,4634987149,1779147450000,2026-05-18T23:37:30+00:00,50,2,3,4,5,9,14,15,16,18,,,,,,,,,,,,
2461088,56526,Russia,4634987074,1779146550000,2026-05-18T23:22:30+00:00,50,3,1,2,4,7,8,11,14,17,,,,,,,,,,,,
2461064,56526,Russia,4634986996,1779145650000,2026-05-18T23:07:30+00:00,50,2,2,6,7,8,9,12,13,14,,,,,,,,,,,,
2461038,56526,Russia,4634986924,1779144750000,2026-05-18T22:52:30+00:00,50,2,7,8,9,10,13,18,19,20,,,,,,,,,,,,
2461015,56526,Russia,4634986846,1779143850000,2026-05-18T22:37:30+00:00,50,4,7,8,9,10,13,15,17,19,,,,,,,,,,,,
2460993,56526,Russia,4634986771,1779142950000,2026-05-18T22:22:30+00:00,50,1,2,3,4,7,8,14,17,19,,,,,,,,,,,,
2460973,56526,Russia,4634986702,1779142050000,2026-05-18T22:07:30+00:00,50,3,1,2,10,11,12,13,17,20,,,,,,,,,,,,
2460953,56526,Russia,4634986660,1779141150000,2026-05-18T21:52:30+00:00,50,4,3,4,8,9,10,12,13,19,,,,,,,,,,,,
2460923,56526,Russia,4634986636,1779140250000,2026-05-18T21:37:30+00:00,50,2,3,5,7,8,9,10,14,18,,,,,,,,,,,,
2460895,56526,Russia,4634986612,1779139350000,2026-05-18T21:22:30+00:00,50,1,1,4,7,9,12,13,14,19,,,,,,,,,,,,
2460865,56526,Russia,4634986591,1779138450000,2026-05-18T21:07:30+00:00,50,2,1,5,8,11,14,17,18,19,,,,,,,,,,,,
2460834,56526,Russia,4634985364,1779137550000,2026-05-18T20:52:30+00:00,50,3,2,4,10,12,14,17,19,20,,,,,,,,,,,,
2460803,56526,Russia,4634985259,1779136650000,2026-05-18T20:37:30+00:00,50,1,3,4,6,7,9,13,17,19,,,,,,,,,,,,
2460714,56526,Russia,4634985166,1779135750000,2026-05-18T20:22:30+00:00,60,,,,,,,,,,,,,,,,,,,,,
2460739,56526,Russia,4634985058,1779134850000,2026-05-18T20:07:30+00:00,50,2,2,7,9,13,15,16,17,19,,,,,,,,,,,,
2460705,56526,Russia,4634984944,1779133950000,2026-05-18T19:52:30+00:00,50,4,2,3,4,7,9,13,17,20,,,,,,,,,,,,
2460673,56526,Russia,4634984824,1779133050000,2026-05-18T19:37:30+00:00,50,3,1,3,4,6,8,16,18,19,,,,,,,,,,,,
2460524,56526,Russia,4634984716,1779132150000,2026-05-18T19:22:30+00:00,60,,,,,,,,,,,,,,,,,,,,,
2460523,56526,Russia,4634984605,1779131250000,2026-05-18T19:07:30+00:00,60,,,,,,,,,,,,,,,,,,,,,
2460522,56526,Russia,4634984488,1779130350000,2026-05-18T18:52:30+00:00,60,,,,,,,,,,,,,,,,,,,,,
2460548,56526,Russia,4634984371,1779129450000,2026-05-18T18:37:30+00:00,50,4,1,2,7,11,13,14,16,17,,,,,,,,,,,,
2460511,56526,Russia,4634984251,1779128550000,2026-05-18T18:22:30+00:00,50,1,4,5,6,7,14,15,16,18,,,,,,,,,,,,
2460478,56526,Russia,4634984134,1779127650000,2026-05-18T18:07:30+00:00,50,1,1,5,6,8,13,15,18,19,,,,,,,,,,,,
2460445,56526,Russia,4634984008,1779126750000,2026-05-18T17:52:30+00:00,50,3,5,9,12,13,14,16,18,19,,,,,,,,,,,,
2460414,56526,Russia,4634983894,1779125850000,2026-05-18T17:37:30+00:00,50,1,1,5,6,8,15,17,19,20,,,,,,,,,,,,
2460383,56526,Russia,4634983786,1779124950000,2026-05-18T17:22:30+00:00,50,4,1,2,3,5,7,13,14,18,,,,,,,,,,,,
2460263,56526,Russia,4634983672,1779124050000,2026-05-18T17:07:30+00:00,60,,,,,,,,,,,,,,,,,,,,,
2460262,56526,Russia,4634983546,1779123150000,2026-05-18T16:52:30+00:00,60,,,,,,,,,,,,,,,,,,,,,
2460284,56526,Russia,4634983426,1779122250000,2026-05-18T16:37:30+00:00,50,2,1,9,10,12,17,18,19,20,,,,,,,,,,,,
2460251,56526,Russia,4634983315,1779121350000,2026-05-18T16:22:30+00:00,50,2,1,4,5,6,7,9,16,17,,,,,,,,,,,,
2460219,56526,Russia,4634983204,1779120450000,2026-05-18T16:07:30+00:00,50,1,3,7,8,10,11,15,17,19,,,,,,,,,,,,
2460185,56526,Russia,4634983090,1779119550000,2026-05-18T15:52:30+00:00,50,2,4,7,9,11,15,16,18,20,,,,,,,,,,,,
2460153,56526,Russia,4634982967,1779118650000,2026-05-18T15:37:30+00:00,50,2,1,3,4,5,6,8,13,19,,,,,,,,,,,,
2460012,56526,Russia,4634982859,1779117750000,2026-05-18T15:22:30+00:00,60,,,,,,,,,,,,,,,,,,,,,
2460011,56526,Russia,4634982748,1779116850000,2026-05-18T15:07:30+00:00,60,,,,,,,,,,,,,,,,,,,,,
2460010,56526,Russia,4634982631,1779115950000,2026-05-18T14:52:30+00:00,60,,,,,,,,,,,,,,,,,,,,,
2460033,56526,Russia,4634982520,1779115050000,2026-05-18T14:37:30+00:00,50,3,4,9,11,12,14,16,19,20,,,,,,,,,,,,
2460001,56526,Russia,4634982415,1779114150000,2026-05-18T14:22:30+00:00,50,1,1,4,6,8,9,12,14,19,,,,,,,,,,,,
2459970,56526,Russia,4634982304,1779113250000,2026-05-18T14:07:30+00:00,50,3,1,4,5,6,8,9,14,19,,,,,,,,,,,,
2459937,56526,Russia,4634982193,1779112350000,2026-05-18T13:52:30+00:00,50,4,1,6,7,8,10,12,14,20,,,,,,,,,,,,
2459907,56526,Russia,4634982082,1779111450000,2026-05-18T13:37:30+00:00,50,4,7,12,13,14,15,16,19,20,,,,,,,,,,,,
2459793,56526,Russia,4634981980,1779110550000,2026-05-18T13:22:30+00:00,60,,,,,,,,,,,,,,,,,,,,,
2459792,56526,Russia,4634981863,1779109650000,2026-05-18T13:07:30+00:00,60,,,,,,,,,,,,,,,,,,,,,
2459813,56526,Russia,4634981740,1779108750000,2026-05-18T12:52:30+00:00,50,3,4,6,8,9,11,13,18,19,,,,,,,,,,,,
2459780,56526,Russia,4634981629,1779107850000,2026-05-18T12:37:30+00:00,50,2,5,6,8,11,15,17,18,19,,,,,,,,,,,,
2459750,56526,Russia,4634981521,1779106950000,2026-05-18T12:22:30+00:00,50,3,3,5,8,11,12,13,17,18,,,,,,,,,,,,
2459719,56526,Russia,4634981410,1779106050000,2026-05-18T12:07:30+00:00,50,1,2,4,5,6,13,15,18,20,,,,,,,,,,,,
2459686,56526,Russia,4634981293,1779105150000,2026-05-18T11:52:30+00:00,50,2,2,3,8,9,13,16,18,20,,,,,,,,,,,,
2459654,56526,Russia,4634981176,1779104250000,2026-05-18T11:37:30+00:00,50,4,1,3,4,5,8,14,15,19,,,,,,,,,,,,
2459624,56526,Russia,4634981071,1779103350000,2026-05-18T11:22:30+00:00,50,2,2,3,10,11,12,14,15,18,,,,,,,,,,,,
2459592,56526,Russia,4634980960,1779102450000,2026-05-18T11:07:30+00:00,50,4,1,2,5,9,10,11,14,15,,,,,,,,,,,,
2459506,56526,Russia,4634980849,1779101550000,2026-05-18T10:52:30+00:00,60,,,,,,,,,,,,,,,,,,,,,
2459525,56526,Russia,4634980729,1779100650000,2026-05-18T10:37:30+00:00,50,2,2,4,8,9,14,15,16,20,,,,,,,,,,,,
2459383,56526,Russia,4634980621,1779099750000,2026-05-18T10:22:30+00:00,60,,,,,,,,,,,,,,,,,,,,,
2459382,56526,Russia,4634980510,1779098850000,2026-05-18T10:07:30+00:00,60,,,,,,,,,,,,,,,,,,,,,
2459381,56526,Russia,4634980396,1779097950000,2026-05-18T09:52:30+00:00,60,,,,,,,,,,,,,,,,,,,,,
2459404,56526,Russia,4634980282,1779097050000,2026-05-18T09:37:30+00:00,50,4,1,4,5,7,9,10,12,20,,,,,,,,,,,,
2459372,56526,Russia,4634980174,1779096150000,2026-05-18T09:22:30+00:00,50,4,1,4,8,9,12,13,15,20,,,,,,,,,,,,
2459292,56526,Russia,4634980063,1779095250000,2026-05-18T09:07:30+00:00,60,,,,,,,,,,,,,,,,,,,,,
2459311,56526,Russia,4634979949,1779094350000,2026-05-18T08:52:30+00:00,50,2,1,2,3,5,9,11,15,19,,,,,,,,,,,,
2459279,56526,Russia,4634979838,1779093450000,2026-05-18T08:37:30+00:00,50,1,1,2,7,8,11,14,18,20,,,,,,,,,,,,
2459251,56526,Russia,4634979733,1779092550000,2026-05-18T08:22:30+00:00,50,1,1,4,5,8,9,11,12,20,,,,,,,,,,,,
2459220,56526,Russia,4634979622,1779091650000,2026-05-18T08:07:30+00:00,50,4,2,5,9,11,13,15,17,19,,,,,,,,,,,,
2459188,56526,Russia,4634979511,1779090750000,2026-05-18T07:52:30+00:00,50,3,4,5,8,9,11,12,13,19,,,,,,,,,,,,
2459157,56526,Russia,4634979400,1779089850000,2026-05-18T07:37:30+00:00,50,3,4,6,8,11,13,15,16,17,,,,,,,,,,,,
2459017,56526,Russia,4634979295,1779088950000,2026-05-18T07:22:30+00:00,60,,,,,,,,,,,,,,,,,,,,,
2459016,56526,Russia,4634979184,1779088050000,2026-05-18T07:07:30+00:00,60,,,,,,,,,,,,,,,,,,,,,
2459015,56526,Russia,4634979070,1779087150000,2026-05-18T06:52:30+00:00,60,,,,,,,,,,,,,,,,,,,,,
2459037,56526,Russia,4634978959,1779086250000,2026-05-18T06:37:30+00:00,50,3,5,9,11,13,14,17,18,19,,,,,,,,,,,,
2459006,56526,Russia,4634978857,1779085350000,2026-05-18T06:22:30+00:00,50,1,3,10,14,15,17,18,19,20,,,,,,,,,,,,
2458974,56526,Russia,4634978746,1779084450000,2026-05-18T06:07:30+00:00,50,4,2,7,10,11,12,14,15,18,,,,,,,,,,,,
2458947,56526,Russia,4634978644,1779083550000,2026-05-18T05:52:30+00:00,50,4,4,6,8,11,12,17,19,20,,,,,,,,,,,,
2458920,56526,Russia,4634978542,1779082650000,2026-05-18T05:37:30+00:00,50,1,1,2,4,8,12,15,16,18,,,,,,,,,,,,
2458895,56526,Russia,4634978449,1779081750000,2026-05-18T05:22:30+00:00,50,4,1,2,3,6,10,14,17,20,,,,,,,,,,,,
2458867,56526,Russia,4634978347,1779080850000,2026-05-18T05:07:30+00:00,50,2,1,2,3,9,10,13,16,17,,,,,,,,,,,,
2458842,56526,Russia,4634978257,1779079950000,2026-05-18T04:52:30+00:00,50,2,4,5,7,8,9,11,12,13,,,,,,,,,,,,
2458818,56526,Russia,4634978167,1779079050000,2026-05-18T04:37:30+00:00,50,4,1,4,5,6,10,13,14,19,,,,,,,,,,,,
2458798,56526,Russia,4634978089,1779078150000,2026-05-18T04:22:30+00:00,50,3,2,6,8,11,14,15,18,20,,,,,,,,,,,,
2458778,56526,Russia,4634978011,1779077250000,2026-05-18T04:07:30+00:00,50,4,2,3,8,9,15,16,19,20,,,,,,,,,,,,
2458760,56526,Russia,4634977939,1779076350000,2026-05-18T03:52:30+00:00,50,4,4,7,12,14,15,16,18,20,,,,,,,,,,,,
2458735,56526,Russia,4634977861,1779075450000,2026-05-18T03:37:30+00:00,50,3,3,7,9,10,13,15,16,19,,,,,,,,,,,,
2458711,56526,Russia,4634977786,1779074550000,2026-05-18T03:22:30+00:00,50,1,1,2,3,6,7,9,12,19,,,,,,,,,,,,
2458688,56526,Russia,4634977708,1779073650000,2026-05-18T03:07:30+00:00,50,2,1,2,3,5,8,10,12,16,,,,,,,,,,,,
2458669,56526,Russia,4634977636,1779072750000,2026-05-18T02:52:30+00:00,50,4,3,6,10,11,13,16,17,20,,,,,,,,,,,,
2458647,56526,Russia,4634977558,1779071850000,2026-05-18T02:37:30+00:00,50,2,1,2,3,4,6,9,10,16,,,,,,,,,,,,
2458625,56526,Russia,4634977483,1779070950000,2026-05-18T02:22:30+00:00,50,1,1,2,3,4,7,11,14,17,,,,,,,,,,,,
2458602,56526,Russia,4634977405,1779070050000,2026-05-18T02:07:30+00:00,50,2,2,4,5,8,12,16,17,18,,,,,,,,,,,,
2458582,56526,Russia,4634977333,1779069150000,2026-05-18T01:52:30+00:00,50,1,2,5,8,11,13,14,15,17,,,,,,,,,,,,
2458560,56526,Russia,4634977255,1779068250000,2026-05-18T01:37:30+00:00,50,3,2,6,8,11,13,15,19,20,,,,,,,,,,,,
2458540,56526,Russia,4634977180,1779067350000,2026-05-18T01:22:30+00:00,50,4,3,7,9,10,11,12,13,15,,,,,,,,,,,,
2458518,56526,Russia,4634977102,1779066450000,2026-05-18T01:07:30+00:00,50,2,2,3,5,6,8,11,16,17,,,,,,,,,,,,
2458495,56526,Russia,4634977030,1779065550000,2026-05-18T00:52:30+00:00,50,4,3,5,7,8,10,15,19,20,,,,,,,,,,,,
2458475,56526,Russia,4634976952,1779064650000,2026-05-18T00:37:30+00:00,50,1,1,5,7,9,12,13,15,20,,,,,,,,,,,,
2458455,56526,Russia,4634976877,1779063750000,2026-05-18T00:22:30+00:00,50,2,2,3,6,7,16,17,19,20,,,,,,,,,,,,
2458435,56526,Russia,4634976799,1779062850000,2026-05-18T00:07:30+00:00,50,4,4,8,10,11,14,15,18,19,,,,,,,,,,,,
2458414,56526,Russia,4633170274,1779061950000,2026-05-17T23:52:30+00:00,50,1,2,3,6,10,13,14,15,16,,,,,,,,,,,,
2458394,56526,Russia,4633170196,1779061050000,2026-05-17T23:37:30+00:00,50,3,3,6,8,10,11,12,17,18,,,,,,,,,,,,
2458372,56526,Russia,4633170121,1779060150000,2026-05-17T23:22:30+00:00,50,1,5,6,7,8,10,11,17,20,,,,,,,,,,,,
2458352,56526,Russia,4633170043,1779059250000,2026-05-17T23:07:30+00:00,50,2,1,2,3,6,9,11,12,13,,,,,,,,,,,,
2458327,56526,Russia,4633169971,1779058350000,2026-05-17T22:52:30+00:00,50,3,1,2,4,8,13,15,18,19,,,,,,,,,,,,
2458304,56526,Russia,4633169893,1779057450000,2026-05-17T22:37:30+00:00,50,2,2,3,4,5,10,11,15,19,,,,,,,,,,,,
2458282,56526,Russia,4633169818,1779056550000,2026-05-17T22:22:30+00:00,50,4,2,3,6,8,9,15,17,19,,,,,,,,,,,,
2458262,56526,Russia,4633169749,1779055650000,2026-05-17T22:07:30+00:00,50,3,7,10,11,13,15,17,18,19,,,,,,,,,,,,
2458242,56526,Russia,4633169707,1779054750000,2026-05-17T21:52:30+00:00,50,4,2,5,6,11,13,14,15,16,,,,,,,,,,,,
2458212,56526,Russia,4633169683,1779053850000,2026-05-17T21:37:30+00:00,50,4,5,7,9,12,13,14,16,17,,,,,,,,,,,,
2458184,56526,Russia,4633169659,1779052950000,2026-05-17T21:22:30+00:00,50,1,1,2,5,10,12,13,16,19,,,,,,,,,,,,
2458154,56526,Russia,4633169638,1779052050000,2026-05-17T21:07:30+00:00,50,4,1,5,7,8,9,12,18,20,,,,,,,,,,,,
2458123,56526,Russia,4633168432,1779051150000,2026-05-17T20:52:30+00:00,50,4,1,3,9,10,12,13,17,18,,,,,,,,,,,,
2458092,56526,Russia,4633168327,1779050250000,2026-05-17T20:37:30+00:00,50,2,2,3,4,6,9,13,14,18,,,,,,,,,,,,
2458004,56526,Russia,4633168234,1779049350000,2026-05-17T20:22:30+00:00,60,,,,,,,,,,,,,,,,,,,,,
2458022,56526,Russia,4633168126,1779048450000,2026-05-17T20:07:30+00:00,50,2,3,5,6,8,13,15,19,20,,,,,,,,,,,,
2457995,56526,Russia,4633168012,1779047550000,2026-05-17T19:52:30+00:00,50,1,1,2,3,8,9,11,15,20,,,,,,,,,,,,
2457964,56526,Russia,4633167895,1779046650000,2026-05-17T19:37:30+00:00,50,4,2,5,9,13,14,16,18,19,,,,,,,,,,,,
2457813,56526,Russia,4633167784,1779045750000,2026-05-17T19:22:30+00:00,60,,,,,,,,,,,,,,,,,,,,,
2457812,56526,Russia,4633167673,1779044850000,2026-05-17T19:07:30+00:00,60,,,,,,,,,,,,,,,,,,,,,
2457811,56526,Russia,4633167553,1779043950000,2026-05-17T18:52:30+00:00,60,,,,,,,,,,,,,,,,,,,,,
2457837,56526,Russia,4633167439,1779043050000,2026-05-17T18:37:30+00:00,50,2,4,5,12,14,15,16,18,19,,,,,,,,,,,,
2457802,56526,Russia,4633167322,1779042150000,2026-05-17T18:22:30+00:00,50,2,3,6,8,12,14,16,17,19,,,,,,,,,,,,
2457770,56526,Russia,4633167211,1779041250000,2026-05-17T18:07:30+00:00,50,4,2,4,5,9,13,15,18,19,,,,,,,,,,,,
2457738,56526,Russia,4633167085,1779040350000,2026-05-17T17:52:30+00:00,50,2,2,4,5,6,10,11,17,18,,,,,,,,,,,,
2457706,56526,Russia,4633166971,1779039450000,2026-05-17T17:37:30+00:00,50,2,3,6,7,8,11,13,14,18,,,,,,,,,,,,
2457676,56526,Russia,4633166866,1779038550000,2026-05-17T17:22:30+00:00,50,3,1,2,6,9,10,14,19,20,,,,,,,,,,,,
2457555,56526,Russia,4633166749,1779037650000,2026-05-17T17:07:30+00:00,60,,,,,,,,,,,,,,,,,,,,,
2457554,56526,Russia,4633166623,1779036750000,2026-05-17T16:52:30+00:00,60,,,,,,,,,,,,,,,,,,,,,
2457575,56526,Russia,4633166503,1779035850000,2026-05-17T16:37:30+00:00,50,4,2,4,7,10,11,15,16,19,,,,,,,,,,,,
2457543,56526,Russia,4633166392,1779034950000,2026-05-17T16:22:30+00:00,50,3,3,9,10,13,14,15,17,19,,,,,,,,,,,,
2457511,56526,Russia,4633166281,1779034050000,2026-05-17T16:07:30+00:00,50,2,2,5,9,11,12,13,14,20,,,,,,,,,,,,
2457480,56526,Russia,4633166167,1779033150000,2026-05-17T15:52:30+00:00,50,1,1,5,7,9,10,11,12,16,,,,,,,,,,,,
2457445,56526,Russia,4633166047,1779032250000,2026-05-17T15:37:30+00:00,50,4,1,4,7,9,10,11,17,19,,,,,,,,,,,,
2457306,56526,Russia,4633165933,1779031350000,2026-05-17T15:22:30+00:00,60,,,,,,,,,,,,,,,,,,,,,
2457305,56526,Russia,4633165822,1779030450000,2026-05-17T15:07:30+00:00,60,,,,,,,,,,,,,,,,,,,,,
2457304,56526,Russia,4633165708,1779029550000,2026-05-17T14:52:30+00:00,60,,,,,,,,,,,,,,,,,,,,,
2457327,56526,Russia,4633165597,1779028650000,2026-05-17T14:37:30+00:00,50,2,1,3,5,9,10,11,16,18,,,,,,,,,,,,
2457295,56526,Russia,4633165492,1779027750000,2026-05-17T14:22:30+00:00,50,4,1,4,6,10,11,12,17,18,,,,,,,,,,,,
2457247,56526,Russia,4633165381,1779026850000,2026-05-17T14:07:30+00:00,50,1,1,3,5,6,12,15,18,19,,,,,,,,,,,,
2457232,56526,Russia,4633165270,1779025950000,2026-05-17T13:52:30+00:00,50,3,3,6,8,9,14,15,18,19,,,,,,,,,,,,
2457201,56526,Russia,4633165159,1779025050000,2026-05-17T13:37:30+00:00,50,2,4,5,9,11,15,18,19,20,,,,,,,,,,,,
2457088,56526,Russia,4633165057,1779024150000,2026-05-17T13:22:30+00:00,60,,,,,,,,,,,,,,,,,,,,,
2457087,56526,Russia,4633164940,1779023250000,2026-05-17T13:07:30+00:00,60,,,,,,,,,,,,,,,,,,,,,
2457108,56526,Russia,4633164820,1779022350000,2026-05-17T12:52:30+00:00,50,3,2,3,9,13,14,15,17,18,,,,,,,,,,,,
2457074,56526,Russia,4633164709,1779021450000,2026-05-17T12:37:30+00:00,50,1,1,7,8,9,13,14,16,17,,,,,,,,,,,,
2457045,56526,Russia,4633164601,1779020550000,2026-05-17T12:22:30+00:00,50,3,1,5,7,10,12,15,17,18,,,,,,,,,,,,
2457013,56526,Russia,4633164490,1779019650000,2026-05-17T12:07:30+00:00,50,2,2,4,7,11,12,14,19,20,,,,,,,,,,,,
2456981,56526,Russia,4633164373,1779018750000,2026-05-17T11:52:30+00:00,50,1,1,6,7,8,17,18,19,20,,,,,,,,,,,,
2456949,56526,Russia,4633164256,1779017850000,2026-05-17T11:37:30+00:00,50,4,3,5,8,10,11,13,14,15,,,,,,,,,,,,
2456920,56526,Russia,4633164151,1779016950000,2026-05-17T11:22:30+00:00,50,2,2,4,6,7,8,14,16,20,,,,,,,,,,,,
2456887,56526,Russia,4633164040,1779016050000,2026-05-17T11:07:30+00:00,50,1,1,2,3,7,12,14,15,18,,,,,,,,,,,,
2456802,56526,Russia,4633163929,1779015150000,2026-05-17T10:52:30+00:00,60,,,,,,,,,,,,,,,,,,,,,
2456824,56526,Russia,4633163809,1779014250000,2026-05-17T10:37:30+00:00,50,4,1,2,5,6,8,11,12,18,,,,,,,,,,,,
2456682,56526,Russia,4633163704,1779013350000,2026-05-17T10:22:30+00:00,60,,,,,,,,,,,,,,,,,,,,,
2456681,56526,Russia,4633163593,1779012450000,2026-05-17T10:07:30+00:00,60,,,,,,,,,,,,,,,,,,,,,
2456680,56526,Russia,4633163479,1779011550000,2026-05-17T09:52:30+00:00,60,,,,,,,,,,,,,,,,,,,,,
2456703,56526,Russia,4633163368,1779010650000,2026-05-17T09:37:30+00:00,50,4,1,2,3,4,6,8,12,16,,,,,,,,,,,,
2456671,56526,Russia,4633163263,1779009750000,2026-05-17T09:22:30+00:00,50,1,3,4,6,9,11,13,16,17,,,,,,,,,,,,
2456590,56526,Russia,4633163152,1779008850000,2026-05-17T09:07:30+00:00,60,,,,,,,,,,,,,,,,,,,,,
2456609,56526,Russia,4633163038,1779007950000,2026-05-17T08:52:30+00:00,50,1,1,10,11,12,13,15,16,20,,,,,,,,,,,,
2456578,56526,Russia,4633162927,1779007050000,2026-05-17T08:37:30+00:00,50,3,4,5,6,10,11,13,16,17,,,,,,,,,,,,
2456549,56526,Russia,4633162822,1779006150000,2026-05-17T08:22:30+00:00,50,4,1,2,5,10,15,17,18,19,,,,,,,,,,,,
2456517,56526,Russia,4633162711,1779005250000,2026-05-17T08:07:30+00:00,50,4,1,6,12,13,15,16,18,19,,,,,,,,,,,,
2456486,56526,Russia,4633162600,1779004350000,2026-05-17T07:52:30+00:00,50,3,2,5,6,8,9,11,12,17,,,,,,,,,,,,
2456455,56526,Russia,4633162489,1779003450000,2026-05-17T07:37:30+00:00,50,3,1,4,12,13,15,16,18,20,,,,,,,,,,,,
2456315,56526,Russia,4633162384,1779002550000,2026-05-17T07:22:30+00:00,60,,,,,,,,,,,,,,,,,,,,,
2456314,56526,Russia,4633162273,1779001650000,2026-05-17T07:07:30+00:00,60,,,,,,,,,,,,,,,,,,,,,
2456313,56526,Russia,4633162159,1779000750000,2026-05-17T06:52:30+00:00,60,,,,,,,,,,,,,,,,,,,,,
2456335,56526,Russia,4633162048,1778999850000,2026-05-17T06:37:30+00:00,50,2,2,4,8,9,14,15,17,19,,,,,,,,,,,,
2456304,56526,Russia,4633161946,1778998950000,2026-05-17T06:22:30+00:00,50,3,1,4,6,9,11,12,17,18,,,,,,,,,,,,
2456272,56526,Russia,4633161835,1778998050000,2026-05-17T06:07:30+00:00,50,1,2,3,4,6,10,13,17,20,,,,,,,,,,,,
2456245,56526,Russia,4633161733,1778997150000,2026-05-17T05:52:30+00:00,50,1,3,5,6,8,12,13,14,18,,,,,,,,,,,,
2456218,56526,Russia,4633161631,1778996250000,2026-05-17T05:37:30+00:00,50,4,2,3,6,9,12,14,17,19,,,,,,,,,,,,
2456193,56526,Russia,4633161538,1778995350000,2026-05-17T05:22:30+00:00,50,1,3,6,11,14,15,16,18,20,,,,,,,,,,,,
2456164,56526,Russia,4633161436,1778994450000,2026-05-17T05:07:30+00:00,50,1,2,3,4,8,9,10,11,12,,,,,,,,,,,,
2456140,56526,Russia,4633161346,1778993550000,2026-05-17T04:52:30+00:00,50,4,5,8,9,11,13,16,17,19,,,,,,,,,,,,
2456116,56526,Russia,4633161256,1778992650000,2026-05-17T04:37:30+00:00,50,3,2,4,5,8,10,15,16,17,,,,,,,,,,,,
2456091,56526,Russia,4633161178,1778991750000,2026-05-17T04:22:30+00:00,50,1,3,5,6,8,10,12,13,14,,,,,,,,,,,,
2456069,56526,Russia,4633161100,1778990850000,2026-05-17T04:07:30+00:00,50,2,1,3,4,5,15,16,18,19,,,,,,,,,,,,
2456050,56526,Russia,4633161028,1778989950000,2026-05-17T03:52:30+00:00,50,3,1,4,7,8,9,11,14,16,,,,,,,,,,,,
2456026,56526,Russia,4633160950,1778989050000,2026-05-17T03:37:30+00:00,50,3,1,3,4,10,13,15,16,19,,,,,,,,,,,,
2456005,56526,Russia,4633160875,1778988150000,2026-05-17T03:22:30+00:00,50,4,2,6,8,12,14,15,16,19,,,,,,,,,,,,
2455974,56526,Russia,4633160797,1778987250000,2026-05-17T03:07:30+00:00,50,4,3,4,8,9,11,13,17,19,,,,,,,,,,,,
2455952,56526,Russia,4633160725,1778986350000,2026-05-17T02:52:30+00:00,50,2,2,3,7,9,10,15,16,17,,,,,,,,,,,,
2455927,56526,Russia,4633160647,1778985450000,2026-05-17T02:37:30+00:00,50,1,1,5,6,7,8,18,19,20,,,,,,,,,,,,
2455902,56526,Russia,4633160572,1778984550000,2026-05-17T02:22:30+00:00,50,1,1,6,9,10,11,12,15,19,,,,,,,,,,,,
2455877,56526,Russia,4633160494,1778983650000,2026-05-17T02:07:30+00:00,50,2,2,4,8,9,13,16,17,18,,,,,,,,,,,,
2455857,56526,Russia,4633160422,1778982750000,2026-05-17T01:52:30+00:00,50,3,5,9,10,12,14,15,16,18,,,,,,,,,,,,
2455836,56526,Russia,4633160344,1778981850000,2026-05-17T01:37:30+00:00,50,3,4,9,10,13,16,17,18,20,,,,,,,,,,,,
2455816,56526,Russia,4633160269,1778980950000,2026-05-17T01:22:30+00:00,50,3,1,2,6,10,12,13,15,18,,,,,,,,,,,,
2455796,56526,Russia,4633160191,1778980050000,2026-05-17T01:07:30+00:00,50,2,3,4,5,8,15,17,18,19,,,,,,,,,,,,
2455773,56526,Russia,4633160119,1778979150000,2026-05-17T00:52:30+00:00,50,3,1,2,6,7,11,12,15,19,,,,,,,,,,,,
2455751,56526,Russia,4633160041,1778978250000,2026-05-17T00:37:30+00:00,50,1,3,4,7,13,15,18,19,20,,,,,,,,,,,,
2455732,56526,Russia,4633159966,1778977350000,2026-05-17T00:22:30+00:00,50,3,3,4,5,6,7,9,11,18,,,,,,,,,,,,
2455703,56526,Russia,4633159888,1778976450000,2026-05-17T00:07:30+00:00,50,4,2,5,6,7,10,13,19,20,,,,,,,,,,,,
2455681,56526,Russia,4631423269,1778975550000,2026-05-16T23:52:30+00:00,50,4,3,5,9,10,12,13,14,15,,,,,,,,,,,,
2455671,56526,Russia,4631423191,1778974650000,2026-05-16T23:37:30+00:00,50,1,2,3,5,9,10,12,19,20,,,,,,,,,,,,
2455646,56526,Russia,4631423116,1778973750000,2026-05-16T23:22:30+00:00,50,4,1,6,8,9,10,12,17,18,,,,,,,,,,,,
2455625,56526,Russia,4631423038,1778972850000,2026-05-16T23:07:30+00:00,50,2,3,5,6,7,9,10,12,19,,,,,,,,,,,,
2455599,56526,Russia,4631422966,1778971950000,2026-05-16T22:52:30+00:00,50,1,2,3,4,7,9,10,14,19,,,,,,,,,,,,
2455573,56526,Russia,4631422888,1778971050000,2026-05-16T22:37:30+00:00,50,3,1,4,7,10,11,13,16,18,,,,,,,,,,,,
2455554,56526,Russia,4631422813,1778970150000,2026-05-16T22:22:30+00:00,50,2,1,3,7,8,15,18,19,20,,,,,,,,,,,,
2455534,56526,Russia,4631422744,1778969250000,2026-05-16T22:07:30+00:00,50,1,2,3,7,8,10,14,18,19,,,,,,,,,,,,
2455514,56526,Russia,4631422702,1778968350000,2026-05-16T21:52:30+00:00,50,2,6,7,9,10,12,13,16,17,,,,,,,,,,,,
2455484,56526,Russia,4631422678,1778967450000,2026-05-16T21:37:30+00:00,50,4,5,7,9,10,12,13,16,20,,,,,,,,,,,,
2455456,56526,Russia,4631422654,1778966550000,2026-05-16T21:22:30+00:00,50,2,3,4,5,10,11,14,15,17,,,,,,,,,,,,
2455426,56526,Russia,4631422633,1778965650000,2026-05-16T21:07:30+00:00,50,2,1,4,5,6,7,13,15,16,,,,,,,,,,,,
2455395,56526,Russia,4631421415,1778964750000,2026-05-16T20:52:30+00:00,50,3,1,2,4,14,16,17,18,20,,,,,,,,,,,,
2455364,56526,Russia,4631421310,1778963850000,2026-05-16T20:37:30+00:00,50,2,2,8,12,13,14,15,18,20,,,,,,,,,,,,
2455273,56526,Russia,4631421217,1778962950000,2026-05-16T20:22:30+00:00,60,,,,,,,,,,,,,,,,,,,,,
2455298,56526,Russia,4631421109,1778962050000,2026-05-16T20:07:30+00:00,50,1,2,3,4,5,7,18,19,20,,,,,,,,,,,,
2455264,56526,Russia,4631420995,1778961150000,2026-05-16T19:52:30+00:00,50,1,1,2,5,6,10,13,16,20,,,,,,,,,,,,
2455228,56526,Russia,4631420869,1778960250000,2026-05-16T19:37:30+00:00,50,2,1,4,6,8,9,10,14,16,,,,,,,,,,,,
2455072,56526,Russia,4631420761,1778959350000,2026-05-16T19:22:30+00:00,60,,,,,,,,,,,,,,,,,,,,,
2455071,56526,Russia,4631420644,1778958450000,2026-05-16T19:07:30+00:00,60,,,,,,,,,,,,,,,,,,,,,
2455070,56526,Russia,4631420512,1778957550000,2026-05-16T18:52:30+00:00,60,,,,,,,,,,,,,,,,,,,,,
2455096,56526,Russia,4631420389,1778956650000,2026-05-16T18:37:30+00:00,50,3,1,3,4,7,12,13,18,20,,,,,,,,,,,,
2455061,56526,Russia,4631420266,1778955750000,2026-05-16T18:22:30+00:00,50,2,1,2,3,4,7,8,10,14,,,,,,,,,,,,
2455025,56526,Russia,4631420149,1778954850000,2026-05-16T18:07:30+00:00,50,4,1,2,7,8,11,12,13,17,,,,,,,,,,,,
2454990,56526,Russia,4631420014,1778953950000,2026-05-16T17:52:30+00:00,50,1,1,2,3,4,6,14,16,20,,,,,,,,,,,,
2454959,56526,Russia,4631419900,1778953050000,2026-05-16T17:37:30+00:00,50,2,4,6,7,11,13,15,17,20,,,,,,,,,,,,
2454920,56526,Russia,4631419789,1778952150000,2026-05-16T17:22:30+00:00,50,2,1,2,3,7,9,10,12,18,,,,,,,,,,,,
2454804,56526,Russia,4631419675,1778951250000,2026-05-16T17:07:30+00:00,60,,,,,,,,,,,,,,,,,,,,,
2454803,56526,Russia,4631419546,1778950350000,2026-05-16T16:52:30+00:00,60,,,,,,,,,,,,,,,,,,,,,
2454825,56526,Russia,4631419426,1778949450000,2026-05-16T16:37:30+00:00,50,2,2,3,5,6,12,15,16,17,,,,,,,,,,,,
2454792,56526,Russia,4631419315,1778948550000,2026-05-16T16:22:30+00:00,50,2,3,4,7,8,9,17,18,20,,,,,,,,,,,,
2454761,56526,Russia,4631419198,1778947650000,2026-05-16T16:07:30+00:00,50,2,2,3,4,11,14,16,17,18,,,,,,,,,,,,
2454725,56526,Russia,4631419081,1778946750000,2026-05-16T15:52:30+00:00,50,3,4,9,11,12,13,17,19,20,,,,,,,,,,,,
2454693,56526,Russia,4631418958,1778945850000,2026-05-16T15:37:30+00:00,50,2,4,9,10,12,14,16,18,19,,,,,,,,,,,,
2454552,56526,Russia,4631418850,1778944950000,2026-05-16T15:22:30+00:00,60,,,,,,,,,,,,,,,,,,,,,
2454551,56526,Russia,4631418739,1778944050000,2026-05-16T15:07:30+00:00,60,,,,,,,,,,,,,,,,,,,,,
2454550,56526,Russia,4631418616,1778943150000,2026-05-16T14:52:30+00:00,60,,,,,,,,,,,,,,,,,,,,,
2454574,56526,Russia,4631418505,1778942250000,2026-05-16T14:37:30+00:00,50,1,4,5,6,8,10,13,15,16,,,,,,,,,,,,
2454542,56526,Russia,4631418400,1778941350000,2026-05-16T14:22:30+00:00,50,2,1,5,6,9,12,17,19,20,,,,,,,,,,,,
2454510,56526,Russia,4631418289,1778940450000,2026-05-16T14:07:30+00:00,50,4,4,7,9,10,11,13,15,18,,,,,,,,,,,,
2454479,56526,Russia,4631418178,1778939550000,2026-05-16T13:52:30+00:00,50,4,3,7,8,11,13,15,19,20,,,,,,,,,,,,
2454448,56526,Russia,4631418067,1778938650000,2026-05-16T13:37:30+00:00,50,3,1,2,7,9,10,12,14,19,,,,,,,,,,,,
2454333,56526,Russia,4631417965,1778937750000,2026-05-16T13:22:30+00:00,60,,,,,,,,,,,,,,,,,,,,,
2454332,56526,Russia,4631417848,1778936850000,2026-05-16T13:07:30+00:00,60,,,,,,,,,,,,,,,,,,,,,
2454354,56526,Russia,4631417728,1778935950000,2026-05-16T12:52:30+00:00,50,4,1,3,8,10,15,16,18,19,,,,,,,,,,,,
2454318,56526,Russia,4631417617,1778935050000,2026-05-16T12:37:30+00:00,50,2,1,3,5,6,10,11,18,19,,,,,,,,,,,,
2454290,56526,Russia,4631417509,1778934150000,2026-05-16T12:22:30+00:00,50,3,5,6,9,11,13,14,17,19,,,,,,,,,,,,
2454258,56526,Russia,4631417398,1778933250000,2026-05-16T12:07:30+00:00,50,1,3,5,6,11,14,15,16,20,,,,,,,,,,,,
2454227,56526,Russia,4631417281,1778932350000,2026-05-16T11:52:30+00:00,50,3,1,5,9,10,13,14,15,16,,,,,,,,,,,,
2454194,56526,Russia,4631417164,1778931450000,2026-05-16T11:37:30+00:00,50,1,2,3,6,8,10,14,18,19,,,,,,,,,,,,
2454164,56526,Russia,4631417056,1778930550000,2026-05-16T11:22:30+00:00,50,2,2,3,5,7,8,14,18,19,,,,,,,,,,,,
2454133,56526,Russia,4631416945,1778929650000,2026-05-16T11:07:30+00:00,50,3,1,6,7,8,9,11,19,20,,,,,,,,,,,,
2454048,56526,Russia,4631416834,1778928750000,2026-05-16T10:52:30+00:00,60,,,,,,,,,,,,,,,,,,,,,
2454069,56526,Russia,4631416714,1778927850000,2026-05-16T10:37:30+00:00,50,1,3,4,6,7,10,11,12,17,,,,,,,,,,,,
2453926,56526,Russia,4631416609,1778926950000,2026-05-16T10:22:30+00:00,60,,,,,,,,,,,,,,,,,,,,,
2453925,56526,Russia,4631416498,1778926050000,2026-05-16T10:07:30+00:00,60,,,,,,,,,,,,,,,,,,,,,
2453924,56526,Russia,4631416384,1778925150000,2026-05-16T09:52:30+00:00,60,,,,,,,,,,,,,,,,,,,,,
2453947,56526,Russia,4631416273,1778924250000,2026-05-16T09:37:30+00:00,50,3,1,5,9,10,14,15,17,18,,,,,,,,,,,,
2453915,56526,Russia,4631416165,1778923350000,2026-05-16T09:22:30+00:00,50,2,6,8,10,11,12,14,18,20,,,,,,,,,,,,
2453832,56526,Russia,4631416054,1778922450000,2026-05-16T09:07:30+00:00,60,,,,,,,,,,,,,,,,,,,,,
2453852,56526,Russia,4631415940,1778921550000,2026-05-16T08:52:30+00:00,50,2,1,3,5,6,8,10,16,20,,,,,,,,,,,,
2453820,56526,Russia,4631415829,1778920650000,2026-05-16T08:37:30+00:00,50,3,5,6,8,9,10,13,15,19,,,,,,,,,,,,
2453792,56526,Russia,4631415724,1778919750000,2026-05-16T08:22:30+00:00,50,2,1,2,4,6,8,10,11,16,,,,,,,,,,,,
2453761,56526,Russia,4631415613,1778918850000,2026-05-16T08:07:30+00:00,50,4,4,8,9,11,15,17,18,20,,,,,,,,,,,,
2453729,56526,Russia,4631415502,1778917950000,2026-05-16T07:52:30+00:00,50,4,2,4,7,8,11,12,14,18,,,,,,,,,,,,
2453698,56526,Russia,4631415391,1778917050000,2026-05-16T07:37:30+00:00,50,1,1,4,5,6,8,9,12,14,,,,,,,,,,,,
2453558,56526,Russia,4631415283,1778916150000,2026-05-16T07:22:30+00:00,60,,,,,,,,,,,,,,,,,,,,,
2453557,56526,Russia,4631415172,1778915250000,2026-05-16T07:07:30+00:00,60,,,,,,,,,,,,,,,,,,,,,
2453556,56526,Russia,4631415058,1778914350000,2026-05-16T06:52:30+00:00,60,,,,,,,,,,,,,,,,,,,,,
2453578,56526,Russia,4631414947,1778913450000,2026-05-16T06:37:30+00:00,50,4,1,4,6,9,12,16,18,19,,,,,,,,,,,,
2453547,56526,Russia,4631414845,1778912550000,2026-05-16T06:22:30+00:00,50,4,4,6,7,10,12,17,18,20,,,,,,,,,,,,
2453516,56526,Russia,4631414734,1778911650000,2026-05-16T06:07:30+00:00,50,2,2,5,10,12,14,15,17,20,,,,,,,,,,,,
2453486,56526,Russia,4631414632,1778910750000,2026-05-16T05:52:30+00:00,50,3,6,7,8,12,13,15,18,19,,,,,,,,,,,,
2453461,56526,Russia,4631414530,1778909850000,2026-05-16T05:37:30+00:00,50,1,1,4,5,6,11,15,16,18,,,,,,,,,,,,
2453436,56526,Russia,4631414437,1778908950000,2026-05-16T05:22:30+00:00,50,1,1,2,3,8,10,15,17,20,,,,,,,,,,,,
2453405,56526,Russia,4631414335,1778908050000,2026-05-16T05:07:30+00:00,50,4,3,10,13,14,16,18,19,20,,,,,,,,,,,,
2453383,56526,Russia,4631414245,1778907150000,2026-05-16T04:52:30+00:00,50,4,1,2,3,6,9,12,14,18,,,,,,,,,,,,
2453357,56526,Russia,4631414155,1778906250000,2026-05-16T04:37:30+00:00,50,3,2,5,8,10,17,18,19,20,,,,,,,,,,,,
2453337,56526,Russia,4631414077,1778905350000,2026-05-16T04:22:30+00:00,50,2,1,2,4,10,11,16,18,19,,,,,,,,,,,,
2453317,56526,Russia,4631413999,1778904450000,2026-05-16T04:07:30+00:00,50,1,1,3,9,11,14,16,18,19,,,,,,,,,,,,
2453288,56526,Russia,4631413927,1778903550000,2026-05-16T03:52:30+00:00,50,1,1,3,4,6,8,15,16,17,,,,,,,,,,,,
2453261,56526,Russia,4631413849,1778902650000,2026-05-16T03:37:30+00:00,50,2,4,6,7,11,12,15,16,18,,,,,,,,,,,,
2453245,56526,Russia,4631413774,1778901750000,2026-05-16T03:22:30+00:00,50,4,1,8,10,11,12,16,18,19,,,,,,,,,,,,
2453224,56526,Russia,4631413696,1778900850000,2026-05-16T03:07:30+00:00,50,4,1,2,4,7,14,17,18,19,,,,,,,,,,,,
2453203,56526,Russia,4631413624,1778899950000,2026-05-16T02:52:30+00:00,50,3,3,7,10,11,14,16,18,20,,,,,,,,,,,,
2453182,56526,Russia,4631413546,1778899050000,2026-05-16T02:37:30+00:00,50,4,7,8,11,12,14,16,17,19,,,,,,,,,,,,
2453160,56526,Russia,4631413471,1778898150000,2026-05-16T02:22:30+00:00,50,4,2,5,7,10,16,17,19,20,,,,,,,,,,,,
2453136,56526,Russia,4631413393,1778897250000,2026-05-16T02:07:30+00:00,50,3,3,4,6,7,9,10,11,12,,,,,,,,,,,,
2453114,56526,Russia,4631413321,1778896350000,2026-05-16T01:52:30+00:00,50,2,4,6,8,9,10,11,14,18,,,,,,,,,,,,
2453095,56526,Russia,4631413243,1778895450000,2026-05-16T01:37:30+00:00,50,4,5,7,9,11,13,17,18,20,,,,,,,,,,,,
2453075,56526,Russia,4631413168,1778894550000,2026-05-16T01:22:30+00:00,50,1,2,10,12,15,16,17,19,20,,,,,,,,,,,,
2453055,56526,Russia,4631413090,1778893650000,2026-05-16T01:07:30+00:00,50,1,1,2,3,8,11,12,17,19,,,,,,,,,,,,
2453033,56526,Russia,4631413018,1778892750000,2026-05-16T00:52:30+00:00,50,2,3,5,6,7,11,13,16,20,,,,,,,,,,,,
2453013,56526,Russia,4631412940,1778891850000,2026-05-16T00:37:30+00:00,50,1,1,2,8,10,11,12,15,16,,,,,,,,,,,,
2452994,56526,Russia,4631412865,1778890950000,2026-05-16T00:22:30+00:00,50,1,1,2,5,10,11,17,18,20,,,,,,,,,,,,
2452973,56526,Russia,4631412787,1778890050000,2026-05-16T00:07:30+00:00,50,3,1,3,4,8,11,16,19,20,,,,,,,,,,,,
2452951,56526,Russia,4629549841,1778889150000,2026-05-15T23:52:30+00:00,50,2,2,4,5,6,7,10,11,18,,,,,,,,,,,,
2452930,56526,Russia,4629549763,1778888250000,2026-05-15T23:37:30+00:00,50,2,2,5,6,7,8,13,18,20,,,,,,,,,,,,
2452907,56526,Russia,4629549688,1778887350000,2026-05-15T23:22:30+00:00,50,1,4,7,8,10,14,17,18,20,,,,,,,,,,,,
2452886,56526,Russia,4629549610,1778886450000,2026-05-15T23:07:30+00:00,50,1,1,2,3,4,10,11,12,20,,,,,,,,,,,,
2452859,56526,Russia,4629549538,1778885550000,2026-05-15T22:52:30+00:00,50,2,2,4,8,10,12,13,14,15,,,,,,,,,,,,
2452836,56526,Russia,4629549460,1778884650000,2026-05-15T22:37:30+00:00,50,3,3,4,10,13,15,16,18,20,,,,,,,,,,,,
2452814,56526,Russia,4629549385,1778883750000,2026-05-15T22:22:30+00:00,50,4,1,2,3,4,7,10,12,15,,,,,,,,,,,,
2452794,56526,Russia,4629549316,1778882850000,2026-05-15T22:07:30+00:00,50,3,4,5,6,7,8,10,11,14,,,,,,,,,,,,
2452774,56526,Russia,4629549274,1778881950000,2026-05-15T21:52:30+00:00,50,1,3,4,6,12,14,16,17,20,,,,,,,,,,,,
2452744,56526,Russia,4629549250,1778881050000,2026-05-15T21:37:30+00:00,50,3,2,4,5,6,10,11,12,15,,,,,,,,,,,,
2452716,56526,Russia,4629549226,1778880150000,2026-05-15T21:22:30+00:00,50,1,4,7,9,11,12,14,17,18,,,,,,,,,,,,
2452686,56526,Russia,4629549205,1778879250000,2026-05-15T21:07:30+00:00,50,3,3,9,10,12,14,15,17,20,,,,,,,,,,,,
2452655,56526,Russia,4629547987,1778878350000,2026-05-15T20:52:30+00:00,50,4,1,6,8,12,13,15,16,17,,,,,,,,,,,,
2452624,56526,Russia,4629547882,1778877450000,2026-05-15T20:37:30+00:00,50,1,1,2,6,9,11,13,15,20,,,,,,,,,,,,
2452535,56526,Russia,4629547789,1778876550000,2026-05-15T20:22:30+00:00,60,,,,,,,,,,,,,,,,,,,,,
2452560,56526,Russia,4629547681,1778875650000,2026-05-15T20:07:30+00:00,50,4,1,5,6,10,12,16,18,19,,,,,,,,,,,,
2452526,56526,Russia,4629547567,1778874750000,2026-05-15T19:52:30+00:00,50,2,1,2,9,10,14,15,17,19,,,,,,,,,,,,
2452495,56526,Russia,4629547450,1778873850000,2026-05-15T19:37:30+00:00,50,3,6,8,9,10,11,12,13,14,,,,,,,,,,,,
2452343,56526,Russia,4629547342,1778872950000,2026-05-15T19:22:30+00:00,60,,,,,,,,,,,,,,,,,,,,,
2452342,56526,Russia,4629547231,1778872050000,2026-05-15T19:07:30+00:00,60,,,,,,,,,,,,,,,,,,,,,
2452341,56526,Russia,4629547105,1778871150000,2026-05-15T18:52:30+00:00,60,,,,,,,,,,,,,,,,,,,,,
2452366,56526,Russia,4629546985,1778870250000,2026-05-15T18:37:30+00:00,50,2,2,3,8,9,11,14,15,18,,,,,,,,,,,,
2452332,56526,Russia,4629546865,1778869350000,2026-05-15T18:22:30+00:00,50,4,1,2,3,4,7,12,15,19,,,,,,,,,,,,
2452298,56526,Russia,4629546754,1778868450000,2026-05-15T18:07:30+00:00,50,1,2,4,5,7,9,10,11,18,,,,,,,,,,,,
2452263,56526,Russia,4629546619,1778867550000,2026-05-15T17:52:30+00:00,50,3,3,5,7,8,13,15,16,17,,,,,,,,,,,,
2452232,56526,Russia,4629546505,1778866650000,2026-05-15T17:37:30+00:00,50,3,1,3,6,8,9,10,15,17,,,,,,,,,,,,
2452201,56526,Russia,4629546397,1778865750000,2026-05-15T17:22:30+00:00,50,3,4,6,8,9,16,17,18,20,,,,,,,,,,,,
2452080,56526,Russia,4629546283,1778864850000,2026-05-15T17:07:30+00:00,60,,,,,,,,,,,,,,,,,,,,,
2452079,56526,Russia,4629546157,1778863950000,2026-05-15T16:52:30+00:00,60,,,,,,,,,,,,,,,,,,,,,
2452102,56526,Russia,4629546037,1778863050000,2026-05-15T16:37:30+00:00,50,4,2,7,9,11,12,15,18,19,,,,,,,,,,,,
2452068,56526,Russia,4629545926,1778862150000,2026-05-15T16:22:30+00:00,50,4,1,2,5,9,13,15,18,19,,,,,,,,,,,,
2452037,56526,Russia,4629545815,1778861250000,2026-05-15T16:07:30+00:00,50,4,3,5,6,9,10,15,17,20,,,,,,,,,,,,
2452003,56526,Russia,4629545701,1778860350000,2026-05-15T15:52:30+00:00,50,4,1,2,3,5,10,11,12,19,,,,,,,,,,,,
2451971,56526,Russia,4629545572,1778859450000,2026-05-15T15:37:30+00:00,50,3,1,2,3,11,12,16,18,19,,,,,,,,,,,,
2451828,56526,Russia,4629545464,1778858550000,2026-05-15T15:22:30+00:00,60,,,,,,,,,,,,,,,,,,,,,
2451827,56526,Russia,4629545353,1778857650000,2026-05-15T15:07:30+00:00,60,,,,,,,,,,,,,,,,,,,,,
2451826,56526,Russia,4629545236,1778856750000,2026-05-15T14:52:30+00:00,60,,,,,,,,,,,,,,,,,,,,,
2451852,56526,Russia,4629545125,1778855850000,2026-05-15T14:37:30+00:00,50,2,2,3,8,9,11,12,13,20,,,,,,,,,,,,
2451819,56526,Russia,4629545017,1778854950000,2026-05-15T14:22:30+00:00,50,1,4,5,7,10,11,13,19,20,,,,,,,,,,,,
2451787,56526,Russia,4629544906,1778854050000,2026-05-15T14:07:30+00:00,50,1,3,7,8,12,14,17,19,20,,,,,,,,,,,,
2451756,56526,Russia,4629544795,1778853150000,2026-05-15T13:52:30+00:00,50,1,2,3,4,7,12,16,17,20,,,,,,,,,,,,
2451725,56526,Russia,4629544684,1778852250000,2026-05-15T13:37:30+00:00,50,2,1,3,4,5,7,12,15,18,,,,,,,,,,,,
2451612,56526,Russia,4629544582,1778851350000,2026-05-15T13:22:30+00:00,60,,,,,,,,,,,,,,,,,,,,,
2451611,56526,Russia,4629544465,1778850450000,2026-05-15T13:07:30+00:00,60,,,,,,,,,,,,,,,,,,,,,
2451632,56526,Russia,4629544345,1778849550000,2026-05-15T12:52:30+00:00,50,3,3,8,9,10,12,14,18,20,,,,,,,,,,,,
2451599,56526,Russia,4629544234,1778848650000,2026-05-15T12:37:30+00:00,50,4,1,4,6,9,10,13,17,18,,,,,,,,,,,,
2451569,56526,Russia,4629544126,1778847750000,2026-05-15T12:22:30+00:00,50,1,2,7,10,11,15,18,19,20,,,,,,,,,,,,
2451538,56526,Russia,4629544015,1778846850000,2026-05-15T12:07:30+00:00,50,3,1,2,4,8,10,13,17,20,,,,,,,,,,,,
2451505,56526,Russia,4629543898,1778845950000,2026-05-15T11:52:30+00:00,50,1,2,5,7,10,15,16,18,20,,,,,,,,,,,,
2451473,56526,Russia,4629543781,1778845050000,2026-05-15T11:37:30+00:00,50,3,2,7,9,10,11,13,16,18,,,,,,,,,,,,
2451444,56526,Russia,4629543676,1778844150000,2026-05-15T11:22:30+00:00,50,1,2,3,4,12,13,15,16,20,,,,,,,,,,,,
2451411,56526,Russia,4629543565,1778843250000,2026-05-15T11:07:30+00:00,50,3,4,5,7,8,11,13,18,19,,,,,,,,,,,,
2451327,56526,Russia,4629543454,1778842350000,2026-05-15T10:52:30+00:00,60,,,,,,,,,,,,,,,,,,,,,
2451348,56526,Russia,4629543334,1778841450000,2026-05-15T10:37:30+00:00,50,2,1,3,4,9,13,15,17,18,,,,,,,,,,,,
2451204,56526,Russia,4629543229,1778840550000,2026-05-15T10:22:30+00:00,60,,,,,,,,,,,,,,,,,,,,,
2451203,56526,Russia,4629543118,1778839650000,2026-05-15T10:07:30+00:00,60,,,,,,,,,,,,,,,,,,,,,
2451202,56526,Russia,4629543004,1778838750000,2026-05-15T09:52:30+00:00,60,,,,,,,,,,,,,,,,,,,,,
2451225,56526,Russia,4629542890,1778837850000,2026-05-15T09:37:30+00:00,50,2,2,3,4,5,7,15,16,19,,,,,,,,,,,,
2451193,56526,Russia,4629542782,1778836950000,2026-05-15T09:22:30+00:00,50,3,3,4,6,11,13,15,17,19,,,,,,,,,,,,
2451112,56526,Russia,4629542671,1778836050000,2026-05-15T09:07:30+00:00,60,,,,,,,,,,,,,,,,,,,,,
2451132,56526,Russia,4629542557,1778835150000,2026-05-15T08:52:30+00:00,50,1,1,2,4,5,6,11,13,20,,,,,,,,,,,,
2451101,56526,Russia,4629542446,1778834250000,2026-05-15T08:37:30+00:00,50,3,3,4,7,8,10,14,17,18,,,,,,,,,,,,
2451072,56526,Russia,4629542341,1778833350000,2026-05-15T08:22:30+00:00,50,1,6,9,13,14,15,16,17,20,,,,,,,,,,,,
2451039,56526,Russia,4629542230,1778832450000,2026-05-15T08:07:30+00:00,50,2,3,6,7,13,14,15,17,20,,,,,,,,,,,,
2451009,56526,Russia,4629542119,1778831550000,2026-05-15T07:52:30+00:00,50,4,1,2,3,4,7,10,11,15,,,,,,,,,,,,
2450978,56526,Russia,4629542008,1778830650000,2026-05-15T07:37:30+00:00,50,2,7,10,14,15,16,17,18,19,,,,,,,,,,,,
2450838,56526,Russia,4629541903,1778829750000,2026-05-15T07:22:30+00:00,60,,,,,,,,,,,,,,,,,,,,,
2450837,56526,Russia,4629541792,1778828850000,2026-05-15T07:07:30+00:00,60,,,,,,,,,,,,,,,,,,,,,
2450836,56526,Russia,4629541678,1778827950000,2026-05-15T06:52:30+00:00,60,,,,,,,,,,,,,,,,,,,,,
2450858,56526,Russia,4629541567,1778827050000,2026-05-15T06:37:30+00:00,50,1,1,5,8,14,15,17,19,20,,,,,,,,,,,,
2450811,56526,Russia,4629541465,1778826150000,2026-05-15T06:22:30+00:00,50,4,1,3,7,10,11,12,18,20,,,,,,,,,,,,
2450795,56526,Russia,4629541354,1778825250000,2026-05-15T06:07:30+00:00,50,2,1,2,4,9,11,14,17,18,,,,,,,,,,,,
2450767,56526,Russia,4629541252,1778824350000,2026-05-15T05:52:30+00:00,50,3,2,6,7,11,13,14,17,18,,,,,,,,,,,,
2450738,56526,Russia,4629541150,1778823450000,2026-05-15T05:37:30+00:00,50,1,1,2,3,4,9,10,11,15,,,,,,,,,,,,
2450714,56526,Russia,4629541057,1778822550000,2026-05-15T05:22:30+00:00,50,1,1,2,4,5,10,13,18,20,,,,,,,,,,,,
2450685,56526,Russia,4629540955,1778821650000,2026-05-15T05:07:30+00:00,50,1,1,2,5,8,11,12,16,20,,,,,,,,,,,,
2450661,56526,Russia,4629540865,1778820750000,2026-05-15T04:52:30+00:00,50,2,1,2,3,9,11,14,19,20,,,,,,,,,,,,
2450637,56526,Russia,4629540775,1778819850000,2026-05-15T04:37:30+00:00,50,2,2,3,7,8,10,11,12,18,,,,,,,,,,,,
2450617,56526,Russia,4629540697,1778818950000,2026-05-15T04:22:30+00:00,50,4,1,7,9,12,13,14,15,16,,,,,,,,,,,,
2450597,56526,Russia,4629540619,1778818050000,2026-05-15T04:07:30+00:00,50,1,3,5,13,15,16,17,19,20,,,,,,,,,,,,
2450579,56526,Russia,4629540547,1778817150000,2026-05-15T03:52:30+00:00,50,1,2,7,8,12,13,15,18,20,,,,,,,,,,,,
2450558,56526,Russia,4629540469,1778816250000,2026-05-15T03:37:30+00:00,50,2,1,4,5,8,12,13,14,15,,,,,,,,,,,,
2450538,56526,Russia,4629540394,1778815350000,2026-05-15T03:22:30+00:00,50,4,6,8,9,10,11,13,17,18,,,,,,,,,,,,
2450506,56526,Russia,4629540316,1778814450000,2026-05-15T03:07:30+00:00,50,1,2,4,5,6,9,16,17,19,,,,,,,,,,,,
2450486,56526,Russia,4629540244,1778813550000,2026-05-15T02:52:30+00:00,50,2,1,3,4,6,13,15,17,20,,,,,,,,,,,,
2450465,56526,Russia,4629540166,1778812650000,2026-05-15T02:37:30+00:00,50,1,4,5,6,10,11,12,14,17,,,,,,,,,,,,
2450441,56526,Russia,4629540091,1778811750000,2026-05-15T02:22:30+00:00,50,3,1,5,8,9,13,15,16,17,,,,,,,,,,,,
2450419,56526,Russia,4629540013,1778810850000,2026-05-15T02:07:30+00:00,50,3,5,6,8,13,15,17,19,20,,,,,,,,,,,,
2450397,56526,Russia,4629539941,1778809950000,2026-05-15T01:52:30+00:00,50,4,1,3,5,10,11,12,13,15,,,,,,,,,,,,
2450376,56526,Russia,4629539863,1778809050000,2026-05-15T01:37:30+00:00,50,2,2,3,6,8,9,15,16,18,,,,,,,,,,,,
2450356,56526,Russia,4629539788,1778808150000,2026-05-15T01:22:30+00:00,50,4,1,3,5,6,12,15,17,19,,,,,,,,,,,,
2450334,56526,Russia,4629539710,1778807250000,2026-05-15T01:07:30+00:00,50,1,1,3,5,6,8,13,16,20,,,,,,,,,,,,
2450311,56526,Russia,4629539638,1778806350000,2026-05-15T00:52:30+00:00,50,1,1,2,4,7,9,10,11,20,,,,,,,,,,,,
2450291,56526,Russia,4629539560,1778805450000,2026-05-15T00:37:30+00:00,50,2,2,4,10,11,14,15,17,18,,,,,,,,,,,,
2450271,56526,Russia,4629539485,1778804550000,2026-05-15T00:22:30+00:00,50,4,4,5,6,7,8,14,18,20,,,,,,,,,,,,
2450251,56526,Russia,4629539407,1778803650000,2026-05-15T00:07:30+00:00,50,4,3,7,10,12,13,16,19,20,,,,,,,,,,,,
2450229,56526,Russia,4627661335,1778802750000,2026-05-14T23:52:30+00:00,50,3,2,4,11,12,14,15,16,19,,,,,,,,,,,,
2450202,56526,Russia,4627661257,1778801850000,2026-05-14T23:37:30+00:00,50,2,3,4,5,12,13,17,19,20,,,,,,,,,,,,
2450186,56526,Russia,4627661182,1778800950000,2026-05-14T23:22:30+00:00,50,2,1,7,9,12,13,16,18,20,,,,,,,,,,,,
2450165,56526,Russia,4627661104,1778800050000,2026-05-14T23:07:30+00:00,50,3,1,2,9,14,15,18,19,20,,,,,,,,,,,,
2450138,56526,Russia,4627661032,1778799150000,2026-05-14T22:52:30+00:00,50,2,1,2,5,6,7,12,14,17,,,,,,,,,,,,
2450115,56526,Russia,4627660954,1778798250000,2026-05-14T22:37:30+00:00,50,3,1,2,3,11,12,13,14,18,,,,,,,,,,,,
2450093,56526,Russia,4627660879,1778797350000,2026-05-14T22:22:30+00:00,50,4,1,3,4,5,8,11,12,15,,,,,,,,,,,,
2450073,56526,Russia,4627660810,1778796450000,2026-05-14T22:07:30+00:00,50,1,1,3,5,6,11,14,18,20,,,,,,,,,,,,
2450051,56526,Russia,4627660768,1778795550000,2026-05-14T21:52:30+00:00,50,4,3,5,8,11,15,17,18,19,,,,,,,,,,,,
2450021,56526,Russia,4627660744,1778794650000,2026-05-14T21:37:30+00:00,50,3,1,3,4,5,8,12,17,18,,,,,,,,,,,,
2450020,56526,Russia,4627660720,1778793750000,2026-05-14T21:22:30+00:00,50,2,2,3,5,9,10,11,15,16,,,,,,,,,,,,
2450053,56526,Russia,4627660699,1778792850000,2026-05-14T21:07:30+00:00,50,1,2,3,5,6,7,15,16,20,,,,,,,,,,,,
2449934,56526,Russia,4627659481,1778791950000,2026-05-14T20:52:30+00:00,50,1,2,6,9,10,15,16,18,19,,,,,,,,,,,,
2449903,56526,Russia,4627659376,1778791050000,2026-05-14T20:37:30+00:00,50,3,2,3,9,10,16,17,18,19,,,,,,,,,,,,
2449812,56526,Russia,4627659283,1778790150000,2026-05-14T20:22:30+00:00,60,,,,,,,,,,,,,,,,,,,,,
2449837,56526,Russia,4627659175,1778789250000,2026-05-14T20:07:30+00:00,50,3,3,4,5,8,10,11,14,19,,,,,,,,,,,,
2449803,56526,Russia,4627659061,1778788350000,2026-05-14T19:52:30+00:00,50,1,2,8,10,14,15,16,18,19,,,,,,,,,,,,
2449771,56526,Russia,4627658935,1778787450000,2026-05-14T19:37:30+00:00,50,2,1,3,5,8,9,10,11,12,,,,,,,,,,,,
2449622,56526,Russia,4627658827,1778786550000,2026-05-14T19:22:30+00:00,60,,,,,,,,,,,,,,,,,,,,,
2449621,56526,Russia,4627658716,1778785650000,2026-05-14T19:07:30+00:00,60,,,,,,,,,,,,,,,,,,,,,
2449620,56526,Russia,4627658596,1778784750000,2026-05-14T18:52:30+00:00,60,,,,,,,,,,,,,,,,,,,,,
2449645,56526,Russia,4627658479,1778783850000,2026-05-14T18:37:30+00:00,50,1,1,4,5,7,12,14,16,18,,,,,,,,,,,,
2449610,56526,Russia,4627658359,1778782950000,2026-05-14T18:22:30+00:00,50,1,1,4,9,10,11,12,14,17,,,,,,,,,,,,
2449578,56526,Russia,4627658248,1778782050000,2026-05-14T18:07:30+00:00,50,1,3,6,8,12,15,16,18,20,,,,,,,,,,,,
2449543,56526,Russia,4627658116,1778781150000,2026-05-14T17:52:30+00:00,50,4,1,3,6,8,9,14,18,19,,,,,,,,,,,,
2449512,56526,Russia,4627658002,1778780250000,2026-05-14T17:37:30+00:00,50,3,2,4,9,11,13,15,17,20,,,,,,,,,,,,
2449482,56526,Russia,4627657894,1778779350000,2026-05-14T17:22:30+00:00,50,3,1,2,6,11,12,14,16,18,,,,,,,,,,,,
2449359,56526,Russia,4627657780,1778778450000,2026-05-14T17:07:30+00:00,60,,,,,,,,,,,,,,,,,,,,,
2449358,56526,Russia,4627657654,1778777550000,2026-05-14T16:52:30+00:00,60,,,,,,,,,,,,,,,,,,,,,
2449380,56526,Russia,4627657534,1778776650000,2026-05-14T16:37:30+00:00,50,3,4,5,8,10,12,16,17,18,,,,,,,,,,,,
2449347,56526,Russia,4627657423,1778775750000,2026-05-14T16:22:30+00:00,50,3,2,3,11,13,15,16,17,18,,,,,,,,,,,,
2449316,56526,Russia,4627657312,1778774850000,2026-05-14T16:07:30+00:00,50,1,7,10,12,15,17,18,19,20,,,,,,,,,,,,
2449280,56526,Russia,4627657198,1778773950000,2026-05-14T15:52:30+00:00,50,2,6,8,9,10,13,14,16,18,,,,,,,,,,,,
2449250,56526,Russia,4627657075,1778773050000,2026-05-14T15:37:30+00:00,50,3,1,2,6,7,9,10,14,15,,,,,,,,,,,,
2449110,56526,Russia,4627656964,1778772150000,2026-05-14T15:22:30+00:00,60,,,,,,,,,,,,,,,,,,,,,
2449109,56526,Russia,4627656853,1778771250000,2026-05-14T15:07:30+00:00,60,,,,,,,,,,,,,,,,,,,,,
2449108,56526,Russia,4627656736,1778770350000,2026-05-14T14:52:30+00:00,60,,,,,,,,,,,,,,,,,,,,,
2449131,56526,Russia,4627656625,1778769450000,2026-05-14T14:37:30+00:00,50,2,1,4,6,13,14,15,16,19,,,,,,,,,,,,
2449099,56526,Russia,4627656520,1778768550000,2026-05-14T14:22:30+00:00,50,3,1,2,5,6,8,11,12,15,,,,,,,,,,,,
2449068,56526,Russia,4627656409,1778767650000,2026-05-14T14:07:30+00:00,50,1,1,2,3,6,7,11,13,16,,,,,,,,,,,,
2449036,56526,Russia,4627656298,1778766750000,2026-05-14T13:52:30+00:00,50,4,1,2,3,5,10,11,14,18,,,,,,,,,,,,
2449005,56526,Russia,4627656187,1778765850000,2026-05-14T13:37:30+00:00,50,4,3,4,5,8,14,17,18,19,,,,,,,,,,,,
2448891,56526,Russia,4627656085,1778764950000,2026-05-14T13:22:30+00:00,60,,,,,,,,,,,,,,,,,,,,,
2448890,56526,Russia,4627655968,1778764050000,2026-05-14T13:07:30+00:00,60,,,,,,,,,,,,,,,,,,,,,
2448911,56526,Russia,4627655848,1778763150000,2026-05-14T12:52:30+00:00,50,2,9,11,12,13,15,16,17,19,,,,,,,,,,,,
2448878,56526,Russia,4627655737,1778762250000,2026-05-14T12:37:30+00:00,50,2,3,8,9,10,11,14,17,20,,,,,,,,,,,,
2448847,56526,Russia,4627655629,1778761350000,2026-05-14T12:22:30+00:00,50,1,2,5,10,12,13,14,17,18,,,,,,,,,,,,
2448816,56526,Russia,4627655518,1778760450000,2026-05-14T12:07:30+00:00,50,4,1,6,7,8,10,12,14,18,,,,,,,,,,,,
2448784,56526,Russia,4627655401,1778759550000,2026-05-14T11:52:30+00:00,50,2,1,8,9,11,13,14,17,19,,,,,,,,,,,,
2448751,56526,Russia,4627655284,1778758650000,2026-05-14T11:37:30+00:00,50,3,3,7,8,9,10,16,17,20,,,,,,,,,,,,
2448721,56526,Russia,4627655179,1778757750000,2026-05-14T11:22:30+00:00,50,4,7,8,9,11,12,13,17,20,,,,,,,,,,,,
2448690,56526,Russia,4627655068,1778756850000,2026-05-14T11:07:30+00:00,50,4,5,6,9,11,12,13,17,18,,,,,,,,,,,,
2448603,56526,Russia,4627654957,1778755950000,2026-05-14T10:52:30+00:00,60,,,,,,,,,,,,,,,,,,,,,
2448626,56526,Russia,4627654837,1778755050000,2026-05-14T10:37:30+00:00,50,3,3,6,7,8,11,12,17,19,,,,,,,,,,,,
2448480,56526,Russia,4627654729,1778754150000,2026-05-14T10:22:30+00:00,60,,,,,,,,,,,,,,,,,,,,,
2448479,56526,Russia,4627654618,1778753250000,2026-05-14T10:07:30+00:00,60,,,,,,,,,,,,,,,,,,,,,
2448478,56526,Russia,4627654504,1778752350000,2026-05-14T09:52:30+00:00,60,,,,,,,,,,,,,,,,,,,,,
2448502,56526,Russia,4627654390,1778751450000,2026-05-14T09:37:30+00:00,50,1,2,5,11,12,14,16,17,19,,,,,,,,,,,,
2448469,56526,Russia,4627654282,1778750550000,2026-05-14T09:22:30+00:00,50,3,4,6,7,9,10,11,16,20,,,,,,,,,,,,
2448390,56526,Russia,4627654171,1778749650000,2026-05-14T09:07:30+00:00,60,,,,,,,,,,,,,,,,,,,,,
2448409,56526,Russia,4627654057,1778748750000,2026-05-14T08:52:30+00:00,50,4,3,7,8,9,15,17,18,19,,,,,,,,,,,,
2448377,56526,Russia,4627653946,1778747850000,2026-05-14T08:37:30+00:00,50,2,5,6,9,10,12,14,16,17,,,,,,,,,,,,
2448349,56526,Russia,4627653841,1778746950000,2026-05-14T08:22:30+00:00,50,4,2,6,7,9,13,15,18,20,,,,,,,,,,,,
2448318,56526,Russia,4627653730,1778746050000,2026-05-14T08:07:30+00:00,50,1,3,4,6,10,12,13,14,18,,,,,,,,,,,,
2448286,56526,Russia,4627653619,1778745150000,2026-05-14T07:52:30+00:00,50,3,2,3,5,6,7,8,13,20,,,,,,,,,,,,
2448254,56526,Russia,4627653508,1778744250000,2026-05-14T07:37:30+00:00,50,4,3,5,11,12,13,14,16,20,,,,,,,,,,,,
2448114,56526,Russia,4627653403,1778743350000,2026-05-14T07:22:30+00:00,60,,,,,,,,,,,,,,,,,,,,,
2448113,56526,Russia,4627653292,1778742450000,2026-05-14T07:07:30+00:00,60,,,,,,,,,,,,,,,,,,,,,
2448112,56526,Russia,4627653178,1778741550000,2026-05-14T06:52:30+00:00,60,,,,,,,,,,,,,,,,,,,,,
2448134,56526,Russia,4627653067,1778740650000,2026-05-14T06:37:30+00:00,50,4,2,4,7,10,11,18,19,20,,,,,,,,,,,,
2448103,56526,Russia,4627652965,1778739750000,2026-05-14T06:22:30+00:00,50,3,3,4,7,8,10,14,19,20,,,,,,,,,,,,
2448072,56526,Russia,4627652854,1778738850000,2026-05-14T06:07:30+00:00,50,3,1,3,4,5,8,9,10,13,,,,,,,,,,,,
2448044,56526,Russia,4627652752,1778737950000,2026-05-14T05:52:30+00:00,50,1,5,7,8,10,15,17,18,20,,,,,,,,,,,,
2448016,56526,Russia,4627652650,1778737050000,2026-05-14T05:37:30+00:00,50,4,1,4,5,7,8,12,13,20,,,,,,,,,,,,
2447992,56526,Russia,4627652557,1778736150000,2026-05-14T05:22:30+00:00,50,1,2,4,6,8,9,10,11,20,,,,,,,,,,,,
2447962,56526,Russia,4627652455,1778735250000,2026-05-14T05:07:30+00:00,50,2,1,3,4,5,7,9,15,16,,,,,,,,,,,,
2447938,56526,Russia,4627652365,1778734350000,2026-05-14T04:52:30+00:00,50,3,6,8,9,10,11,12,16,17,,,,,,,,,,,,
2447914,56526,Russia,4627652275,1778733450000,2026-05-14T04:37:30+00:00,50,2,1,7,8,10,13,15,16,17,,,,,,,,,,,,
2447894,56526,Russia,4627652197,1778732550000,2026-05-14T04:22:30+00:00,50,1,2,4,6,7,15,16,17,20,,,,,,,,,,,,
2447872,56526,Russia,4627652119,1778731650000,2026-05-14T04:07:30+00:00,50,2,1,5,6,9,10,16,17,19,,,,,,,,,,,,
2447853,56526,Russia,4627652047,1778730750000,2026-05-14T03:52:30+00:00,50,3,2,3,7,8,11,15,16,17,,,,,,,,,,,,
2447825,56526,Russia,4627651969,1778729850000,2026-05-14T03:37:30+00:00,50,1,1,2,5,6,7,15,17,20,,,,,,,,,,,,
2447805,56526,Russia,4627651894,1778728950000,2026-05-14T03:22:30+00:00,50,4,1,3,6,7,13,17,19,20,,,,,,,,,,,,
2447775,56526,Russia,4627651816,1778728050000,2026-05-14T03:07:30+00:00,50,1,4,7,10,12,14,16,18,20,,,,,,,,,,,,
2447754,56526,Russia,4627651744,1778727150000,2026-05-14T02:52:30+00:00,50,4,2,3,4,6,12,14,15,17,,,,,,,,,,,,
2447732,56526,Russia,4627651666,1778726250000,2026-05-14T02:37:30+00:00,50,4,2,5,6,9,10,13,14,16,,,,,,,,,,,,
2447705,56526,Russia,4627651591,1778725350000,2026-05-14T02:22:30+00:00,50,2,2,4,6,9,10,15,18,20,,,,,,,,,,,,
2447679,56526,Russia,4627651513,1778724450000,2026-05-14T02:07:30+00:00,50,4,1,2,3,4,9,11,13,20,,,,,,,,,,,,
2447656,56526,Russia,4627651441,1778723550000,2026-05-14T01:52:30+00:00,50,2,5,9,10,11,12,14,15,20,,,,,,,,,,,,
2447635,56526,Russia,4627651363,1778722650000,2026-05-14T01:37:30+00:00,50,2,1,2,3,7,9,10,16,20,,,,,,,,,,,,
2447617,56526,Russia,4627651288,1778721750000,2026-05-14T01:22:30+00:00,50,4,2,5,9,15,16,17,18,20,,,,,,,,,,,,
2447597,56526,Russia,4627651210,1778720850000,2026-05-14T01:07:30+00:00,50,1,3,4,7,9,11,12,15,17,,,,,,,,,,,,
2447573,56526,Russia,4627651138,1778719950000,2026-05-14T00:52:30+00:00,50,2,2,3,6,8,15,16,17,20,,,,,,,,,,,,
2447552,56526,Russia,4627651060,1778719050000,2026-05-14T00:37:30+00:00,50,3,3,5,7,10,12,13,16,18,,,,,,,,,,,,
2447533,56526,Russia,4627650985,1778718150000,2026-05-14T00:22:30+00:00,50,1,1,4,9,11,14,15,16,20,,,,,,,,,,,,
2447511,56526,Russia,4627650907,1778717250000,2026-05-14T00:07:30+00:00,50,3,2,6,7,8,11,12,14,18,,,,,,,,,,,,
2447488,56526,Russia,4625609356,1778716350000,2026-05-13T23:52:30+00:00,50,1,2,8,9,12,13,15,16,18,,,,,,,,,,,,
2447469,56526,Russia,4625609278,1778715450000,2026-05-13T23:37:30+00:00,50,3,3,4,6,7,11,12,15,17,,,,,,,,,,,,
2447443,56526,Russia,4625609203,1778714550000,2026-05-13T23:22:30+00:00,50,1,2,4,6,10,11,12,15,19,,,,,,,,,,,,
2447423,56526,Russia,4625609125,1778713650000,2026-05-13T23:07:30+00:00,50,3,5,7,11,12,15,16,18,20,,,,,,,,,,,,
2447396,56526,Russia,4625609053,1778712750000,2026-05-13T22:52:30+00:00,50,1,1,4,7,8,9,10,13,17,,,,,,,,,,,,
2447373,56526,Russia,4625608975,1778711850000,2026-05-13T22:37:30+00:00,50,3,3,4,6,9,12,14,18,20,,,,,,,,,,,,
2447351,56526,Russia,4625608900,1778710950000,2026-05-13T22:22:30+00:00,50,1,3,5,7,10,14,15,18,20,,,,,,,,,,,,
2447331,56526,Russia,4625608831,1778710050000,2026-05-13T22:07:30+00:00,50,2,5,6,10,13,17,18,19,20,,,,,,,,,,,,
2447311,56526,Russia,4625608789,1778709150000,2026-05-13T21:52:30+00:00,50,3,7,8,9,10,12,16,17,19,,,,,,,,,,,,
2447281,56526,Russia,4625608765,1778708250000,2026-05-13T21:37:30+00:00,50,3,1,2,5,6,7,13,16,19,,,,,,,,,,,,
2447253,56526,Russia,4625608741,1778707350000,2026-05-13T21:22:30+00:00,50,4,2,4,7,10,11,17,19,20,,,,,,,,,,,,
2447222,56526,Russia,4625608720,1778706450000,2026-05-13T21:07:30+00:00,50,3,3,4,5,6,8,17,18,19,,,,,,,,,,,,
2447191,56526,Russia,4625607496,1778705550000,2026-05-13T20:52:30+00:00,50,4,2,6,8,12,14,16,18,19,,,,,,,,,,,,
2447160,56526,Russia,4625607391,1778704650000,2026-05-13T20:37:30+00:00,50,2,3,9,11,12,13,16,17,18,,,,,,,,,,,,
2447069,56526,Russia,4625607298,1778703750000,2026-05-13T20:22:30+00:00,60,,,,,,,,,,,,,,,,,,,,,
2447095,56526,Russia,4625607190,1778702850000,2026-05-13T20:07:30+00:00,50,2,1,3,7,9,10,13,16,19,,,,,,,,,,,,
2447060,56526,Russia,4625607076,1778701950000,2026-05-13T19:52:30+00:00,50,4,4,5,8,9,10,11,13,15,,,,,,,,,,,,
2447029,56526,Russia,4625606959,1778701050000,2026-05-13T19:37:30+00:00,50,1,4,7,9,13,15,16,19,20,,,,,,,,,,,,
2446873,56526,Russia,4625606851,1778700150000,2026-05-13T19:22:30+00:00,60,,,,,,,,,,,,,,,,,,,,,
2446872,56526,Russia,4625606737,1778699250000,2026-05-13T19:07:30+00:00,60,,,,,,,,,,,,,,,,,,,,,
2446871,56526,Russia,4625606605,1778698350000,2026-05-13T18:52:30+00:00,60,,,,,,,,,,,,,,,,,,,,,
2446898,56526,Russia,4625606482,1778697450000,2026-05-13T18:37:30+00:00,50,2,1,2,3,5,8,9,12,14,,,,,,,,,,,,
2446862,56526,Russia,4625606362,1778696550000,2026-05-13T18:22:30+00:00,50,1,2,4,7,8,11,12,15,19,,,,,,,,,,,,
2446830,56526,Russia,4625606245,1778695650000,2026-05-13T18:07:30+00:00,50,2,2,3,6,8,10,12,13,15,,,,,,,,,,,,
2446795,56526,Russia,4625606119,1778694750000,2026-05-13T17:52:30+00:00,50,4,3,5,8,13,14,16,17,20,,,,,,,,,,,,
2446764,56526,Russia,4625606005,1778693850000,2026-05-13T17:37:30+00:00,50,4,1,10,13,14,15,16,17,19,,,,,,,,,,,,
2446731,56526,Russia,4625605897,1778692950000,2026-05-13T17:22:30+00:00,50,2,1,2,6,7,12,16,17,19,,,,,,,,,,,,
2446609,56526,Russia,4625605783,1778692050000,2026-05-13T17:07:30+00:00,60,,,,,,,,,,,,,,,,,,,,,
2446608,56526,Russia,4625605651,1778691150000,2026-05-13T16:52:30+00:00,60,,,,,,,,,,,,,,,,,,,,,
2446631,56526,Russia,4625605528,1778690250000,2026-05-13T16:37:30+00:00,50,2,2,3,4,5,6,15,17,20,,,,,,,,,,,,
2446596,56526,Russia,4625605414,1778689350000,2026-05-13T16:22:30+00:00,50,2,2,4,7,12,13,15,16,20,,,,,,,,,,,,
2446565,56526,Russia,4625605303,1778688450000,2026-05-13T16:07:30+00:00,50,2,1,4,7,11,12,14,16,17,,,,,,,,,,,,
2446530,56526,Russia,4625605189,1778687550000,2026-05-13T15:52:30+00:00,50,2,1,2,3,6,16,17,18,20,,,,,,,,,,,,
2446498,56526,Russia,4625605069,1778686650000,2026-05-13T15:37:30+00:00,50,2,1,5,7,10,11,15,16,18,,,,,,,,,,,,
2446358,56526,Russia,4625604958,1778685750000,2026-05-13T15:22:30+00:00,60,,,,,,,,,,,,,,,,,,,,,
2446357,56526,Russia,4625604841,1778684850000,2026-05-13T15:07:30+00:00,60,,,,,,,,,,,,,,,,,,,,,
2446356,56526,Russia,4625604721,1778683950000,2026-05-13T14:52:30+00:00,60,,,,,,,,,,,,,,,,,,,,,
2446379,56526,Russia,4625604610,1778683050000,2026-05-13T14:37:30+00:00,50,2,2,4,7,10,11,13,14,18,,,,,,,,,,,,
2446347,56526,Russia,4625604505,1778682150000,2026-05-13T14:22:30+00:00,50,1,3,8,9,11,16,17,19,20,,,,,,,,,,,,
2446316,56526,Russia,4625604394,1778681250000,2026-05-13T14:07:30+00:00,50,4,1,4,6,10,11,14,15,17,,,,,,,,,,,,
2446284,56526,Russia,4625604283,1778680350000,2026-05-13T13:52:30+00:00,50,2,2,3,4,8,12,14,16,17,,,,,,,,,,,,
2446253,56526,Russia,4625604172,1778679450000,2026-05-13T13:37:30+00:00,50,1,5,8,9,10,11,12,16,20,,,,,,,,,,,,
2446140,56526,Russia,4625604070,1778678550000,2026-05-13T13:22:30+00:00,60,,,,,,,,,,,,,,,,,,,,,
2446139,56526,Russia,4625603953,1778677650000,2026-05-13T13:07:30+00:00,60,,,,,,,,,,,,,,,,,,,,,
2446160,56526,Russia,4625603833,1778676750000,2026-05-13T12:52:30+00:00,50,2,2,3,4,5,7,9,15,16,,,,,,,,,,,,
2446127,56526,Russia,4625603722,1778675850000,2026-05-13T12:37:30+00:00,50,3,3,6,7,8,9,11,12,13,,,,,,,,,,,,
2446097,56526,Russia,4625603614,1778674950000,2026-05-13T12:22:30+00:00,50,3,1,3,5,9,10,15,16,17,,,,,,,,,,,,
2446065,56526,Russia,4625603503,1778674050000,2026-05-13T12:07:30+00:00,50,1,3,4,5,10,11,13,14,15,,,,,,,,,,,,
2446033,56526,Russia,4625603386,1778673150000,2026-05-13T11:52:30+00:00,50,4,1,2,3,4,6,13,14,15,,,,,,,,,,,,
2446001,56526,Russia,4625603269,1778672250000,2026-05-13T11:37:30+00:00,50,1,1,2,3,6,8,9,13,19,,,,,,,,,,,,
2445971,56526,Russia,4625603164,1778671350000,2026-05-13T11:22:30+00:00,50,3,1,4,8,12,13,14,16,17,,,,,,,,,,,,
2445938,56526,Russia,4625603053,1778670450000,2026-05-13T11:07:30+00:00,50,3,4,5,9,12,13,15,17,18,,,,,,,,,,,,
2445854,56526,Russia,4625602942,1778669550000,2026-05-13T10:52:30+00:00,60,,,,,,,,,,,,,,,,,,,,,
2445875,56526,Russia,4625602822,1778668650000,2026-05-13T10:37:30+00:00,50,2,2,3,5,8,10,11,14,20,,,,,,,,,,,,
2445732,56526,Russia,4625602717,1778667750000,2026-05-13T10:22:30+00:00,60,,,,,,,,,,,,,,,,,,,,,
2445731,56526,Russia,4625602606,1778666850000,2026-05-13T10:07:30+00:00,60,,,,,,,,,,,,,,,,,,,,,
2445730,56526,Russia,4625602492,1778665950000,2026-05-13T09:52:30+00:00,60,,,,,,,,,,,,,,,,,,,,,
2445753,56526,Russia,4625602381,1778665050000,2026-05-13T09:37:30+00:00,50,2,3,7,8,9,12,13,18,20,,,,,,,,,,,,
2445719,56526,Russia,4625602273,1778664150000,2026-05-13T09:22:30+00:00,50,4,1,2,6,10,13,14,17,18,,,,,,,,,,,,
2445641,56526,Russia,4625602162,1778663250000,2026-05-13T09:07:30+00:00,60,,,,,,,,,,,,,,,,,,,,,
2445660,56526,Russia,4625602048,1778662350000,2026-05-13T08:52:30+00:00,50,1,1,2,4,5,7,9,14,18,,,,,,,,,,,,
2445628,56526,Russia,4625601937,1778661450000,2026-05-13T08:37:30+00:00,50,3,1,3,5,6,9,15,18,20,,,,,,,,,,,,
2445599,56526,Russia,4625601832,1778660550000,2026-05-13T08:22:30+00:00,50,4,5,7,8,12,14,16,18,20,,,,,,,,,,,,
2445567,56526,Russia,4625601721,1778659650000,2026-05-13T08:07:30+00:00,50,1,1,4,5,8,12,14,15,16,,,,,,,,,,,,
2445536,56526,Russia,4625601610,1778658750000,2026-05-13T07:52:30+00:00,50,2,2,3,4,7,11,12,14,16,,,,,,,,,,,,
2445505,56526,Russia,4625601499,1778657850000,2026-05-13T07:37:30+00:00,50,2,1,6,7,11,12,18,19,20,,,,,,,,,,,,
2445365,56526,Russia,4625601391,1778656950000,2026-05-13T07:22:30+00:00,60,,,,,,,,,,,,,,,,,,,,,
2445364,56526,Russia,4625601280,1778656050000,2026-05-13T07:07:30+00:00,60,,,,,,,,,,,,,,,,,,,,,
2445363,56526,Russia,4625601166,1778655150000,2026-05-13T06:52:30+00:00,60,,,,,,,,,,,,,,,,,,,,,
2445385,56526,Russia,4625601055,1778654250000,2026-05-13T06:37:30+00:00,50,4,1,2,3,9,11,17,18,20,,,,,,,,,,,,
2445354,56526,Russia,4625600953,1778653350000,2026-05-13T06:22:30+00:00,50,4,2,3,6,11,12,14,15,17,,,,,,,,,,,,
2445323,56526,Russia,4625600842,1778652450000,2026-05-13T06:07:30+00:00,50,2,3,6,7,9,10,11,12,16,,,,,,,,,,,,
2445295,56526,Russia,4625600740,1778651550000,2026-05-13T05:52:30+00:00,50,2,2,5,7,11,14,16,18,19,,,,,,,,,,,,
2445268,56526,Russia,4625600638,1778650650000,2026-05-13T05:37:30+00:00,50,4,4,7,8,13,15,18,19,20,,,,,,,,,,,,
2445243,56526,Russia,4625600545,1778649750000,2026-05-13T05:22:30+00:00,50,1,1,2,4,6,10,14,16,20,,,,,,,,,,,,
2445215,56526,Russia,4625600443,1778648850000,2026-05-13T05:07:30+00:00,50,3,1,5,12,13,14,17,18,19,,,,,,,,,,,,
2445190,56526,Russia,4625600353,1778647950000,2026-05-13T04:52:30+00:00,50,2,1,5,6,9,12,16,19,20,,,,,,,,,,,,
2445166,56526,Russia,4625600263,1778647050000,2026-05-13T04:37:30+00:00,50,4,2,4,5,8,10,12,14,17,,,,,,,,,,,,
2445146,56526,Russia,4625600185,1778646150000,2026-05-13T04:22:30+00:00,50,1,3,4,7,8,10,14,18,20,,,,,,,,,,,,
2445126,56526,Russia,4625600107,1778645250000,2026-05-13T04:07:30+00:00,50,2,1,4,5,7,9,11,19,20,,,,,,,,,,,,
2445107,56526,Russia,4625600035,1778644350000,2026-05-13T03:52:30+00:00,50,3,2,5,6,8,9,15,17,20,,,,,,,,,,,,
2445086,56526,Russia,4625599957,1778643450000,2026-05-13T03:37:30+00:00,50,4,1,5,9,11,12,13,17,19,,,,,,,,,,,,
2445064,56526,Russia,4625599882,1778642550000,2026-05-13T03:22:30+00:00,50,4,1,6,7,8,9,11,15,16,,,,,,,,,,,,
2445030,56526,Russia,4625599804,1778641650000,2026-05-13T03:07:30+00:00,50,3,7,9,10,15,16,18,19,20,,,,,,,,,,,,
2445012,56526,Russia,4625599732,1778640750000,2026-05-13T02:52:30+00:00,50,1,5,6,9,11,12,13,18,19,,,,,,,,,,,,
2444989,56526,Russia,4625599654,1778639850000,2026-05-13T02:37:30+00:00,50,4,1,3,11,12,14,15,17,20,,,,,,,,,,,,
2444969,56526,Russia,4625599579,1778638950000,2026-05-13T02:22:30+00:00,50,3,1,2,14,15,16,18,19,20,,,,,,,,,,,,
2444944,56526,Russia,4625599501,1778638050000,2026-05-13T02:07:30+00:00,50,4,3,4,5,7,12,14,15,17,,,,,,,,,,,,
2444925,56526,Russia,4625599429,1778637150000,2026-05-13T01:52:30+00:00,50,3,1,2,3,9,12,15,16,17,,,,,,,,,,,,
2444905,56526,Russia,4625599351,1778636250000,2026-05-13T01:37:30+00:00,50,4,4,5,6,8,9,10,12,18,,,,,,,,,,,,
2444882,56526,Russia,4625599276,1778635350000,2026-05-13T01:22:30+00:00,50,2,4,5,6,8,10,16,17,18,,,,,,,,,,,,
2444862,56526,Russia,4625599198,1778634450000,2026-05-13T01:07:30+00:00,50,1,4,5,7,8,9,10,15,17,,,,,,,,,,,,
2444840,56526,Russia,4625599126,1778633550000,2026-05-13T00:52:30+00:00,50,1,3,7,10,11,16,17,18,20,,,,,,,,,,,,
2444820,56526,Russia,4625599048,1778632650000,2026-05-13T00:37:30+00:00,50,1,1,5,6,7,8,10,16,18,,,,,,,,,,,,
2444801,56526,Russia,4625598973,1778631750000,2026-05-13T00:22:30+00:00,50,3,2,6,7,10,14,17,19,20,,,,,,,,,,,,
2444781,56526,Russia,4625598895,1778630850000,2026-05-13T00:07:30+00:00,50,1,1,2,5,8,9,10,14,15,,,,,,,,,,,,
2444758,56526,Russia,4623600505,1778629950000,2026-05-12T23:52:30+00:00,50,3,1,3,4,11,12,14,17,19,,,,,,,,,,,,
2444735,56526,Russia,4623600427,1778629050000,2026-05-12T23:37:30+00:00,50,3,3,5,6,7,8,12,15,16,,,,,,,,,,,,
2444711,56526,Russia,4623600352,1778628150000,2026-05-12T23:22:30+00:00,50,1,4,6,13,14,16,17,18,19,,,,,,,,,,,,
2444690,56526,Russia,4623600274,1778627250000,2026-05-12T23:07:30+00:00,50,3,3,9,10,12,15,17,18,19,,,,,,,,,,,,
2444668,56526,Russia,4623600202,1778626350000,2026-05-12T22:52:30+00:00,50,3,2,3,6,11,12,13,15,18,,,,,,,,,,,,
2444645,56526,Russia,4623600124,1778625450000,2026-05-12T22:37:30+00:00,50,3,3,5,8,10,11,15,17,19,,,,,,,,,,,,
2444623,56526,Russia,4623600049,1778624550000,2026-05-12T22:22:30+00:00,50,1,3,9,10,11,14,15,16,19,,,,,,,,,,,,
2444603,56526,Russia,4623599980,1778623650000,2026-05-12T22:07:30+00:00,50,3,3,6,10,11,12,14,15,18,,,,,,,,,,,,
2444583,56526,Russia,4623599938,1778622750000,2026-05-12T21:52:30+00:00,50,3,1,6,8,10,13,14,17,18,,,,,,,,,,,,
2444553,56526,Russia,4623599914,1778621850000,2026-05-12T21:37:30+00:00,50,4,1,2,5,6,8,12,18,19,,,,,,,,,,,,
2444525,56526,Russia,4623599890,1778620950000,2026-05-12T21:22:30+00:00,50,1,4,5,6,7,9,10,11,19,,,,,,,,,,,,
2444495,56526,Russia,4623599869,1778620050000,2026-05-12T21:07:30+00:00,50,4,1,2,4,8,9,10,11,19,,,,,,,,,,,,
2444463,56526,Russia,4623598654,1778619150000,2026-05-12T20:52:30+00:00,50,3,2,3,5,7,13,18,19,20,,,,,,,,,,,,
2444433,56526,Russia,4623598549,1778618250000,2026-05-12T20:37:30+00:00,50,2,3,4,10,11,14,16,18,19,,,,,,,,,,,,
2444342,56526,Russia,4623598456,1778617350000,2026-05-12T20:22:30+00:00,60,,,,,,,,,,,,,,,,,,,,,
2444368,56526,Russia,4623598348,1778616450000,2026-05-12T20:07:30+00:00,50,1,2,5,8,9,11,17,19,20,,,,,,,,,,,,
2444333,56526,Russia,4623598234,1778615550000,2026-05-12T19:52:30+00:00,50,3,3,4,5,9,12,14,17,20,,,,,,,,,,,,
2444302,56526,Russia,4623598111,1778614650000,2026-05-12T19:37:30+00:00,50,1,1,3,5,8,12,13,14,19,,,,,,,,,,,,
2444147,56526,Russia,4623598003,1778613750000,2026-05-12T19:22:30+00:00,60,,,,,,,,,,,,,,,,,,,,,
2444146,56526,Russia,4623597892,1778612850000,2026-05-12T19:07:30+00:00,60,,,,,,,,,,,,,,,,,,,,,
2444145,56526,Russia,4623597763,1778611950000,2026-05-12T18:52:30+00:00,60,,,,,,,,,,,,,,,,,,,,,
2444170,56526,Russia,4623597643,1778611050000,2026-05-12T18:37:30+00:00,50,3,1,3,4,6,8,14,16,17,,,,,,,,,,,,
2444136,56526,Russia,4623597520,1778610150000,2026-05-12T18:22:30+00:00,50,3,3,4,5,6,8,11,17,18,,,,,,,,,,,,
2444103,56526,Russia,4623597409,1778609250000,2026-05-12T18:07:30+00:00,50,1,1,4,7,12,13,14,15,17,,,,,,,,,,,,
2444068,56526,Russia,4623597274,1778608350000,2026-05-12T17:52:30+00:00,50,3,1,4,9,10,15,17,19,20,,,,,,,,,,,,
2444037,56526,Russia,4623597160,1778607450000,2026-05-12T17:37:30+00:00,50,2,4,7,9,13,14,16,19,20,,,,,,,,,,,,
2444007,56526,Russia,4623597052,1778606550000,2026-05-12T17:22:30+00:00,50,1,2,7,8,10,11,12,14,19,,,,,,,,,,,,
2443885,56526,Russia,4623596938,1778605650000,2026-05-12T17:07:30+00:00,60,,,,,,,,,,,,,,,,,,,,,
2443884,56526,Russia,4623596812,1778604750000,2026-05-12T16:52:30+00:00,60,,,,,,,,,,,,,,,,,,,,,
2443907,56526,Russia,4623596692,1778603850000,2026-05-12T16:37:30+00:00,50,3,3,5,6,9,10,11,12,20,,,,,,,,,,,,
2443873,56526,Russia,4623596581,1778602950000,2026-05-12T16:22:30+00:00,50,1,4,9,10,12,13,14,15,19,,,,,,,,,,,,
2443842,56526,Russia,4623596470,1778602050000,2026-05-12T16:07:30+00:00,50,2,1,5,7,11,12,15,17,19,,,,,,,,,,,,
2443810,56526,Russia,4623596356,1778601150000,2026-05-12T15:52:30+00:00,50,3,1,7,11,12,14,17,18,19,,,,,,,,,,,,
2443776,56526,Russia,4623596227,1778600250000,2026-05-12T15:37:30+00:00,50,3,2,3,4,9,10,11,16,20,,,,,,,,,,,,
2443635,56526,Russia,4623596119,1778599350000,2026-05-12T15:22:30+00:00,60,,,,,,,,,,,,,,,,,,,,,
2443634,56526,Russia,4623596008,1778598450000,2026-05-12T15:07:30+00:00,60,,,,,,,,,,,,,,,,,,,,,
2443633,56526,Russia,4623595891,1778597550000,2026-05-12T14:52:30+00:00,60,,,,,,,,,,,,,,,,,,,,,
2443657,56526,Russia,4623595780,1778596650000,2026-05-12T14:37:30+00:00,50,4,6,9,10,11,12,13,17,19,,,,,,,,,,,,
2443623,56526,Russia,4623595672,1778595750000,2026-05-12T14:22:30+00:00,50,1,4,5,8,10,12,14,15,19,,,,,,,,,,,,
2443593,56526,Russia,4623595561,1778594850000,2026-05-12T14:07:30+00:00,50,3,1,5,6,10,13,14,16,20,,,,,,,,,,,,
2443561,56526,Russia,4623595450,1778593950000,2026-05-12T13:52:30+00:00,50,4,2,3,5,6,14,15,16,18,,,,,,,,,,,,
2443530,56526,Russia,4623595339,1778593050000,2026-05-12T13:37:30+00:00,50,1,3,4,9,11,12,16,18,20,,,,,,,,,,,,
2443416,56526,Russia,4623595237,1778592150000,2026-05-12T13:22:30+00:00,60,,,,,,,,,,,,,,,,,,,,,
2443415,56526,Russia,4623595120,1778591250000,2026-05-12T13:07:30+00:00,60,,,,,,,,,,,,,,,,,,,,,
2443436,56526,Russia,4623595000,1778590350000,2026-05-12T12:52:30+00:00,50,1,2,3,7,9,10,12,14,17,,,,,,,,,,,,
2443403,56526,Russia,4623594889,1778589450000,2026-05-12T12:37:30+00:00,50,4,2,3,5,12,13,17,18,19,,,,,,,,,,,,
2443373,56526,Russia,4623594781,1778588550000,2026-05-12T12:22:30+00:00,50,1,3,5,8,10,13,15,18,20,,,,,,,,,,,,
2443341,56526,Russia,4623594670,1778587650000,2026-05-12T12:07:30+00:00,50,4,1,2,3,7,11,13,15,20,,,,,,,,,,,,
2443309,56526,Russia,4623594553,1778586750000,2026-05-12T11:52:30+00:00,50,3,2,4,6,7,10,17,19,20,,,,,,,,,,,,
2443277,56526,Russia,4623594436,1778585850000,2026-05-12T11:37:30+00:00,50,3,1,2,4,6,7,15,17,18,,,,,,,,,,,,
2443245,56526,Russia,4623594331,1778584950000,2026-05-12T11:22:30+00:00,50,1,3,5,6,7,10,13,19,20,,,,,,,,,,,,
2443214,56526,Russia,4623594220,1778584050000,2026-05-12T11:07:30+00:00,50,4,5,8,9,10,14,16,19,20,,,,,,,,,,,,
2443130,56526,Russia,4623594109,1778583150000,2026-05-12T10:52:30+00:00,60,,,,,,,,,,,,,,,,,,,,,
2443151,56526,Russia,4623593989,1778582250000,2026-05-12T10:37:30+00:00,50,3,3,4,6,9,14,15,17,20,,,,,,,,,,,,
2443009,56526,Russia,4623593884,1778581350000,2026-05-12T10:22:30+00:00,60,,,,,,,,,,,,,,,,,,,,,
2443008,56526,Russia,4623593773,1778580450000,2026-05-12T10:07:30+00:00,60,,,,,,,,,,,,,,,,,,,,,
2443007,56526,Russia,4623593659,1778579550000,2026-05-12T09:52:30+00:00,60,,,,,,,,,,,,,,,,,,,,,
2443030,56526,Russia,4623593548,1778578650000,2026-05-12T09:37:30+00:00,50,4,3,11,13,14,15,16,17,19,,,,,,,,,,,,
2442998,56526,Russia,4623593443,1778577750000,2026-05-12T09:22:30+00:00,50,1,2,7,8,13,14,15,18,19,,,,,,,,,,,,
2442917,56526,Russia,4623593332,1778576850000,2026-05-12T09:07:30+00:00,60,,,,,,,,,,,,,,,,,,,,,
2442937,56526,Russia,4623593218,1778575950000,2026-05-12T08:52:30+00:00,50,1,2,7,12,13,14,18,19,20,,,,,,,,,,,,
2442905,56526,Russia,4623593107,1778575050000,2026-05-12T08:37:30+00:00,50,4,2,3,4,6,8,9,12,16,,,,,,,,,,,,
2442877,56526,Russia,4623593002,1778574150000,2026-05-12T08:22:30+00:00,50,1,4,5,6,8,10,11,13,17,,,,,,,,,,,,
2442846,56526,Russia,4623592891,1778573250000,2026-05-12T08:07:30+00:00,50,2,3,5,10,13,14,15,17,20,,,,,,,,,,,,
2442814,56526,Russia,4623592780,1778572350000,2026-05-12T07:52:30+00:00,50,2,1,2,3,7,10,14,15,16,,,,,,,,,,,,
2442783,56526,Russia,4623592669,1778571450000,2026-05-12T07:37:30+00:00,50,1,1,2,8,11,12,15,16,19,,,,,,,,,,,,
2442643,56526,Russia,4623592564,1778570550000,2026-05-12T07:22:30+00:00,60,,,,,,,,,,,,,,,,,,,,,
2442642,56526,Russia,4623592453,1778569650000,2026-05-12T07:07:30+00:00,60,,,,,,,,,,,,,,,,,,,,,
2442641,56526,Russia,4623592339,1778568750000,2026-05-12T06:52:30+00:00,60,,,,,,,,,,,,,,,,,,,,,
2442663,56526,Russia,4623592228,1778567850000,2026-05-12T06:37:30+00:00,50,2,5,8,9,10,12,13,16,18,,,,,,,,,,,,
2442632,56526,Russia,4623592126,1778566950000,2026-05-12T06:22:30+00:00,50,4,2,7,8,10,15,17,18,20,,,,,,,,,,,,
2442601,56526,Russia,4623592015,1778566050000,2026-05-12T06:07:30+00:00,50,2,2,4,6,8,12,15,16,17,,,,,,,,,,,,
2442573,56526,Russia,4623591913,1778565150000,2026-05-12T05:52:30+00:00,50,3,1,3,7,9,12,15,16,20,,,,,,,,,,,,
2442546,56526,Russia,4623591811,1778564250000,2026-05-12T05:37:30+00:00,50,4,4,7,8,11,17,18,19,20,,,,,,,,,,,,
2442521,56526,Russia,4623591718,1778563350000,2026-05-12T05:22:30+00:00,50,4,5,6,10,15,16,18,19,20,,,,,,,,,,,,
2442493,56526,Russia,4623591616,1778562450000,2026-05-12T05:07:30+00:00,50,2,1,3,5,13,16,17,18,20,,,,,,,,,,,,
2442468,56526,Russia,4623591526,1778561550000,2026-05-12T04:52:30+00:00,50,3,1,3,5,7,9,13,15,19,,,,,,,,,,,,
2442444,56526,Russia,4623591436,1778560650000,2026-05-12T04:37:30+00:00,50,3,1,6,8,9,11,12,17,20,,,,,,,,,,,,
2442424,56526,Russia,4623591358,1778559750000,2026-05-12T04:22:30+00:00,50,1,5,6,7,9,12,18,19,20,,,,,,,,,,,,
2442402,56526,Russia,4623591280,1778558850000,2026-05-12T04:07:30+00:00,50,2,6,7,10,11,12,13,16,19,,,,,,,,,,,,
2442383,56526,Russia,4623591208,1778557950000,2026-05-12T03:52:30+00:00,50,4,4,7,9,11,12,13,14,17,,,,,,,,,,,,
2442362,56526,Russia,4623591130,1778557050000,2026-05-12T03:37:30+00:00,50,1,1,2,3,6,7,11,15,17,,,,,,,,,,,,
2442339,56526,Russia,4623591055,1778556150000,2026-05-12T03:22:30+00:00,50,2,4,5,6,9,12,14,15,20,,,,,,,,,,,,
2442309,56526,Russia,4623590977,1778555250000,2026-05-12T03:07:30+00:00,50,4,3,8,10,12,15,17,18,19,,,,,,,,,,,,
2442287,56526,Russia,4623590905,1778554350000,2026-05-12T02:52:30+00:00,50,2,3,4,6,13,14,15,18,20,,,,,,,,,,,,
2442262,56526,Russia,4623590827,1778553450000,2026-05-12T02:37:30+00:00,50,4,4,5,6,10,13,14,17,19,,,,,,,,,,,,
2442239,56526,Russia,4623590752,1778552550000,2026-05-12T02:22:30+00:00,50,1,1,2,4,6,12,13,15,16,,,,,,,,,,,,
2442213,56526,Russia,4623590674,1778551650000,2026-05-12T02:07:30+00:00,50,2,2,3,10,11,13,14,17,19,,,,,,,,,,,,
2442193,56526,Russia,4623590602,1778550750000,2026-05-12T01:52:30+00:00,50,4,5,7,8,10,12,16,17,20,,,,,,,,,,,,
2442173,56526,Russia,4623590524,1778549850000,2026-05-12T01:37:30+00:00,50,3,3,6,8,9,14,15,16,19,,,,,,,,,,,,
2442153,56526,Russia,4623590449,1778548950000,2026-05-12T01:22:30+00:00,50,2,1,5,6,7,11,14,17,18,,,,,,,,,,,,
2442133,56526,Russia,4623590371,1778548050000,2026-05-12T01:07:30+00:00,50,2,3,4,7,10,13,16,17,19,,,,,,,,,,,,
2442109,56526,Russia,4623590299,1778547150000,2026-05-12T00:52:30+00:00,50,1,4,8,10,13,14,15,19,20,,,,,,,,,,,,
2442089,56526,Russia,4623590221,1778546250000,2026-05-12T00:37:30+00:00,50,2,2,3,9,11,12,13,19,20,,,,,,,,,,,,
2442070,56526,Russia,4623590146,1778545350000,2026-05-12T00:22:30+00:00,50,3,3,4,7,8,10,16,18,19,,,,,,,,,,,,
2442050,56526,Russia,4623590068,1778544450000,2026-05-12T00:07:30+00:00,50,2,2,5,6,8,9,14,18,20,,,,,,,,,,,,
2442026,56526,Russia,4621271689,1778543550000,2026-05-11T23:52:30+00:00,50,2,1,3,4,5,12,14,15,19,,,,,,,,,,,,
2442004,56526,Russia,4621271611,1778542650000,2026-05-11T23:37:30+00:00,50,1,1,3,6,7,8,16,17,19,,,,,,,,,,,,
2441982,56526,Russia,4621271536,1778541750000,2026-05-11T23:22:30+00:00,50,2,1,7,8,9,10,16,18,20,,,,,,,,,,,,
2441957,56526,Russia,4621271458,1778540850000,2026-05-11T23:07:30+00:00,50,3,2,4,8,9,11,14,15,20,,,,,,,,,,,,
2441932,56526,Russia,4621271386,1778539950000,2026-05-11T22:52:30+00:00,50,1,2,5,7,10,11,13,14,16,,,,,,,,,,,,
2441908,56526,Russia,4621271308,1778539050000,2026-05-11T22:37:30+00:00,50,3,1,2,6,11,15,17,18,19,,,,,,,,,,,,
2441886,56526,Russia,4621271233,1778538150000,2026-05-11T22:22:30+00:00,50,4,4,5,9,12,17,18,19,20,,,,,,,,,,,,
2441867,56526,Russia,4621271164,1778537250000,2026-05-11T22:07:30+00:00,50,2,3,4,5,10,11,15,17,20,,,,,,,,,,,,
2441847,56526,Russia,4621271122,1778536350000,2026-05-11T21:52:30+00:00,50,1,4,7,15,16,17,18,19,20,,,,,,,,,,,,
2441817,56526,Russia,4621271098,1778535450000,2026-05-11T21:37:30+00:00,50,3,3,6,7,8,12,15,17,18,,,,,,,,,,,,
2441789,56526,Russia,4621271074,1778534550000,2026-05-11T21:22:30+00:00,50,4,4,6,9,10,12,14,16,20,,,,,,,,,,,,
2441759,56526,Russia,4621271053,1778533650000,2026-05-11T21:07:30+00:00,50,4,1,2,4,7,9,12,18,19,,,,,,,,,,,,
2441728,56526,Russia,4621269826,1778532750000,2026-05-11T20:52:30+00:00,50,4,2,3,7,9,10,15,16,19,,,,,,,,,,,,
2441697,56526,Russia,4621269721,1778531850000,2026-05-11T20:37:30+00:00,50,2,2,8,10,11,12,13,15,17,,,,,,,,,,,,
2441608,56526,Russia,4621269628,1778530950000,2026-05-11T20:22:30+00:00,60,,,,,,,,,,,,,,,,,,,,,
2441636,56526,Russia,4621269520,1778530050000,2026-05-11T20:07:30+00:00,50,3,1,3,7,12,15,16,17,18,,,,,,,,,,,,
2441599,56526,Russia,4621269406,1778529150000,2026-05-11T19:52:30+00:00,50,4,1,2,6,9,11,15,16,18,,,,,,,,,,,,
2441567,56526,Russia,4621269286,1778528250000,2026-05-11T19:37:30+00:00,50,3,4,7,10,11,12,13,15,16,,,,,,,,,,,,
2441416,56526,Russia,4621269178,1778527350000,2026-05-11T19:22:30+00:00,60,,,,,,,,,,,,,,,,,,,,,
2441415,56526,Russia,4621269067,1778526450000,2026-05-11T19:07:30+00:00,60,,,,,,,,,,,,,,,,,,,,,
2441414,56526,Russia,4621268950,1778525550000,2026-05-11T18:52:30+00:00,60,,,,,,,,,,,,,,,,,,,,,
2441442,56526,Russia,4621268833,1778524650000,2026-05-11T18:37:30+00:00,50,3,1,3,5,9,10,11,13,15,,,,,,,,,,,,
2441405,56526,Russia,4621268713,1778523750000,2026-05-11T18:22:30+00:00,50,1,1,3,6,7,8,10,14,20,,,,,,,,,,,,
2441372,56526,Russia,4621268596,1778522850000,2026-05-11T18:07:30+00:00,50,4,1,5,9,11,14,16,17,20,,,,,,,,,,,,
2441340,56526,Russia,4621268464,1778521950000,2026-05-11T17:52:30+00:00,50,4,2,3,4,5,9,12,13,15,,,,,,,,,,,,
2441309,56526,Russia,4621268350,1778521050000,2026-05-11T17:37:30+00:00,50,1,1,6,9,11,13,14,19,20,,,,,,,,,,,,
2441278,56526,Russia,4621268242,1778520150000,2026-05-11T17:22:30+00:00,50,2,3,4,6,7,9,15,16,20,,,,,,,,,,,,
2441158,56526,Russia,4621268128,1778519250000,2026-05-11T17:07:30+00:00,60,,,,,,,,,,,,,,,,,,,,,
2441157,56526,Russia,4621268002,1778518350000,2026-05-11T16:52:30+00:00,60,,,,,,,,,,,,,,,,,,,,,
2441179,56526,Russia,4621267882,1778517450000,2026-05-11T16:37:30+00:00,50,2,1,2,5,8,11,15,17,20,,,,,,,,,,,,
2441145,56526,Russia,4621267771,1778516550000,2026-05-11T16:22:30+00:00,50,4,9,10,12,13,14,16,17,19,,,,,,,,,,,,
2441113,56526,Russia,4621267660,1778515650000,2026-05-11T16:07:30+00:00,50,3,1,4,6,7,9,10,15,19,,,,,,,,,,,,
2441078,56526,Russia,4621267546,1778514750000,2026-05-11T15:52:30+00:00,50,2,2,6,9,12,14,16,18,20,,,,,,,,,,,,
2441048,56526,Russia,4621267423,1778513850000,2026-05-11T15:37:30+00:00,50,1,2,3,5,9,10,14,15,18,,,,,,,,,,,,
2440908,56526,Russia,4621267315,1778512950000,2026-05-11T15:22:30+00:00,60,,,,,,,,,,,,,,,,,,,,,
2440907,56526,Russia,4621267204,1778512050000,2026-05-11T15:07:30+00:00,60,,,,,,,,,,,,,,,,,,,,,
2440906,56526,Russia,4621267087,1778511150000,2026-05-11T14:52:30+00:00,60,,,,,,,,,,,,,,,,,,,,,
2440929,56526,Russia,4621266976,1778510250000,2026-05-11T14:37:30+00:00,50,3,1,4,8,9,11,12,18,19,,,,,,,,,,,,
2440897,56526,Russia,4621266871,1778509350000,2026-05-11T14:22:30+00:00,50,3,2,3,5,8,9,11,12,16,,,,,,,,,,,,
2440866,56526,Russia,4621266760,1778508450000,2026-05-11T14:07:30+00:00,50,1,2,5,9,10,11,12,14,19,,,,,,,,,,,,
2440834,56526,Russia,4621266649,1778507550000,2026-05-11T13:52:30+00:00,50,1,2,3,13,14,15,18,19,20,,,,,,,,,,,,
2440803,56526,Russia,4621266538,1778506650000,2026-05-11T13:37:30+00:00,50,1,1,4,9,10,13,17,18,20,,,,,,,,,,,,
2440767,56526,Russia,4621266433,1778505750000,2026-05-11T13:22:30+00:00,60,,,,,,,,,,,,,,,,,,,,,
2440731,56526,Russia,4621266316,1778504850000,2026-05-11T13:07:30+00:00,60,,,,,,,,,,,,,,,,,,,,,
2440703,56526,Russia,4621266193,1778503950000,2026-05-11T12:52:30+00:00,50,2,1,4,6,7,9,10,14,19,,,,,,,,,,,,
2440672,56526,Russia,4621266082,1778503050000,2026-05-11T12:37:30+00:00,50,1,2,6,7,13,16,17,19,20,,,,,,,,,,,,
2440642,56526,Russia,4621265974,1778502150000,2026-05-11T12:22:30+00:00,50,4,1,3,7,12,13,14,17,19,,,,,,,,,,,,
2440611,56526,Russia,4621265863,1778501250000,2026-05-11T12:07:30+00:00,50,1,3,4,7,9,11,14,16,17,,,,,,,,,,,,
2440578,56526,Russia,4621265746,1778500350000,2026-05-11T11:52:30+00:00,50,3,3,7,12,13,14,17,18,20,,,,,,,,,,,,
2440546,56526,Russia,4621265629,1778499450000,2026-05-11T11:37:30+00:00,50,1,5,6,8,11,12,13,14,18,,,,,,,,,,,,
2440517,56526,Russia,4621265524,1778498550000,2026-05-11T11:22:30+00:00,50,1,1,2,3,8,9,10,14,19,,,,,,,,,,,,
2440486,56526,Russia,4621265413,1778497650000,2026-05-11T11:07:30+00:00,50,1,5,6,11,12,13,16,17,18,,,,,,,,,,,,
2440782,56526,Russia,4621265302,1778496750000,2026-05-11T10:52:30+00:00,60,,,,,,,,,,,,,,,,,,,,,
2440422,56526,Russia,4621265182,1778495850000,2026-05-11T10:37:30+00:00,50,1,1,4,6,9,10,13,16,17,,,,,,,,,,,,
2440279,56526,Russia,4621265077,1778494950000,2026-05-11T10:22:30+00:00,60,,,,,,,,,,,,,,,,,,,,,
2440278,56526,Russia,4621264966,1778494050000,2026-05-11T10:07:30+00:00,60,,,,,,,,,,,,,,,,,,,,,
2440277,56526,Russia,4621264852,1778493150000,2026-05-11T09:52:30+00:00,60,,,,,,,,,,,,,,,,,,,,,
2440300,56526,Russia,4621264738,1778492250000,2026-05-11T09:37:30+00:00,50,2,1,4,7,10,15,16,17,19,,,,,,,,,,,,
2440268,56526,Russia,4621264630,1778491350000,2026-05-11T09:22:30+00:00,50,4,1,2,3,7,12,14,15,20,,,,,,,,,,,,
2440188,56526,Russia,4621264519,1778490450000,2026-05-11T09:07:30+00:00,60,,,,,,,,,,,,,,,,,,,,,
2440207,56526,Russia,4621264405,1778489550000,2026-05-11T08:52:30+00:00,50,2,1,2,3,9,10,12,14,17,,,,,,,,,,,,
2440175,56526,Russia,4621264294,1778488650000,2026-05-11T08:37:30+00:00,50,3,2,7,8,9,11,12,13,15,,,,,,,,,,,,
2440147,56526,Russia,4621264189,1778487750000,2026-05-11T08:22:30+00:00,50,2,1,3,6,7,9,11,15,20,,,,,,,,,,,,
2440116,56526,Russia,4621264078,1778486850000,2026-05-11T08:07:30+00:00,50,3,3,5,6,12,16,18,19,20,,,,,,,,,,,,
2440084,56526,Russia,4621263967,1778485950000,2026-05-11T07:52:30+00:00,50,4,1,3,4,5,8,14,18,20,,,,,,,,,,,,
2440053,56526,Russia,4621263856,1778485050000,2026-05-11T07:37:30+00:00,50,2,8,9,10,11,12,13,16,20,,,,,,,,,,,,
2439913,56526,Russia,4621263751,1778484150000,2026-05-11T07:22:30+00:00,60,,,,,,,,,,,,,,,,,,,,,
2439912,56526,Russia,4621263640,1778483250000,2026-05-11T07:07:30+00:00,60,,,,,,,,,,,,,,,,,,,,,
2439911,56526,Russia,4621263526,1778482350000,2026-05-11T06:52:30+00:00,60,,,,,,,,,,,,,,,,,,,,,
2439933,56526,Russia,4621263415,1778481450000,2026-05-11T06:37:30+00:00,50,2,2,4,5,6,7,11,14,19,,,,,,,,,,,,
2439902,56526,Russia,4621263313,1778480550000,2026-05-11T06:22:30+00:00,50,3,4,5,13,14,15,16,19,20,,,,,,,,,,,,
2439871,56526,Russia,4621263202,1778479650000,2026-05-11T06:07:30+00:00,50,3,6,8,9,11,13,14,15,20,,,,,,,,,,,,
2439843,56526,Russia,4621263100,1778478750000,2026-05-11T05:52:30+00:00,50,4,1,2,3,5,9,16,18,19,,,,,,,,,,,,
2439816,56526,Russia,4621262998,1778477850000,2026-05-11T05:37:30+00:00,50,2,3,4,7,8,9,14,16,18,,,,,,,,,,,,
2439791,56526,Russia,4621262905,1778476950000,2026-05-11T05:22:30+00:00,50,4,2,3,4,6,7,9,12,13,,,,,,,,,,,,
2439761,56526,Russia,4621262803,1778476050000,2026-05-11T05:07:30+00:00,50,4,3,5,11,14,16,17,19,20,,,,,,,,,,,,
2439738,56526,Russia,4621262713,1778475150000,2026-05-11T04:52:30+00:00,50,1,1,2,9,10,12,15,17,18,,,,,,,,,,,,
2439714,56526,Russia,4621262623,1778474250000,2026-05-11T04:37:30+00:00,50,1,1,5,11,12,16,18,19,20,,,,,,,,,,,,
2439694,56526,Russia,4621262545,1778473350000,2026-05-11T04:22:30+00:00,50,2,3,5,11,12,14,16,17,19,,,,,,,,,,,,
2439674,56526,Russia,4621262467,1778472450000,2026-05-11T04:07:30+00:00,50,2,2,5,6,8,9,10,18,19,,,,,,,,,,,,
2439656,56526,Russia,4621262395,1778471550000,2026-05-11T03:52:30+00:00,50,4,2,3,5,8,11,12,14,20,,,,,,,,,,,,
2439635,56526,Russia,4621262317,1778470650000,2026-05-11T03:37:30+00:00,50,2,1,3,5,8,11,14,19,20,,,,,,,,,,,,
2439612,56526,Russia,4621262242,1778469750000,2026-05-11T03:22:30+00:00,50,4,1,4,6,8,14,15,17,19,,,,,,,,,,,,
2439584,56526,Russia,4621262164,1778468850000,2026-05-11T03:07:30+00:00,50,4,1,2,6,7,12,15,16,18,,,,,,,,,,,,
2439507,56526,Russia,4621262092,1778467950000,2026-05-11T02:52:30+00:00,50,4,2,9,13,14,16,17,19,20,,,,,,,,,,,,
2439489,56526,Russia,4621262014,1778467050000,2026-05-11T02:37:30+00:00,50,2,1,6,7,8,13,15,17,20,,,,,,,,,,,,
2439469,56526,Russia,4621261939,1778466150000,2026-05-11T02:22:30+00:00,50,3,6,9,11,13,14,16,17,20,,,,,,,,,,,,
2439449,56526,Russia,4621261861,1778465250000,2026-05-11T02:07:30+00:00,50,1,4,5,12,14,16,18,19,20,,,,,,,,,,,,
2439430,56526,Russia,4621261789,1778464350000,2026-05-11T01:52:30+00:00,50,3,3,8,9,12,15,17,18,20,,,,,,,,,,,,
2439413,56526,Russia,4621261711,1778463450000,2026-05-11T01:37:30+00:00,50,3,1,2,4,7,14,17,18,20,,,,,,,,,,,,
2439394,56526,Russia,4621261636,1778462550000,2026-05-11T01:22:30+00:00,50,1,2,3,5,7,9,10,12,13,,,,,,,,,,,,
2439376,56526,Russia,4621261558,1778461650000,2026-05-11T01:07:30+00:00,50,2,3,5,7,9,12,13,17,18,,,,,,,,,,,,
2439357,56526,Russia,4621261486,1778460750000,2026-05-11T00:52:30+00:00,50,3,1,6,7,9,16,17,18,20,,,,,,,,,,,,
2439340,56526,Russia,4621261408,1778459850000,2026-05-11T00:37:30+00:00,50,1,3,5,8,13,14,15,16,18,,,,,,,,,,,,
2439323,56526,Russia,4621261333,1778458950000,2026-05-11T00:22:30+00:00,50,4,4,6,7,8,9,11,15,18,,,,,,,,,,,,
2439306,56526,Russia,4621261255,1778458050000,2026-05-11T00:07:30+00:00,50,4,2,3,7,9,10,13,16,18,,,,,,,,,,,,
2439288,56526,Russia,4619510350,1778457150000,2026-05-10T23:52:30+00:00,50,1,1,4,5,7,12,13,15,19,,,,,,,,,,,,
2439268,56526,Russia,4619510272,1778456250000,2026-05-10T23:37:30+00:00,50,4,1,5,6,8,9,11,13,14,,,,,,,,,,,,
2439252,56526,Russia,4619510197,1778455350000,2026-05-10T23:22:30+00:00,50,4,2,3,7,12,14,15,16,17,,,,,,,,,,,,
2439234,56526,Russia,4619510119,1778454450000,2026-05-10T23:07:30+00:00,50,4,2,6,8,13,15,16,19,20,,,,,,,,,,,,
2439213,56526,Russia,4619510047,1778453550000,2026-05-10T22:52:30+00:00,50,1,1,7,8,9,16,17,19,20,,,,,,,,,,,,
2439193,56526,Russia,4619509969,1778452650000,2026-05-10T22:37:30+00:00,50,1,1,5,11,13,14,15,16,20,,,,,,,,,,,,
2439174,56526,Russia,4619509894,1778451750000,2026-05-10T22:22:30+00:00,50,2,3,7,9,11,12,15,19,20,,,,,,,,,,,,
2439157,56526,Russia,4619509825,1778450850000,2026-05-10T22:07:30+00:00,50,4,2,3,5,6,11,12,16,17,,,,,,,,,,,,
2439138,56526,Russia,4619509783,1778449950000,2026-05-10T21:52:30+00:00,50,1,2,3,6,7,13,14,17,18,,,,,,,,,,,,
2439108,56526,Russia,4619509759,1778449050000,2026-05-10T21:37:30+00:00,50,4,6,9,10,14,15,17,19,20,,,,,,,,,,,,
2439080,56526,Russia,4619509735,1778448150000,2026-05-10T21:22:30+00:00,50,3,3,5,6,8,9,10,17,18,,,,,,,,,,,,
2439050,56526,Russia,4619509714,1778447250000,2026-05-10T21:07:30+00:00,50,1,1,3,5,6,9,12,13,17,,,,,,,,,,,,
2439019,56526,Russia,4619508508,1778446350000,2026-05-10T20:52:30+00:00,50,3,1,2,3,7,11,12,14,18,,,,,,,,,,,,
2438988,56526,Russia,4619508403,1778445450000,2026-05-10T20:37:30+00:00,50,3,1,2,4,9,11,12,14,19,,,,,,,,,,,,
2438900,56526,Russia,4619508310,1778444550000,2026-05-10T20:22:30+00:00,60,,,,,,,,,,,,,,,,,,,,,
2438923,56526,Russia,4619508202,1778443650000,2026-05-10T20:07:30+00:00,50,2,1,3,4,6,8,15,16,18,,,,,,,,,,,,
2438891,56526,Russia,4619508088,1778442750000,2026-05-10T19:52:30+00:00,50,4,1,3,7,8,10,14,17,20,,,,,,,,,,,,
2438860,56526,Russia,4619507971,1778441850000,2026-05-10T19:37:30+00:00,50,4,2,8,9,10,12,14,16,20,,,,,,,,,,,,
2438710,56526,Russia,4619507860,1778440950000,2026-05-10T19:22:30+00:00,60,,,,,,,,,,,,,,,,,,,,,
2438709,56526,Russia,4619507749,1778440050000,2026-05-10T19:07:30+00:00,60,,,,,,,,,,,,,,,,,,,,,
2438708,56526,Russia,4619507629,1778439150000,2026-05-10T18:52:30+00:00,60,,,,,,,,,,,,,,,,,,,,,
2438733,56526,Russia,4619507515,1778438250000,2026-05-10T18:37:30+00:00,50,4,1,2,6,10,11,13,14,19,,,,,,,,,,,,
2438699,56526,Russia,4619507398,1778437350000,2026-05-10T18:22:30+00:00,50,4,3,4,5,8,9,13,14,18,,,,,,,,,,,,
2438668,56526,Russia,4619507287,1778436450000,2026-05-10T18:07:30+00:00,50,3,3,6,8,12,13,18,19,20,,,,,,,,,,,,
2438634,56526,Russia,4619507161,1778435550000,2026-05-10T17:52:30+00:00,50,4,1,5,8,11,15,16,17,18,,,,,,,,,,,,
2438603,56526,Russia,4619507047,1778434650000,2026-05-10T17:37:30+00:00,50,1,10,12,13,14,16,18,19,20,,,,,,,,,,,,
2438571,56526,Russia,4619506942,1778433750000,2026-05-10T17:22:30+00:00,50,3,2,5,6,8,11,12,18,19,,,,,,,,,,,,
2438450,56526,Russia,4619506825,1778432850000,2026-05-10T17:07:30+00:00,60,,,,,,,,,,,,,,,,,,,,,
2438449,56526,Russia,4619506699,1778431950000,2026-05-10T16:52:30+00:00,60,,,,,,,,,,,,,,,,,,,,,
2438471,56526,Russia,4619506579,1778431050000,2026-05-10T16:37:30+00:00,50,3,3,4,10,12,13,14,15,18,,,,,,,,,,,,
2438439,56526,Russia,4619506468,1778430150000,2026-05-10T16:22:30+00:00,50,1,3,4,10,12,13,15,16,20,,,,,,,,,,,,
2438406,56526,Russia,4619506357,1778429250000,2026-05-10T16:07:30+00:00,50,2,3,4,9,10,16,17,19,20,,,,,,,,,,,,
2438374,56526,Russia,4619506243,1778428350000,2026-05-10T15:52:30+00:00,50,2,1,2,11,12,13,16,19,20,,,,,,,,,,,,
2438341,56526,Russia,4619506123,1778427450000,2026-05-10T15:37:30+00:00,50,1,3,4,6,9,10,11,17,20,,,,,,,,,,,,
2438202,56526,Russia,4619506009,1778426550000,2026-05-10T15:22:30+00:00,60,,,,,,,,,,,,,,,,,,,,,
2438201,56526,Russia,4619505898,1778425650000,2026-05-10T15:07:30+00:00,60,,,,,,,,,,,,,,,,,,,,,
2438200,56526,Russia,4619505784,1778424750000,2026-05-10T14:52:30+00:00,60,,,,,,,,,,,,,,,,,,,,,
2438223,56526,Russia,4619505673,1778423850000,2026-05-10T14:37:30+00:00,50,1,1,2,5,6,11,12,14,17,,,,,,,,,,,,
2438191,56526,Russia,4619505568,1778422950000,2026-05-10T14:22:30+00:00,50,3,6,7,8,10,11,15,19,20,,,,,,,,,,,,
2438160,56526,Russia,4619505457,1778422050000,2026-05-10T14:07:30+00:00,50,1,1,4,6,11,12,14,18,19,,,,,,,,,,,,
2438128,56526,Russia,4619505346,1778421150000,2026-05-10T13:52:30+00:00,50,1,1,4,9,12,13,14,16,19,,,,,,,,,,,,
2438097,56526,Russia,4619505235,1778420250000,2026-05-10T13:37:30+00:00,50,4,1,2,4,6,7,10,12,16,,,,,,,,,,,,
2437982,56526,Russia,4619505133,1778419350000,2026-05-10T13:22:30+00:00,60,,,,,,,,,,,,,,,,,,,,,
2437981,56526,Russia,4619505016,1778418450000,2026-05-10T13:07:30+00:00,60,,,,,,,,,,,,,,,,,,,,,
2438003,56526,Russia,4619504896,1778417550000,2026-05-10T12:52:30+00:00,50,2,1,2,7,8,11,14,16,18,,,,,,,,,,,,
2437969,56526,Russia,4619504785,1778416650000,2026-05-10T12:37:30+00:00,50,4,1,2,4,5,11,14,17,20,,,,,,,,,,,,
2437940,56526,Russia,4619504677,1778415750000,2026-05-10T12:22:30+00:00,50,3,2,7,8,9,11,12,19,20,,,,,,,,,,,,
2437909,56526,Russia,4619504566,1778414850000,2026-05-10T12:07:30+00:00,50,1,1,2,3,5,8,9,10,17,,,,,,,,,,,,
2437876,56526,Russia,4619504449,1778413950000,2026-05-10T11:52:30+00:00,50,3,1,4,8,14,15,16,18,20,,,,,,,,,,,,
2437843,56526,Russia,4619504332,1778413050000,2026-05-10T11:37:30+00:00,50,4,1,4,5,6,11,12,13,18,,,,,,,,,,,,
2437814,56526,Russia,4619504227,1778412150000,2026-05-10T11:22:30+00:00,50,3,1,3,4,6,14,16,17,19,,,,,,,,,,,,
2437783,56526,Russia,4619504116,1778411250000,2026-05-10T11:07:30+00:00,50,2,1,2,4,6,9,17,19,20,,,,,,,,,,,,
2437697,56526,Russia,4619504005,1778410350000,2026-05-10T10:52:30+00:00,60,,,,,,,,,,,,,,,,,,,,,
2437719,56526,Russia,4619503885,1778409450000,2026-05-10T10:37:30+00:00,50,2,2,3,4,5,6,14,17,18,,,,,,,,,,,,
2437577,56526,Russia,4619503780,1778408550000,2026-05-10T10:22:30+00:00,60,,,,,,,,,,,,,,,,,,,,,
2437576,56526,Russia,4619503669,1778407650000,2026-05-10T10:07:30+00:00,60,,,,,,,,,,,,,,,,,,,,,
2437575,56526,Russia,4619503555,1778406750000,2026-05-10T09:52:30+00:00,60,,,,,,,,,,,,,,,,,,,,,
2437598,56526,Russia,4619503444,1778405850000,2026-05-10T09:37:30+00:00,50,3,2,5,6,7,11,14,15,17,,,,,,,,,,,,
2437566,56526,Russia,4619503339,1778404950000,2026-05-10T09:22:30+00:00,50,1,2,12,13,14,15,17,18,20,,,,,,,,,,,,
2437484,56526,Russia,4619503228,1778404050000,2026-05-10T09:07:30+00:00,60,,,,,,,,,,,,,,,,,,,,,
2437504,56526,Russia,4619503114,1778403150000,2026-05-10T08:52:30+00:00,50,4,1,2,6,7,10,12,16,20,,,,,,,,,,,,
2437472,56526,Russia,4619503003,1778402250000,2026-05-10T08:37:30+00:00,50,3,3,4,7,10,11,12,13,15,,,,,,,,,,,,
2437444,56526,Russia,4619502898,1778401350000,2026-05-10T08:22:30+00:00,50,3,1,2,6,9,13,14,15,18,,,,,,,,,,,,
2437412,56526,Russia,4619502787,1778400450000,2026-05-10T08:07:30+00:00,50,4,2,4,5,6,8,12,13,20,,,,,,,,,,,,
2437381,56526,Russia,4619502676,1778399550000,2026-05-10T07:52:30+00:00,50,3,7,9,12,13,16,18,19,20,,,,,,,,,,,,
2437350,56526,Russia,4619502565,1778398650000,2026-05-10T07:37:30+00:00,50,1,1,3,4,9,10,13,16,17,,,,,,,,,,,,
2437210,56526,Russia,4619502460,1778397750000,2026-05-10T07:22:30+00:00,60,,,,,,,,,,,,,,,,,,,,,
2437209,56526,Russia,4619502349,1778396850000,2026-05-10T07:07:30+00:00,60,,,,,,,,,,,,,,,,,,,,,
2437208,56526,Russia,4619502235,1778395950000,2026-05-10T06:52:30+00:00,60,,,,,,,,,,,,,,,,,,,,,
2437230,56526,Russia,4619502124,1778395050000,2026-05-10T06:37:30+00:00,50,4,2,5,6,7,16,17,19,20,,,,,,,,,,,,
2437199,56526,Russia,4619502022,1778394150000,2026-05-10T06:22:30+00:00,50,3,1,4,6,7,10,16,18,20,,,,,,,,,,,,
2437167,56526,Russia,4619501911,1778393250000,2026-05-10T06:07:30+00:00,50,1,4,6,7,8,9,13,14,19,,,,,,,,,,,,
2437140,56526,Russia,4619501809,1778392350000,2026-05-10T05:52:30+00:00,50,1,1,3,6,7,9,12,13,15,,,,,,,,,,,,
2437111,56526,Russia,4619501707,1778391450000,2026-05-10T05:37:30+00:00,50,4,7,10,11,13,15,16,17,20,,,,,,,,,,,,
2437081,56526,Russia,4619501614,1778390550000,2026-05-10T05:22:30+00:00,50,1,1,4,8,10,14,17,18,19,,,,,,,,,,,,
2437046,56526,Russia,4619501512,1778389650000,2026-05-10T05:07:30+00:00,50,4,4,10,12,13,15,18,19,20,,,,,,,,,,,,
2437034,56526,Russia,4619501422,1778388750000,2026-05-10T04:52:30+00:00,50,3,3,6,7,12,14,15,17,20,,,,,,,,,,,,
2437010,56526,Russia,4619501332,1778387850000,2026-05-10T04:37:30+00:00,50,4,1,5,7,9,12,13,16,17,,,,,,,,,,,,
2436989,56526,Russia,4619501254,1778386950000,2026-05-10T04:22:30+00:00,50,1,1,2,4,12,14,16,17,18,,,,,,,,,,,,
2436967,56526,Russia,4619501176,1778386050000,2026-05-10T04:07:30+00:00,50,3,4,5,9,11,13,15,17,18,,,,,,,,,,,,
2436946,56526,Russia,4619501104,1778385150000,2026-05-10T03:52:30+00:00,50,1,4,5,6,10,11,15,17,20,,,,,,,,,,,,
2436921,56526,Russia,4619501026,1778384250000,2026-05-10T03:37:30+00:00,50,1,2,3,7,8,14,16,17,18,,,,,,,,,,,,
2436889,56526,Russia,4619500951,1778383350000,2026-05-10T03:22:30+00:00,50,1,2,5,7,9,11,12,17,19,,,,,,,,,,,,
2436869,56526,Russia,4619500873,1778382450000,2026-05-10T03:07:30+00:00,50,2,4,6,7,10,11,13,15,20,,,,,,,,,,,,
2436844,56526,Russia,4619500801,1778381550000,2026-05-10T02:52:30+00:00,50,2,3,4,5,9,10,17,18,20,,,,,,,,,,,,
2436818,56526,Russia,4619500723,1778380650000,2026-05-10T02:37:30+00:00,50,4,6,7,9,10,13,14,19,20,,,,,,,,,,,,
2436795,56526,Russia,4619500648,1778379750000,2026-05-10T02:22:30+00:00,50,4,2,3,5,7,9,17,18,20,,,,,,,,,,,,
2436768,56526,Russia,4619500570,1778378850000,2026-05-10T02:07:30+00:00,50,1,3,4,5,7,13,17,19,20,,,,,,,,,,,,
2436749,56526,Russia,4619500498,1778377950000,2026-05-10T01:52:30+00:00,50,3,3,6,7,8,11,13,15,16,,,,,,,,,,,,
2436728,56526,Russia,4619500420,1778377050000,2026-05-10T01:37:30+00:00,50,3,1,2,8,9,11,16,17,19,,,,,,,,,,,,
2436710,56526,Russia,4619500345,1778376150000,2026-05-10T01:22:30+00:00,50,2,1,2,5,8,11,12,14,15,,,,,,,,,,,,
2436690,56526,Russia,4619500267,1778375250000,2026-05-10T01:07:30+00:00,50,2,3,4,7,8,9,10,12,17,,,,,,,,,,,,
2436666,56526,Russia,4619500195,1778374350000,2026-05-10T00:52:30+00:00,50,1,4,6,11,12,13,14,15,20,,,,,,,,,,,,
2436646,56526,Russia,4619500117,1778373450000,2026-05-10T00:37:30+00:00,50,1,8,10,13,14,15,16,17,18,,,,,,,,,,,,
2436627,56526,Russia,4619500042,1778372550000,2026-05-10T00:22:30+00:00,50,4,1,3,6,12,13,15,18,20,,,,,,,,,,,,
2436606,56526,Russia,4619499964,1778371650000,2026-05-10T00:07:30+00:00,50,4,3,6,7,10,14,16,18,19,,,,,,,,,,,,
2436583,56526,Russia,4617645442,1778370750000,2026-05-09T23:52:30+00:00,50,3,2,7,9,11,15,16,18,20,,,,,,,,,,,,
2436560,56526,Russia,4617645364,1778369850000,2026-05-09T23:37:30+00:00,50,1,1,2,3,6,7,10,15,17,,,,,,,,,,,,
2436537,56526,Russia,4617645289,1778368950000,2026-05-09T23:22:30+00:00,50,3,3,6,9,11,14,15,17,19,,,,,,,,,,,,
2436515,56526,Russia,4617645211,1778368050000,2026-05-09T23:07:30+00:00,50,4,3,5,7,10,11,14,15,18,,,,,,,,,,,,
2436493,56526,Russia,4617645139,1778367150000,2026-05-09T22:52:30+00:00,50,1,3,4,9,12,15,17,18,20,,,,,,,,,,,,
2436470,56526,Russia,4617645061,1778366250000,2026-05-09T22:37:30+00:00,50,2,3,4,5,7,10,12,17,18,,,,,,,,,,,,
2436448,56526,Russia,4617644986,1778365350000,2026-05-09T22:22:30+00:00,50,1,4,5,6,7,10,14,19,20,,,,,,,,,,,,
2436428,56526,Russia,4617644917,1778364450000,2026-05-09T22:07:30+00:00,50,1,1,2,4,6,8,12,15,17,,,,,,,,,,,,
2436408,56526,Russia,4617644875,1778363550000,2026-05-09T21:52:30+00:00,50,1,3,7,8,9,12,13,15,19,,,,,,,,,,,,
2436378,56526,Russia,4617644851,1778362650000,2026-05-09T21:37:30+00:00,50,2,1,4,5,8,9,12,16,19,,,,,,,,,,,,
2436350,56526,Russia,4617644827,1778361750000,2026-05-09T21:22:30+00:00,50,4,1,3,4,6,7,14,15,18,,,,,,,,,,,,
2436318,56526,Russia,4617644806,1778360850000,2026-05-09T21:07:30+00:00,50,4,2,3,6,14,15,17,19,20,,,,,,,,,,,,
2436289,56526,Russia,4617643588,1778359950000,2026-05-09T20:52:30+00:00,50,4,1,4,5,8,9,11,12,14,,,,,,,,,,,,
2436258,56526,Russia,4617643483,1778359050000,2026-05-09T20:37:30+00:00,50,2,2,6,10,13,15,17,18,20,,,,,,,,,,,,
2436167,56526,Russia,4617643390,1778358150000,2026-05-09T20:22:30+00:00,60,,,,,,,,,,,,,,,,,,,,,
2436191,56526,Russia,4617643282,1778357250000,2026-05-09T20:07:30+00:00,50,2,1,2,6,8,11,14,16,18,,,,,,,,,,,,
2436158,56526,Russia,4617643168,1778356350000,2026-05-09T19:52:30+00:00,50,3,1,3,4,5,8,10,17,19,,,,,,,,,,,,
2436122,56526,Russia,4617643042,1778355450000,2026-05-09T19:37:30+00:00,50,1,2,3,7,8,13,14,16,18,,,,,,,,,,,,
2435964,56526,Russia,4617642934,1778354550000,2026-05-09T19:22:30+00:00,60,,,,,,,,,,,,,,,,,,,,,
2435963,56526,Russia,4617642817,1778353650000,2026-05-09T19:07:30+00:00,60,,,,,,,,,,,,,,,,,,,,,
2435962,56526,Russia,4617642685,1778352750000,2026-05-09T18:52:30+00:00,60,,,,,,,,,,,,,,,,,,,,,
2435987,56526,Russia,4617642562,1778351850000,2026-05-09T18:37:30+00:00,50,1,1,3,6,7,10,15,17,20,,,,,,,,,,,,
2435952,56526,Russia,4617642439,1778350950000,2026-05-09T18:22:30+00:00,50,2,1,3,4,5,12,13,14,16,,,,,,,,,,,,
2435917,56526,Russia,4617642322,1778350050000,2026-05-09T18:07:30+00:00,50,1,2,4,5,7,16,18,19,20,,,,,,,,,,,,
2435881,56526,Russia,4617642187,1778349150000,2026-05-09T17:52:30+00:00,50,3,2,4,5,6,7,8,11,16,,,,,,,,,,,,
2435848,56526,Russia,4617642073,1778348250000,2026-05-09T17:37:30+00:00,50,4,2,7,9,13,14,15,17,18,,,,,,,,,,,,
2435697,56526,Russia,4617641962,1778347350000,2026-05-09T17:22:30+00:00,60,,,,,,,,,,,,,,,,,,,,,
2435696,56526,Russia,4617641848,1778346450000,2026-05-09T17:07:30+00:00,60,,,,,,,,,,,,,,,,,,,,,
2435695,56526,Russia,4617641719,1778345550000,2026-05-09T16:52:30+00:00,60,,,,,,,,,,,,,,,,,,,,,
2435719,56526,Russia,4617641599,1778344650000,2026-05-09T16:37:30+00:00,50,2,2,3,5,6,10,14,16,20,,,,,,,,,,,,
2435684,56526,Russia,4617641488,1778343750000,2026-05-09T16:22:30+00:00,50,2,5,8,9,15,17,18,19,20,,,,,,,,,,,,
2435652,56526,Russia,4617641371,1778342850000,2026-05-09T16:07:30+00:00,50,4,1,3,6,8,9,11,12,17,,,,,,,,,,,,
2435617,56526,Russia,4617641254,1778341950000,2026-05-09T15:52:30+00:00,50,4,1,3,6,8,11,12,14,19,,,,,,,,,,,,
2435585,56526,Russia,4617641131,1778341050000,2026-05-09T15:37:30+00:00,50,3,2,6,7,9,15,17,19,20,,,,,,,,,,,,
2435445,56526,Russia,4617641023,1778340150000,2026-05-09T15:22:30+00:00,60,,,,,,,,,,,,,,,,,,,,,
2435444,56526,Russia,4617640912,1778339250000,2026-05-09T15:07:30+00:00,60,,,,,,,,,,,,,,,,,,,,,
2435443,56526,Russia,4617640789,1778338350000,2026-05-09T14:52:30+00:00,60,,,,,,,,,,,,,,,,,,,,,
2435466,56526,Russia,4617640678,1778337450000,2026-05-09T14:37:30+00:00,50,4,4,6,7,8,9,13,16,19,,,,,,,,,,,,
2435434,56526,Russia,4617640573,1778336550000,2026-05-09T14:22:30+00:00,50,1,1,2,4,5,9,14,16,20,,,,,,,,,,,,
2435402,56526,Russia,4617640462,1778335650000,2026-05-09T14:07:30+00:00,50,4,1,2,4,5,11,17,19,20,,,,,,,,,,,,
2435368,56526,Russia,4617640351,1778334750000,2026-05-09T13:52:30+00:00,50,2,1,3,5,8,11,12,17,20,,,,,,,,,,,,
2435337,56526,Russia,4617640240,1778333850000,2026-05-09T13:37:30+00:00,50,1,4,5,7,9,13,14,18,20,,,,,,,,,,,,
2435224,56526,Russia,4617640138,1778332950000,2026-05-09T13:22:30+00:00,60,,,,,,,,,,,,,,,,,,,,,
2435223,56526,Russia,4617640021,1778332050000,2026-05-09T13:07:30+00:00,60,,,,,,,,,,,,,,,,,,,,,
2435244,56526,Russia,4617639901,1778331150000,2026-05-09T12:52:30+00:00,50,2,1,4,5,7,10,12,17,18,,,,,,,,,,,,
2435210,56526,Russia,4617639790,1778330250000,2026-05-09T12:37:30+00:00,50,3,2,8,10,11,16,17,18,20,,,,,,,,,,,,
2435182,56526,Russia,4617639682,1778329350000,2026-05-09T12:22:30+00:00,50,3,6,7,8,10,12,13,16,20,,,,,,,,,,,,
2435151,56526,Russia,4617639571,1778328450000,2026-05-09T12:07:30+00:00,50,2,2,3,5,8,14,15,16,19,,,,,,,,,,,,
2435120,56526,Russia,4617639454,1778327550000,2026-05-09T11:52:30+00:00,50,1,8,10,13,14,16,17,18,19,,,,,,,,,,,,
2435088,56526,Russia,4617639337,1778326650000,2026-05-09T11:37:30+00:00,50,1,3,4,7,8,10,14,15,18,,,,,,,,,,,,
2435057,56526,Russia,4617639229,1778325750000,2026-05-09T11:22:30+00:00,50,2,3,6,8,10,11,12,15,20,,,,,,,,,,,,
2435026,56526,Russia,4617639118,1778324850000,2026-05-09T11:07:30+00:00,50,1,4,7,11,13,14,17,18,20,,,,,,,,,,,,
2434941,56526,Russia,4617639007,1778323950000,2026-05-09T10:52:30+00:00,60,,,,,,,,,,,,,,,,,,,,,
2434962,56526,Russia,4617638887,1778323050000,2026-05-09T10:37:30+00:00,50,1,2,3,12,14,15,16,17,18,,,,,,,,,,,,
2434819,56526,Russia,4617638782,1778322150000,2026-05-09T10:22:30+00:00,60,,,,,,,,,,,,,,,,,,,,,
2434818,56526,Russia,4617638671,1778321250000,2026-05-09T10:07:30+00:00,60,,,,,,,,,,,,,,,,,,,,,
2434817,56526,Russia,4617638557,1778320350000,2026-05-09T09:52:30+00:00,60,,,,,,,,,,,,,,,,,,,,,
2434840,56526,Russia,4617638446,1778319450000,2026-05-09T09:37:30+00:00,50,2,1,3,4,7,9,13,18,20,,,,,,,,,,,,
2434808,56526,Russia,4617638338,1778318550000,2026-05-09T09:22:30+00:00,50,3,4,9,10,11,13,16,19,20,,,,,,,,,,,,
2434727,56526,Russia,4617638227,1778317650000,2026-05-09T09:07:30+00:00,60,,,,,,,,,,,,,,,,,,,,,
2434746,56526,Russia,4617638113,1778316750000,2026-05-09T08:52:30+00:00,50,4,5,6,8,9,11,12,15,18,,,,,,,,,,,,
2434714,56526,Russia,4617638002,1778315850000,2026-05-09T08:37:30+00:00,50,4,2,4,7,14,15,16,17,20,,,,,,,,,,,,
2434686,56526,Russia,4617637897,1778314950000,2026-05-09T08:22:30+00:00,50,2,6,9,11,12,13,14,16,19,,,,,,,,,,,,
2434654,56526,Russia,4617637786,1778314050000,2026-05-09T08:07:30+00:00,50,4,3,5,6,10,11,15,17,20,,,,,,,,,,,,
2434622,56526,Russia,4617637675,1778313150000,2026-05-09T07:52:30+00:00,50,4,1,4,5,8,13,14,15,20,,,,,,,,,,,,
2434591,56526,Russia,4617637564,1778312250000,2026-05-09T07:37:30+00:00,50,3,5,7,8,11,12,13,17,19,,,,,,,,,,,,
2434451,56526,Russia,4617637456,1778311350000,2026-05-09T07:22:30+00:00,60,,,,,,,,,,,,,,,,,,,,,
2434450,56526,Russia,4617637345,1778310450000,2026-05-09T07:07:30+00:00,60,,,,,,,,,,,,,,,,,,,,,
2434449,56526,Russia,4617637231,1778309550000,2026-05-09T06:52:30+00:00,60,,,,,,,,,,,,,,,,,,,,,
2434471,56526,Russia,4617637120,1778308650000,2026-05-09T06:37:30+00:00,50,4,4,5,10,13,14,15,16,20,,,,,,,,,,,,
2434440,56526,Russia,4617637018,1778307750000,2026-05-09T06:22:30+00:00,50,1,1,6,9,11,16,17,19,20,,,,,,,,,,,,
2434409,56526,Russia,4617636907,1778306850000,2026-05-09T06:07:30+00:00,50,4,5,7,9,14,15,17,18,20,,,,,,,,,,,,
2434381,56526,Russia,4617636805,1778305950000,2026-05-09T05:52:30+00:00,50,4,1,3,8,11,13,14,15,19,,,,,,,,,,,,
2434354,56526,Russia,4617636703,1778305050000,2026-05-09T05:37:30+00:00,50,3,1,3,9,10,12,14,16,18,,,,,,,,,,,,
2434329,56526,Russia,4617636610,1778304150000,2026-05-09T05:22:30+00:00,50,4,1,2,3,7,8,13,14,17,,,,,,,,,,,,
2434299,56526,Russia,4617636508,1778303250000,2026-05-09T05:07:30+00:00,50,4,1,2,3,6,10,11,14,18,,,,,,,,,,,,
2434276,56526,Russia,4617636418,1778302350000,2026-05-09T04:52:30+00:00,50,3,4,5,9,14,17,18,19,20,,,,,,,,,,,,
2434252,56526,Russia,4617636328,1778301450000,2026-05-09T04:37:30+00:00,50,1,2,5,6,10,11,13,16,17,,,,,,,,,,,,
2434232,56526,Russia,4617636250,1778300550000,2026-05-09T04:22:30+00:00,50,1,6,7,8,10,11,13,14,17,,,,,,,,,,,,
2434211,56526,Russia,4617636172,1778299650000,2026-05-09T04:07:30+00:00,50,3,2,5,8,9,16,17,18,20,,,,,,,,,,,,
2434192,56526,Russia,4617636100,1778298750000,2026-05-09T03:52:30+00:00,50,4,1,6,7,9,12,14,19,20,,,,,,,,,,,,
2434172,56526,Russia,4617636022,1778297850000,2026-05-09T03:37:30+00:00,50,4,1,2,3,5,7,18,19,20,,,,,,,,,,,,
2434149,56526,Russia,4617635947,1778296950000,2026-05-09T03:22:30+00:00,50,4,2,7,8,10,11,12,13,16,,,,,,,,,,,,
2434119,56526,Russia,4617635869,1778296050000,2026-05-09T03:07:30+00:00,50,4,1,10,11,13,14,15,17,18,,,,,,,,,,,,
2434096,56526,Russia,4617635797,1778295150000,2026-05-09T02:52:30+00:00,50,2,4,7,8,9,11,15,17,20,,,,,,,,,,,,
2434076,56526,Russia,4617635719,1778294250000,2026-05-09T02:37:30+00:00,50,4,1,2,3,5,6,7,18,19,,,,,,,,,,,,
2434055,56526,Russia,4617635644,1778293350000,2026-05-09T02:22:30+00:00,50,4,1,3,5,8,9,10,13,15,,,,,,,,,,,,
2434031,56526,Russia,4617635566,1778292450000,2026-05-09T02:07:30+00:00,50,3,5,6,10,11,14,15,16,18,,,,,,,,,,,,
2434009,56526,Russia,4617635494,1778291550000,2026-05-09T01:52:30+00:00,50,3,2,3,5,9,13,14,17,20,,,,,,,,,,,,
2433988,56526,Russia,4617635416,1778290650000,2026-05-09T01:37:30+00:00,50,2,2,4,11,12,14,17,19,20,,,,,,,,,,,,
2433968,56526,Russia,4617635341,1778289750000,2026-05-09T01:22:30+00:00,50,1,7,8,9,14,15,17,19,20,,,,,,,,,,,,
2433948,56526,Russia,4617635263,1778288850000,2026-05-09T01:07:30+00:00,50,1,4,5,6,7,8,9,19,20,,,,,,,,,,,,
2433926,56526,Russia,4617635191,1778287950000,2026-05-09T00:52:30+00:00,50,1,1,4,8,11,13,14,17,20,,,,,,,,,,,,
2433905,56526,Russia,4617635113,1778287050000,2026-05-09T00:37:30+00:00,50,1,1,4,8,9,10,12,19,20,,,,,,,,,,,,
2433885,56526,Russia,4617635038,1778286150000,2026-05-09T00:22:30+00:00,50,4,1,3,10,13,17,18,19,20,,,,,,,,,,,,
2433866,56526,Russia,4617634960,1778285250000,2026-05-09T00:07:30+00:00,50,3,2,4,5,9,12,14,16,19,,,,,,,,,,,,
2433844,56526,Russia,4615760158,1778284350000,2026-05-08T23:52:30+00:00,50,2,2,3,6,10,16,17,19,20,,,,,,,,,,,,
2433822,56526,Russia,4615760080,1778283450000,2026-05-08T23:37:30+00:00,50,2,2,3,5,13,14,16,17,19,,,,,,,,,,,,
2433800,56526,Russia,4615760005,1778282550000,2026-05-08T23:22:30+00:00,50,4,1,5,6,7,8,12,18,20,,,,,,,,,,,,
2433780,56526,Russia,4615759927,1778281650000,2026-05-08T23:07:30+00:00,50,2,2,4,5,6,10,16,18,20,,,,,,,,,,,,
2433752,56526,Russia,4615759855,1778280750000,2026-05-08T22:52:30+00:00,50,2,2,3,10,12,14,17,18,19,,,,,,,,,,,,
2433729,56526,Russia,4615759777,1778279850000,2026-05-08T22:37:30+00:00,50,3,1,2,7,8,9,14,15,18,,,,,,,,,,,,
2433707,56526,Russia,4615759702,1778278950000,2026-05-08T22:22:30+00:00,50,4,2,3,5,8,12,15,16,20,,,,,,,,,,,,
2433687,56526,Russia,4615759633,1778278050000,2026-05-08T22:07:30+00:00,50,4,1,3,6,7,10,12,14,20,,,,,,,,,,,,
2433667,56526,Russia,4615759591,1778277150000,2026-05-08T21:52:30+00:00,50,2,1,2,5,7,9,11,13,15,,,,,,,,,,,,
2433637,56526,Russia,4615759567,1778276250000,2026-05-08T21:37:30+00:00,50,3,2,9,10,11,14,15,16,20,,,,,,,,,,,,
2433609,56526,Russia,4615759543,1778275350000,2026-05-08T21:22:30+00:00,50,1,1,5,6,9,11,13,16,20,,,,,,,,,,,,
2433578,56526,Russia,4615759522,1778274450000,2026-05-08T21:07:30+00:00,50,1,1,4,5,6,9,14,16,20,,,,,,,,,,,,
2433548,56526,Russia,4615758304,1778273550000,2026-05-08T20:52:30+00:00,50,4,2,6,8,10,11,13,14,15,,,,,,,,,,,,
2433517,56526,Russia,4615758199,1778272650000,2026-05-08T20:37:30+00:00,50,4,5,6,8,10,11,13,18,20,,,,,,,,,,,,
2433428,56526,Russia,4615758106,1778271750000,2026-05-08T20:22:30+00:00,60,,,,,,,,,,,,,,,,,,,,,
2433453,56526,Russia,4615757998,1778270850000,2026-05-08T20:07:30+00:00,50,4,2,10,11,14,16,17,18,20,,,,,,,,,,,,
2433419,56526,Russia,4615757884,1778269950000,2026-05-08T19:52:30+00:00,50,2,4,5,8,12,14,15,17,18,,,,,,,,,,,,
2433388,56526,Russia,4615757767,1778269050000,2026-05-08T19:37:30+00:00,50,2,1,6,7,12,13,16,18,19,,,,,,,,,,,,
2433235,56526,Russia,4615757659,1778268150000,2026-05-08T19:22:30+00:00,60,,,,,,,,,,,,,,,,,,,,,
2433234,56526,Russia,4615757548,1778267250000,2026-05-08T19:07:30+00:00,60,,,,,,,,,,,,,,,,,,,,,
2433233,56526,Russia,4615757422,1778266350000,2026-05-08T18:52:30+00:00,60,,,,,,,,,,,,,,,,,,,,,
2433258,56526,Russia,4615757302,1778265450000,2026-05-08T18:37:30+00:00,50,4,4,9,10,14,16,18,19,20,,,,,,,,,,,,
2433224,56526,Russia,4615757182,1778264550000,2026-05-08T18:22:30+00:00,50,4,1,2,3,8,9,12,16,17,,,,,,,,,,,,
2433192,56526,Russia,4615757071,1778263650000,2026-05-08T18:07:30+00:00,50,4,1,2,5,8,10,17,18,19,,,,,,,,,,,,
2433156,56526,Russia,4615756936,1778262750000,2026-05-08T17:52:30+00:00,50,3,2,7,9,10,11,16,17,20,,,,,,,,,,,,
2433125,56526,Russia,4615756822,1778261850000,2026-05-08T17:37:30+00:00,50,3,7,8,12,13,15,16,17,20,,,,,,,,,,,,
2433094,56526,Russia,4615756714,1778260950000,2026-05-08T17:22:30+00:00,50,4,9,10,12,13,16,17,18,19,,,,,,,,,,,,
2432973,56526,Russia,4615756600,1778260050000,2026-05-08T17:07:30+00:00,60,,,,,,,,,,,,,,,,,,,,,
2432971,56526,Russia,4615756474,1778259150000,2026-05-08T16:52:30+00:00,60,,,,,,,,,,,,,,,,,,,,,
2432994,56526,Russia,4615756354,1778258250000,2026-05-08T16:37:30+00:00,50,2,1,2,3,8,10,11,14,18,,,,,,,,,,,,
2432961,56526,Russia,4615756243,1778257350000,2026-05-08T16:22:30+00:00,50,1,1,4,11,12,13,14,18,20,,,,,,,,,,,,
2432930,56526,Russia,4615756132,1778256450000,2026-05-08T16:07:30+00:00,50,4,2,3,9,10,11,12,14,15,,,,,,,,,,,,
2432896,56526,Russia,4615756018,1778255550000,2026-05-08T15:52:30+00:00,50,1,5,6,9,14,16,17,19,20,,,,,,,,,,,,
2432864,56526,Russia,4615755889,1778254650000,2026-05-08T15:37:30+00:00,50,2,6,7,9,11,12,14,16,19,,,,,,,,,,,,
2432723,56526,Russia,4615755781,1778253750000,2026-05-08T15:22:30+00:00,60,,,,,,,,,,,,,,,,,,,,,
2432722,56526,Russia,4615755670,1778252850000,2026-05-08T15:07:30+00:00,60,,,,,,,,,,,,,,,,,,,,,
2432721,56526,Russia,4615755553,1778251950000,2026-05-08T14:52:30+00:00,60,,,,,,,,,,,,,,,,,,,,,
2432745,56526,Russia,4615755442,1778251050000,2026-05-08T14:37:30+00:00,50,4,7,8,9,10,12,14,18,20,,,,,,,,,,,,
2432712,56526,Russia,4615755334,1778250150000,2026-05-08T14:22:30+00:00,50,4,3,5,6,7,9,10,11,18,,,,,,,,,,,,
2432681,56526,Russia,4615755223,1778249250000,2026-05-08T14:07:30+00:00,50,3,1,3,4,8,12,13,19,20,,,,,,,,,,,,
2432648,56526,Russia,4615755112,1778248350000,2026-05-08T13:52:30+00:00,50,3,1,2,4,6,7,12,14,17,,,,,,,,,,,,
2432617,56526,Russia,4615755001,1778247450000,2026-05-08T13:37:30+00:00,50,2,4,6,7,12,15,16,18,20,,,,,,,,,,,,
2432505,56526,Russia,4615754899,1778246550000,2026-05-08T13:22:30+00:00,60,,,,,,,,,,,,,,,,,,,,,
2432504,56526,Russia,4615754782,1778245650000,2026-05-08T13:07:30+00:00,60,,,,,,,,,,,,,,,,,,,,,
2432525,56526,Russia,4615754662,1778244750000,2026-05-08T12:52:30+00:00,50,1,3,6,10,12,14,17,19,20,,,,,,,,,,,,
2432491,56526,Russia,4615754551,1778243850000,2026-05-08T12:37:30+00:00,50,3,2,3,5,10,13,14,18,20,,,,,,,,,,,,
2432462,56526,Russia,4615754443,1778242950000,2026-05-08T12:22:30+00:00,50,1,3,8,9,10,13,15,16,18,,,,,,,,,,,,
2432429,56526,Russia,4615754332,1778242050000,2026-05-08T12:07:30+00:00,50,1,2,6,12,13,14,17,18,19,,,,,,,,,,,,
2432398,56526,Russia,4615754215,1778241150000,2026-05-08T11:52:30+00:00,50,1,1,9,10,13,16,17,19,20,,,,,,,,,,,,
2432365,56526,Russia,4615754098,1778240250000,2026-05-08T11:37:30+00:00,50,1,1,2,7,11,16,17,19,20,,,,,,,,,,,,
2432336,56526,Russia,4615753993,1778239350000,2026-05-08T11:22:30+00:00,50,1,2,3,5,10,14,16,18,20,,,,,,,,,,,,
2432305,56526,Russia,4615753882,1778238450000,2026-05-08T11:07:30+00:00,50,4,2,3,5,8,9,12,14,18,,,,,,,,,,,,
2432218,56526,Russia,4615753771,1778237550000,2026-05-08T10:52:30+00:00,60,,,,,,,,,,,,,,,,,,,,,
2432239,56526,Russia,4615753651,1778236650000,2026-05-08T10:37:30+00:00,50,2,1,4,5,10,11,14,17,20,,,,,,,,,,,,
2432097,56526,Russia,4615753546,1778235750000,2026-05-08T10:22:30+00:00,60,,,,,,,,,,,,,,,,,,,,,
2432096,56526,Russia,4615753435,1778234850000,2026-05-08T10:07:30+00:00,60,,,,,,,,,,,,,,,,,,,,,
2432095,56526,Russia,4615753321,1778233950000,2026-05-08T09:52:30+00:00,60,,,,,,,,,,,,,,,,,,,,,
2432118,56526,Russia,4615753207,1778233050000,2026-05-08T09:37:30+00:00,50,2,1,2,4,11,12,14,17,20,,,,,,,,,,,,
2432086,56526,Russia,4615753099,1778232150000,2026-05-08T09:22:30+00:00,50,1,7,8,9,10,12,15,16,20,,,,,,,,,,,,
2432006,56526,Russia,4615752988,1778231250000,2026-05-08T09:07:30+00:00,60,,,,,,,,,,,,,,,,,,,,,
2432025,56526,Russia,4615752874,1778230350000,2026-05-08T08:52:30+00:00,50,2,5,7,9,11,13,15,16,17,,,,,,,,,,,,
2431993,56526,Russia,4615752763,1778229450000,2026-05-08T08:37:30+00:00,50,2,3,6,9,13,16,17,18,19,,,,,,,,,,,,
2431965,56526,Russia,4615752658,1778228550000,2026-05-08T08:22:30+00:00,50,4,2,4,6,10,13,15,16,18,,,,,,,,,,,,
2431933,56526,Russia,4615752547,1778227650000,2026-05-08T08:07:30+00:00,50,3,6,7,9,13,16,17,19,20,,,,,,,,,,,,
2431902,56526,Russia,4615752436,1778226750000,2026-05-08T07:52:30+00:00,50,4,2,4,5,7,10,11,18,20,,,,,,,,,,,,
2431871,56526,Russia,4615752325,1778225850000,2026-05-08T07:37:30+00:00,50,4,3,5,10,12,13,15,17,18,,,,,,,,,,,,
2431731,56526,Russia,4615752220,1778224950000,2026-05-08T07:22:30+00:00,60,,,,,,,,,,,,,,,,,,,,,
2431730,56526,Russia,4615752109,1778224050000,2026-05-08T07:07:30+00:00,60,,,,,,,,,,,,,,,,,,,,,
2431729,56526,Russia,4615751995,1778223150000,2026-05-08T06:52:30+00:00,60,,,,,,,,,,,,,,,,,,,,,
2431751,56526,Russia,4615751884,1778222250000,2026-05-08T06:37:30+00:00,50,1,1,2,4,5,6,8,18,19,,,,,,,,,,,,
2431720,56526,Russia,4615751782,1778221350000,2026-05-08T06:22:30+00:00,50,1,1,5,6,11,12,17,19,20,,,,,,,,,,,,
2431689,56526,Russia,4615751671,1778220450000,2026-05-08T06:07:30+00:00,50,1,1,3,4,5,9,11,13,19,,,,,,,,,,,,
2431661,56526,Russia,4615751569,1778219550000,2026-05-08T05:52:30+00:00,50,1,2,6,10,11,16,18,19,20,,,,,,,,,,,,
2431634,56526,Russia,4615751467,1778218650000,2026-05-08T05:37:30+00:00,50,3,2,3,6,8,10,13,15,18,,,,,,,,,,,,
2431609,56526,Russia,4615751374,1778217750000,2026-05-08T05:22:30+00:00,50,1,1,5,7,10,11,12,13,14,,,,,,,,,,,,
2431581,56526,Russia,4615751272,1778216850000,2026-05-08T05:07:30+00:00,50,1,4,7,8,9,10,14,15,19,,,,,,,,,,,,
2431556,56526,Russia,4615751182,1778215950000,2026-05-08T04:52:30+00:00,50,4,1,2,4,5,6,11,16,19,,,,,,,,,,,,
2431532,56526,Russia,4615751092,1778215050000,2026-05-08T04:37:30+00:00,50,1,1,4,5,8,9,10,11,14,,,,,,,,,,,,
2431512,56526,Russia,4615751014,1778214150000,2026-05-08T04:22:30+00:00,50,3,2,7,10,11,13,14,15,18,,,,,,,,,,,,
2431492,56526,Russia,4615750936,1778213250000,2026-05-08T04:07:30+00:00,50,4,1,4,5,8,9,10,19,20,,,,,,,,,,,,
2431474,56526,Russia,4615750864,1778212350000,2026-05-08T03:52:30+00:00,50,4,3,7,8,9,10,11,13,16,,,,,,,,,,,,
2431453,56526,Russia,4615750786,1778211450000,2026-05-08T03:37:30+00:00,50,3,2,4,7,8,9,12,13,15,,,,,,,,,,,,
2431433,56526,Russia,4615750711,1778210550000,2026-05-08T03:22:30+00:00,50,3,1,2,3,4,6,10,13,15,,,,,,,,,,,,
2431401,56526,Russia,4615750633,1778209650000,2026-05-08T03:07:30+00:00,50,2,6,9,10,11,14,15,16,17,,,,,,,,,,,,
2431379,56526,Russia,4615750561,1778208750000,2026-05-08T02:52:30+00:00,50,3,2,4,5,6,12,13,16,20,,,,,,,,,,,,
2431357,56526,Russia,4615750483,1778207850000,2026-05-08T02:37:30+00:00,50,1,8,10,12,16,17,18,19,20,,,,,,,,,,,,
2431334,56526,Russia,4615750408,1778206950000,2026-05-08T02:22:30+00:00,50,3,5,7,9,10,12,14,17,18,,,,,,,,,,,,
2431311,56526,Russia,4615750330,1778206050000,2026-05-08T02:07:30+00:00,50,4,5,6,7,9,11,12,14,18,,,,,,,,,,,,
2431290,56526,Russia,4615750258,1778205150000,2026-05-08T01:52:30+00:00,50,3,1,4,6,9,11,12,14,19,,,,,,,,,,,,
2431269,56526,Russia,4615750180,1778204250000,2026-05-08T01:37:30+00:00,50,1,3,6,7,8,12,13,17,19,,,,,,,,,,,,
2431247,56526,Russia,4615750105,1778203350000,2026-05-08T01:22:30+00:00,50,1,1,5,9,11,14,15,16,17,,,,,,,,,,,,
2431227,56526,Russia,4615750027,1778202450000,2026-05-08T01:07:30+00:00,50,3,1,5,8,10,12,13,14,15,,,,,,,,,,,,
2431204,56526,Russia,4615749955,1778201550000,2026-05-08T00:52:30+00:00,50,3,4,5,6,10,13,15,19,20,,,,,,,,,,,,
2431184,56526,Russia,4615749877,1778200650000,2026-05-08T00:37:30+00:00,50,4,3,4,6,9,10,11,14,20,,,,,,,,,,,,
2431164,56526,Russia,4615749802,1778199750000,2026-05-08T00:22:30+00:00,50,2,4,5,7,9,10,12,16,17,,,,,,,,,,,,
2431143,56526,Russia,4615749724,1778198850000,2026-05-08T00:07:30+00:00,50,1,2,8,10,11,12,16,17,19,,,,,,,,,,,,
2431121,56526,Russia,4613956972,1778197950000,2026-05-07T23:52:30+00:00,50,1,4,5,8,9,12,15,16,19,,,,,,,,,,,,
2431102,56526,Russia,4613956894,1778197050000,2026-05-07T23:37:30+00:00,50,3,1,5,6,7,8,11,16,18,,,,,,,,,,,,
2431080,56526,Russia,4613956819,1778196150000,2026-05-07T23:22:30+00:00,50,4,3,4,5,10,11,12,16,20,,,,,,,,,,,,
2431059,56526,Russia,4613956741,1778195250000,2026-05-07T23:07:30+00:00,50,4,1,2,3,9,11,12,14,17,,,,,,,,,,,,
2431031,56526,Russia,4613956669,1778194350000,2026-05-07T22:52:30+00:00,50,4,4,5,7,8,10,12,13,20,,,,,,,,,,,,
2431008,56526,Russia,4613956591,1778193450000,2026-05-07T22:37:30+00:00,50,3,3,6,7,8,12,14,15,16,,,,,,,,,,,,
2430986,56526,Russia,4613956516,1778192550000,2026-05-07T22:22:30+00:00,50,4,1,10,11,12,13,16,19,20,,,,,,,,,,,,
2430966,56526,Russia,4613956447,1778191650000,2026-05-07T22:07:30+00:00,50,3,2,3,9,12,16,17,18,20,,,,,,,,,,,,
2430946,56526,Russia,4613956405,1778190750000,2026-05-07T21:52:30+00:00,50,2,4,6,9,10,12,14,15,16,,,,,,,,,,,,
2430916,56526,Russia,4613956381,1778189850000,2026-05-07T21:37:30+00:00,50,2,1,2,6,9,10,11,15,20,,,,,,,,,,,,
2430888,56526,Russia,4613956357,1778188950000,2026-05-07T21:22:30+00:00,50,2,1,4,5,9,12,14,16,17,,,,,,,,,,,,
2430858,56526,Russia,4613956336,1778188050000,2026-05-07T21:07:30+00:00,50,3,2,7,8,9,12,14,15,20,,,,,,,,,,,,
2430827,56526,Russia,4613955118,1778187150000,2026-05-07T20:52:30+00:00,50,3,1,2,3,8,9,14,16,18,,,,,,,,,,,,
2430796,56526,Russia,4613955013,1778186250000,2026-05-07T20:37:30+00:00,50,2,2,4,5,8,10,12,19,20,,,,,,,,,,,,
2430705,56526,Russia,4613954920,1778185350000,2026-05-07T20:22:30+00:00,60,,,,,,,,,,,,,,,,,,,,,
2430729,56526,Russia,4613954812,1778184450000,2026-05-07T20:07:30+00:00,50,1,2,3,9,12,13,14,18,19,,,,,,,,,,,,
2430695,56526,Russia,4613954698,1778183550000,2026-05-07T19:52:30+00:00,50,4,3,7,9,10,11,13,16,17,,,,,,,,,,,,
2430664,56526,Russia,4613954572,1778182650000,2026-05-07T19:37:30+00:00,50,2,3,4,5,6,8,11,19,20,,,,,,,,,,,,
2430514,56526,Russia,4613954464,1778181750000,2026-05-07T19:22:30+00:00,60,,,,,,,,,,,,,,,,,,,,,
2430513,56526,Russia,4613954353,1778180850000,2026-05-07T19:07:30+00:00,60,,,,,,,,,,,,,,,,,,,,,
2430512,56526,Russia,4613954233,1778179950000,2026-05-07T18:52:30+00:00,60,,,,,,,,,,,,,,,,,,,,,
2430538,56526,Russia,4613954116,1778179050000,2026-05-07T18:37:30+00:00,50,4,1,4,6,10,13,14,18,19,,,,,,,,,,,,
2430503,56526,Russia,4613953996,1778178150000,2026-05-07T18:22:30+00:00,50,2,1,5,6,7,8,9,17,19,,,,,,,,,,,,
2430465,56526,Russia,4613953885,1778177250000,2026-05-07T18:07:30+00:00,50,1,5,7,9,10,13,14,15,17,,,,,,,,,,,,
2430436,56526,Russia,4613953753,1778176350000,2026-05-07T17:52:30+00:00,50,3,1,6,7,9,11,14,17,18,,,,,,,,,,,,
2430405,56526,Russia,4613953639,1778175450000,2026-05-07T17:37:30+00:00,50,2,3,5,7,8,10,14,16,17,,,,,,,,,,,,
2430255,56526,Russia,4613953531,1778174550000,2026-05-07T17:22:30+00:00,60,,,,,,,,,,,,,,,,,,,,,
2430254,56526,Russia,4613953417,1778173650000,2026-05-07T17:07:30+00:00,60,,,,,,,,,,,,,,,,,,,,,
2430253,56526,Russia,4613953291,1778172750000,2026-05-07T16:52:30+00:00,60,,,,,,,,,,,,,,,,,,,,,
2430274,56526,Russia,4613953171,1778171850000,2026-05-07T16:37:30+00:00,50,4,1,2,4,5,9,13,16,17,,,,,,,,,,,,
2430242,56526,Russia,4613953060,1778170950000,2026-05-07T16:22:30+00:00,50,3,5,6,7,8,11,15,19,20,,,,,,,,,,,,
2430210,56526,Russia,4613952949,1778170050000,2026-05-07T16:07:30+00:00,50,4,3,5,7,8,13,16,18,19,,,,,,,,,,,,
2430176,56526,Russia,4613952835,1778169150000,2026-05-07T15:52:30+00:00,50,3,4,5,14,15,17,18,19,20,,,,,,,,,,,,
2430143,56526,Russia,4613952712,1778168250000,2026-05-07T15:37:30+00:00,50,2,1,2,3,6,7,9,10,18,,,,,,,,,,,,
2430003,56526,Russia,4613952601,1778167350000,2026-05-07T15:22:30+00:00,60,,,,,,,,,,,,,,,,,,,,,
2430002,56526,Russia,4613952490,1778166450000,2026-05-07T15:07:30+00:00,60,,,,,,,,,,,,,,,,,,,,,
2430001,56526,Russia,4613952373,1778165550000,2026-05-07T14:52:30+00:00,60,,,,,,,,,,,,,,,,,,,,,
2430024,56526,Russia,4613952262,1778164650000,2026-05-07T14:37:30+00:00,50,3,5,7,11,14,15,16,17,18,,,,,,,,,,,,
2429992,56526,Russia,4613952157,1778163750000,2026-05-07T14:22:30+00:00,50,3,4,6,9,11,12,14,16,18,,,,,,,,,,,,
2429961,56526,Russia,4613952046,1778162850000,2026-05-07T14:07:30+00:00,50,4,1,4,5,9,13,14,15,16,,,,,,,,,,,,
2429928,56526,Russia,4613951935,1778161950000,2026-05-07T13:52:30+00:00,50,3,1,3,10,11,13,16,17,18,,,,,,,,,,,,
2429898,56526,Russia,4613951824,1778161050000,2026-05-07T13:37:30+00:00,50,1,3,5,8,12,14,15,17,19,,,,,,,,,,,,
2429783,56526,Russia,4613951722,1778160150000,2026-05-07T13:22:30+00:00,60,,,,,,,,,,,,,,,,,,,,,
2429782,56526,Russia,4613951605,1778159250000,2026-05-07T13:07:30+00:00,60,,,,,,,,,,,,,,,,,,,,,
2429803,56526,Russia,4613951485,1778158350000,2026-05-07T12:52:30+00:00,50,3,5,6,7,9,10,17,18,19,,,,,,,,,,,,
2429769,56526,Russia,4613951374,1778157450000,2026-05-07T12:37:30+00:00,50,4,2,8,11,12,16,18,19,20,,,,,,,,,,,,
2429740,56526,Russia,4613951266,1778156550000,2026-05-07T12:22:30+00:00,50,2,1,4,6,9,11,14,15,20,,,,,,,,,,,,
2429709,56526,Russia,4613951155,1778155650000,2026-05-07T12:07:30+00:00,50,2,1,2,5,6,9,16,18,19,,,,,,,,,,,,
2429677,56526,Russia,4613951038,1778154750000,2026-05-07T11:52:30+00:00,50,1,2,3,4,12,15,16,18,19,,,,,,,,,,,,
2429645,56526,Russia,4613950921,1778153850000,2026-05-07T11:37:30+00:00,50,1,1,3,6,7,11,13,19,20,,,,,,,,,,,,
2429615,56526,Russia,4613950816,1778152950000,2026-05-07T11:22:30+00:00,50,2,1,4,5,8,9,12,15,19,,,,,,,,,,,,
2429584,56526,Russia,4613950705,1778152050000,2026-05-07T11:07:30+00:00,50,4,2,4,8,9,10,12,16,20,,,,,,,,,,,,
2429496,56526,Russia,4613950594,1778151150000,2026-05-07T10:52:30+00:00,60,,,,,,,,,,,,,,,,,,,,,
2429518,56526,Russia,4613950474,1778150250000,2026-05-07T10:37:30+00:00,50,2,5,6,9,10,12,15,17,18,,,,,,,,,,,,
2429374,56526,Russia,4613950366,1778149350000,2026-05-07T10:22:30+00:00,60,,,,,,,,,,,,,,,,,,,,,
2429373,56526,Russia,4613950255,1778148450000,2026-05-07T10:07:30+00:00,60,,,,,,,,,,,,,,,,,,,,,
2429372,56526,Russia,4613950141,1778147550000,2026-05-07T09:52:30+00:00,60,,,,,,,,,,,,,,,,,,,,,
2429395,56526,Russia,4613950027,1778146650000,2026-05-07T09:37:30+00:00,50,4,3,4,5,7,10,11,15,16,,,,,,,,,,,,
2429363,56526,Russia,4613949919,1778145750000,2026-05-07T09:22:30+00:00,50,4,1,6,7,8,9,15,16,19,,,,,,,,,,,,
2429283,56526,Russia,4613949808,1778144850000,2026-05-07T09:07:30+00:00,60,,,,,,,,,,,,,,,,,,,,,
2429302,56526,Russia,4613949694,1778143950000,2026-05-07T08:52:30+00:00,50,4,1,5,6,9,17,18,19,20,,,,,,,,,,,,
2429269,56526,Russia,4613949583,1778143050000,2026-05-07T08:37:30+00:00,50,4,2,3,4,6,7,10,15,16,,,,,,,,,,,,
2429242,56526,Russia,4613949478,1778142150000,2026-05-07T08:22:30+00:00,50,1,3,9,13,14,16,17,19,20,,,,,,,,,,,,
2429210,56526,Russia,4613949367,1778141250000,2026-05-07T08:07:30+00:00,50,4,4,6,9,10,14,15,18,19,,,,,,,,,,,,
2429179,56526,Russia,4613949256,1778140350000,2026-05-07T07:52:30+00:00,50,2,2,6,8,14,15,16,17,19,,,,,,,,,,,,
2429148,56526,Russia,4613949145,1778139450000,2026-05-07T07:37:30+00:00,50,1,1,3,5,6,9,10,17,19,,,,,,,,,,,,
2429003,56526,Russia,4613949040,1778138550000,2026-05-07T07:22:30+00:00,60,,,,,,,,,,,,,,,,,,,,,
2429002,56526,Russia,4613948929,1778137650000,2026-05-07T07:07:30+00:00,60,,,,,,,,,,,,,,,,,,,,,
2429001,56526,Russia,4613948815,1778136750000,2026-05-07T06:52:30+00:00,60,,,,,,,,,,,,,,,,,,,,,
2429027,56526,Russia,4613948704,1778135850000,2026-05-07T06:37:30+00:00,50,1,2,5,11,13,14,15,16,18,,,,,,,,,,,,
2429016,56526,Russia,4613948602,1778134950000,2026-05-07T06:22:30+00:00,50,3,2,4,8,11,13,16,17,19,,,,,,,,,,,,
2429015,56526,Russia,4613948491,1778134050000,2026-05-07T06:07:30+00:00,50,3,1,8,9,10,11,14,16,17,,,,,,,,,,,,
2429014,56526,Russia,4613948389,1778133150000,2026-05-07T05:52:30+00:00,50,4,2,5,6,9,11,12,15,17,,,,,,,,,,,,
2428952,56526,Russia,4613948287,1778132250000,2026-05-07T05:37:30+00:00,50,1,1,4,5,6,7,9,11,18,,,,,,,,,,,,
2428951,56526,Russia,4613948194,1778131350000,2026-05-07T05:22:30+00:00,50,4,5,6,9,10,12,13,15,17,,,,,,,,,,,,
2428902,56526,Russia,4613948092,1778130450000,2026-05-07T05:07:30+00:00,50,4,1,2,4,7,12,15,16,19,,,,,,,,,,,,
2428893,56526,Russia,4613948002,1778129550000,2026-05-07T04:52:30+00:00,50,2,1,8,11,13,14,15,19,20,,,,,,,,,,,,
2428892,56526,Russia,4613947912,1778128650000,2026-05-07T04:37:30+00:00,50,2,2,3,5,6,7,9,15,18,,,,,,,,,,,,
2428891,56526,Russia,4613947834,1778127750000,2026-05-07T04:22:30+00:00,50,4,5,6,7,12,13,14,15,19,,,,,,,,,,,,
2428881,56526,Russia,4613947756,1778126850000,2026-05-07T04:07:30+00:00,60,,,,,,,,,,,,,,,,,,,,,
2428879,56526,Russia,4613947684,1778125950000,2026-05-07T03:52:30+00:00,60,,,,,,,,,,,,,,,,,,,,,
2428877,56526,Russia,4613947606,1778125050000,2026-05-07T03:37:30+00:00,60,,,,,,,,,,,,,,,,,,,,,
2428876,56526,Russia,4613947531,1778124150000,2026-05-07T03:22:30+00:00,60,,,,,,,,,,,,,,,,,,,,,
2428669,56526,Russia,4613947453,1778123250000,2026-05-07T03:07:30+00:00,50,3,3,6,7,9,12,15,16,19,,,,,,,,,,,,
2428646,56526,Russia,4613947381,1778122350000,2026-05-07T02:52:30+00:00,50,4,1,4,5,10,12,14,17,20,,,,,,,,,,,,
2428624,56526,Russia,4613947303,1778121450000,2026-05-07T02:37:30+00:00,50,1,1,3,4,7,9,11,13,18,,,,,,,,,,,,
2428597,56526,Russia,4613947228,1778120550000,2026-05-07T02:22:30+00:00,50,2,5,6,9,10,11,13,18,19,,,,,,,,,,,,
2428573,56526,Russia,4613947150,1778119650000,2026-05-07T02:07:30+00:00,50,4,3,5,7,8,10,11,12,15,,,,,,,,,,,,
2428551,56526,Russia,4613947078,1778118750000,2026-05-07T01:52:30+00:00,50,4,1,3,4,6,8,15,18,19,,,,,,,,,,,,
2428530,56526,Russia,4613947000,1778117850000,2026-05-07T01:37:30+00:00,50,4,1,3,4,5,8,13,14,20,,,,,,,,,,,,
2428510,56526,Russia,4613946925,1778116950000,2026-05-07T01:22:30+00:00,50,3,2,3,8,9,11,14,16,18,,,,,,,,,,,,
2428489,56526,Russia,4613946847,1778116050000,2026-05-07T01:07:30+00:00,50,1,1,3,8,9,11,15,17,19,,,,,,,,,,,,
2428466,56526,Russia,4613946775,1778115150000,2026-05-07T00:52:30+00:00,50,2,3,5,8,11,12,14,18,19,,,,,,,,,,,,
2428445,56526,Russia,4613946697,1778114250000,2026-05-07T00:37:30+00:00,50,1,1,4,5,6,7,9,14,18,,,,,,,,,,,,
2428425,56526,Russia,4613946622,1778113350000,2026-05-07T00:22:30+00:00,50,4,3,6,7,9,12,13,16,18,,,,,,,,,,,,
2428403,56526,Russia,4613946544,1778112450000,2026-05-07T00:07:30+00:00,50,3,2,6,7,10,12,16,19,20,,,,,,,,,,,,
2428374,56526,Russia,4612016365,1778111550000,2026-05-06T23:52:30+00:00,50,4,1,5,6,10,11,15,18,20,,,,,,,,,,,,
2428350,56526,Russia,4612016287,1778110650000,2026-05-06T23:37:30+00:00,50,4,2,6,11,14,16,17,19,20,,,,,,,,,,,,
2428334,56526,Russia,4612016212,1778109750000,2026-05-06T23:22:30+00:00,50,3,1,2,5,7,9,14,19,20,,,,,,,,,,,,
2428314,56526,Russia,4612016134,1778108850000,2026-05-06T23:07:30+00:00,50,3,2,3,7,8,9,13,14,16,,,,,,,,,,,,
2428290,56526,Russia,4612016062,1778107950000,2026-05-06T22:52:30+00:00,50,4,1,4,6,9,14,15,18,20,,,,,,,,,,,,
2428266,56526,Russia,4612015984,1778107050000,2026-05-06T22:37:30+00:00,50,3,2,3,6,9,10,13,16,18,,,,,,,,,,,,
2428257,56526,Russia,4612015909,1778106150000,2026-05-06T22:22:30+00:00,50,1,1,5,9,10,12,13,15,17,,,,,,,,,,,,
2428225,56526,Russia,4612015840,1778105250000,2026-05-06T22:07:30+00:00,50,3,1,4,6,14,15,16,19,20,,,,,,,,,,,,
2428205,56526,Russia,4612015798,1778104350000,2026-05-06T21:52:30+00:00,50,1,3,4,7,8,13,16,19,20,,,,,,,,,,,,
2428175,56526,Russia,4612015774,1778103450000,2026-05-06T21:37:30+00:00,50,1,1,3,5,9,12,13,16,17,,,,,,,,,,,,
2428147,56526,Russia,4612015750,1778102550000,2026-05-06T21:22:30+00:00,50,4,1,8,10,14,16,17,18,20,,,,,,,,,,,,
2428114,56526,Russia,4612015729,1778101650000,2026-05-06T21:07:30+00:00,50,2,3,4,6,7,8,9,10,13,,,,,,,,,,,,
2428086,56526,Russia,4612014505,1778100750000,2026-05-06T20:52:30+00:00,50,2,1,2,5,8,9,10,12,20,,,,,,,,,,,,
2428055,56526,Russia,4612014400,1778099850000,2026-05-06T20:37:30+00:00,50,1,1,3,4,6,7,8,13,18,,,,,,,,,,,,
2427954,56526,Russia,4612014307,1778098950000,2026-05-06T20:22:30+00:00,60,,,,,,,,,,,,,,,,,,,,,
2427972,56526,Russia,4612014199,1778098050000,2026-05-06T20:07:30+00:00,50,4,4,8,9,12,15,17,18,19,,,,,,,,,,,,
2427947,56526,Russia,4612014085,1778097150000,2026-05-06T19:52:30+00:00,50,1,1,2,6,7,11,12,14,15,,,,,,,,,,,,
2427923,56526,Russia,4612013968,1778096250000,2026-05-06T19:37:30+00:00,50,4,2,3,5,8,10,13,17,20,,,,,,,,,,,,
2427768,56526,Russia,4612013860,1778095350000,2026-05-06T19:22:30+00:00,60,,,,,,,,,,,,,,,,,,,,,
2427767,56526,Russia,4612013746,1778094450000,2026-05-06T19:07:30+00:00,60,,,,,,,,,,,,,,,,,,,,,
2427766,56526,Russia,4612013614,1778093550000,2026-05-06T18:52:30+00:00,60,,,,,,,,,,,,,,,,,,,,,
2427793,56526,Russia,4612013491,1778092650000,2026-05-06T18:37:30+00:00,50,1,1,5,7,8,11,14,17,18,,,,,,,,,,,,
2427757,56526,Russia,4612013371,1778091750000,2026-05-06T18:22:30+00:00,50,4,5,7,8,13,17,18,19,20,,,,,,,,,,,,
2427722,56526,Russia,4612013254,1778090850000,2026-05-06T18:07:30+00:00,50,4,2,3,4,10,13,14,15,17,,,,,,,,,,,,
2427689,56526,Russia,4612013128,1778089950000,2026-05-06T17:52:30+00:00,50,4,1,2,5,6,7,8,17,19,,,,,,,,,,,,
2427658,56526,Russia,4612013014,1778089050000,2026-05-06T17:37:30+00:00,50,1,1,3,11,15,17,18,19,20,,,,,,,,,,,,
2427625,56526,Russia,4612012906,1778088150000,2026-05-06T17:22:30+00:00,50,3,2,5,7,9,10,12,15,17,,,,,,,,,,,,
2427503,56526,Russia,4612012792,1778087250000,2026-05-06T17:07:30+00:00,60,,,,,,,,,,,,,,,,,,,,,
2427502,56526,Russia,4612012660,1778086350000,2026-05-06T16:52:30+00:00,60,,,,,,,,,,,,,,,,,,,,,
2427525,56526,Russia,4612012537,1778085450000,2026-05-06T16:37:30+00:00,50,4,2,4,9,13,15,17,19,20,,,,,,,,,,,,
2427490,56526,Russia,4612012423,1778084550000,2026-05-06T16:22:30+00:00,50,2,2,5,6,7,10,14,15,16,,,,,,,,,,,,
2427459,56526,Russia,4612012312,1778083650000,2026-05-06T16:07:30+00:00,50,3,1,3,4,7,13,15,16,18,,,,,,,,,,,,
2427426,56526,Russia,4612012198,1778082750000,2026-05-06T15:52:30+00:00,50,4,3,4,6,7,12,13,14,18,,,,,,,,,,,,
2427392,56526,Russia,4612012078,1778081850000,2026-05-06T15:37:30+00:00,50,4,1,6,7,10,11,12,13,15,,,,,,,,,,,,
2427252,56526,Russia,4612011967,1778080950000,2026-05-06T15:22:30+00:00,60,,,,,,,,,,,,,,,,,,,,,
2427251,56526,Russia,4612011850,1778080050000,2026-05-06T15:07:30+00:00,60,,,,,,,,,,,,,,,,,,,,,
2427250,56526,Russia,4612011730,1778079150000,2026-05-06T14:52:30+00:00,60,,,,,,,,,,,,,,,,,,,,,
2427273,56526,Russia,4612011619,1778078250000,2026-05-06T14:37:30+00:00,50,3,1,6,12,13,14,15,17,19,,,,,,,,,,,,
2427241,56526,Russia,4612011514,1778077350000,2026-05-06T14:22:30+00:00,50,2,4,5,9,10,11,13,16,18,,,,,,,,,,,,
2427209,56526,Russia,4612011403,1778076450000,2026-05-06T14:07:30+00:00,50,4,5,6,7,8,12,14,17,18,,,,,,,,,,,,
2427177,56526,Russia,4612011292,1778075550000,2026-05-06T13:52:30+00:00,50,2,2,8,9,10,14,15,18,20,,,,,,,,,,,,
2427146,56526,Russia,4612011181,1778074650000,2026-05-06T13:37:30+00:00,50,4,1,3,6,7,13,17,19,20,,,,,,,,,,,,
2427033,56526,Russia,4612011079,1778073750000,2026-05-06T13:22:30+00:00,60,,,,,,,,,,,,,,,,,,,,,
2427032,56526,Russia,4612010962,1778072850000,2026-05-06T13:07:30+00:00,60,,,,,,,,,,,,,,,,,,,,,
2427054,56526,Russia,4612010842,1778071950000,2026-05-06T12:52:30+00:00,50,3,1,5,7,8,13,14,15,16,,,,,,,,,,,,
2427020,56526,Russia,4612010731,1778071050000,2026-05-06T12:37:30+00:00,50,3,1,4,5,9,12,13,16,19,,,,,,,,,,,,
2426991,56526,Russia,4612010623,1778070150000,2026-05-06T12:22:30+00:00,50,3,2,5,7,9,11,14,18,20,,,,,,,,,,,,
2426960,56526,Russia,4612010512,1778069250000,2026-05-06T12:07:30+00:00,50,2,2,4,11,12,16,17,18,19,,,,,,,,,,,,
2426927,56526,Russia,4612010395,1778068350000,2026-05-06T11:52:30+00:00,50,3,2,4,5,6,7,9,18,20,,,,,,,,,,,,
2426895,56526,Russia,4612010278,1778067450000,2026-05-06T11:37:30+00:00,50,1,2,6,7,11,12,17,18,19,,,,,,,,,,,,
2426865,56526,Russia,4612010173,1778066550000,2026-05-06T11:22:30+00:00,50,4,1,4,5,6,11,13,15,19,,,,,,,,,,,,
2426833,56526,Russia,4612010062,1778065650000,2026-05-06T11:07:30+00:00,50,3,6,9,10,13,15,16,19,20,,,,,,,,,,,,
2426747,56526,Russia,4612009951,1778064750000,2026-05-06T10:52:30+00:00,60,,,,,,,,,,,,,,,,,,,,,
2426768,56526,Russia,4612009831,1778063850000,2026-05-06T10:37:30+00:00,50,1,4,5,6,7,10,15,17,18,,,,,,,,,,,,
2426626,56526,Russia,4612009726,1778062950000,2026-05-06T10:22:30+00:00,60,,,,,,,,,,,,,,,,,,,,,
2426625,56526,Russia,4612009615,1778062050000,2026-05-06T10:07:30+00:00,60,,,,,,,,,,,,,,,,,,,,,
2426624,56526,Russia,4612009501,1778061150000,2026-05-06T09:52:30+00:00,60,,,,,,,,,,,,,,,,,,,,,
2426647,56526,Russia,4612009390,1778060250000,2026-05-06T09:37:30+00:00,50,1,1,3,6,9,10,12,17,20,,,,,,,,,,,,
2426615,56526,Russia,4612009282,1778059350000,2026-05-06T09:22:30+00:00,50,4,2,5,9,12,13,16,17,19,,,,,,,,,,,,
2426535,56526,Russia,4612009171,1778058450000,2026-05-06T09:07:30+00:00,60,,,,,,,,,,,,,,,,,,,,,
2426554,56526,Russia,4612009057,1778057550000,2026-05-06T08:52:30+00:00,50,2,2,6,7,8,9,11,15,17,,,,,,,,,,,,
2426522,56526,Russia,4612008946,1778056650000,2026-05-06T08:37:30+00:00,50,1,5,6,8,9,14,15,17,19,,,,,,,,,,,,
2426493,56526,Russia,4612008841,1778055750000,2026-05-06T08:22:30+00:00,50,2,1,5,9,12,14,16,17,18,,,,,,,,,,,,
2426461,56526,Russia,4612008730,1778054850000,2026-05-06T08:07:30+00:00,50,1,2,3,4,5,10,15,18,19,,,,,,,,,,,,
2426430,56526,Russia,4612008619,1778053950000,2026-05-06T07:52:30+00:00,50,3,3,6,7,9,15,17,18,20,,,,,,,,,,,,
2426398,56526,Russia,4612008508,1778053050000,2026-05-06T07:37:30+00:00,50,3,3,4,6,9,11,16,18,20,,,,,,,,,,,,
2426259,56526,Russia,4612008400,1778052150000,2026-05-06T07:22:30+00:00,60,,,,,,,,,,,,,,,,,,,,,
2426258,56526,Russia,4612008289,1778051250000,2026-05-06T07:07:30+00:00,60,,,,,,,,,,,,,,,,,,,,,
2426257,56526,Russia,4612008175,1778050350000,2026-05-06T06:52:30+00:00,60,,,,,,,,,,,,,,,,,,,,,
2426279,56526,Russia,4612008064,1778049450000,2026-05-06T06:37:30+00:00,50,2,1,2,3,6,7,9,10,11,,,,,,,,,,,,
2426248,56526,Russia,4612007962,1778048550000,2026-05-06T06:22:30+00:00,50,4,2,3,5,9,10,13,16,18,,,,,,,,,,,,
2426217,56526,Russia,4612007851,1778047650000,2026-05-06T06:07:30+00:00,50,4,1,3,5,9,11,15,17,20,,,,,,,,,,,,
2426189,56526,Russia,4612007749,1778046750000,2026-05-06T05:52:30+00:00,50,2,2,6,7,9,10,12,13,17,,,,,,,,,,,,
2426162,56526,Russia,4612007647,1778045850000,2026-05-06T05:37:30+00:00,50,1,6,8,10,11,14,15,16,18,,,,,,,,,,,,
2426135,56526,Russia,4612007554,1778044950000,2026-05-06T05:22:30+00:00,50,4,6,8,9,11,14,15,17,20,,,,,,,,,,,,
2426106,56526,Russia,4612007452,1778044050000,2026-05-06T05:07:30+00:00,50,4,2,5,9,10,11,13,17,19,,,,,,,,,,,,
2426082,56526,Russia,4612007362,1778043150000,2026-05-06T04:52:30+00:00,50,4,2,3,5,7,12,14,15,20,,,,,,,,,,,,
2426058,56526,Russia,4612007272,1778042250000,2026-05-06T04:37:30+00:00,50,2,1,2,4,8,12,14,15,20,,,,,,,,,,,,
2426038,56526,Russia,4612007194,1778041350000,2026-05-06T04:22:30+00:00,50,1,4,6,7,8,10,14,15,16,,,,,,,,,,,,
2426018,56526,Russia,4612007116,1778040450000,2026-05-06T04:07:30+00:00,50,2,5,8,9,10,15,17,18,20,,,,,,,,,,,,
2425999,56526,Russia,4612007044,1778039550000,2026-05-06T03:52:30+00:00,50,2,3,4,5,7,12,16,17,18,,,,,,,,,,,,
2425978,56526,Russia,4612006966,1778038650000,2026-05-06T03:37:30+00:00,50,4,4,6,8,10,11,17,18,20,,,,,,,,,,,,
2425958,56526,Russia,4612006891,1778037750000,2026-05-06T03:22:30+00:00,50,2,3,4,5,6,9,10,11,15,,,,,,,,,,,,
2425928,56526,Russia,4612006813,1778036850000,2026-05-06T03:07:30+00:00,50,1,4,9,12,13,14,18,19,20,,,,,,,,,,,,
2425905,56526,Russia,4612006741,1778035950000,2026-05-06T02:52:30+00:00,50,4,1,4,6,7,8,10,12,17,,,,,,,,,,,,
2425885,56526,Russia,4612006663,1778035050000,2026-05-06T02:37:30+00:00,50,3,1,3,6,11,12,13,18,20,,,,,,,,,,,,
2425863,56526,Russia,4612006588,1778034150000,2026-05-06T02:22:30+00:00,50,3,1,11,12,15,16,18,19,20,,,,,,,,,,,,
2425840,56526,Russia,4612006510,1778033250000,2026-05-06T02:07:30+00:00,50,2,3,4,7,8,11,13,14,19,,,,,,,,,,,,
2425819,56526,Russia,4612006438,1778032350000,2026-05-06T01:52:30+00:00,50,4,3,4,5,9,10,13,15,17,,,,,,,,,,,,
2425797,56526,Russia,4612006360,1778031450000,2026-05-06T01:37:30+00:00,50,1,2,4,5,7,8,12,13,17,,,,,,,,,,,,
2425775,56526,Russia,4612006285,1778030550000,2026-05-06T01:22:30+00:00,50,4,1,9,11,12,15,16,17,20,,,,,,,,,,,,
2425755,56526,Russia,4612006207,1778029650000,2026-05-06T01:07:30+00:00,50,4,2,4,5,8,13,15,16,19,,,,,,,,,,,,
2425733,56526,Russia,4612006135,1778028750000,2026-05-06T00:52:30+00:00,50,4,1,3,8,9,10,15,19,20,,,,,,,,,,,,
2425713,56526,Russia,4612006057,1778027850000,2026-05-06T00:37:30+00:00,50,1,1,2,3,4,5,15,18,20,,,,,,,,,,,,
2425694,56526,Russia,4612005982,1778026950000,2026-05-06T00:22:30+00:00,50,3,1,4,9,10,11,13,15,16,,,,,,,,,,,,
2425673,56526,Russia,4612005904,1778026050000,2026-05-06T00:07:30+00:00,50,3,1,2,3,5,8,9,18,19,,,,,,,,,,,,
2425652,56526,Russia,4610139286,1778025150000,2026-05-05T23:52:30+00:00,50,2,1,4,5,6,11,15,19,20,,,,,,,,,,,,
2425631,56526,Russia,4610139208,1778024250000,2026-05-05T23:37:30+00:00,50,1,6,7,10,11,13,15,18,19,,,,,,,,,,,,
2425609,56526,Russia,4610139133,1778023350000,2026-05-05T23:22:30+00:00,50,1,4,5,7,8,9,14,16,17,,,,,,,,,,,,
2425586,56526,Russia,4610139055,1778022450000,2026-05-05T23:07:30+00:00,50,2,2,6,11,12,13,17,18,19,,,,,,,,,,,,
2425561,56526,Russia,4610138983,1778021550000,2026-05-05T22:52:30+00:00,50,4,2,5,6,9,10,11,12,18,,,,,,,,,,,,
2425538,56526,Russia,4610138905,1778020650000,2026-05-05T22:37:30+00:00,50,4,1,5,6,14,15,17,18,20,,,,,,,,,,,,
2425516,56526,Russia,4610138830,1778019750000,2026-05-05T22:22:30+00:00,50,4,1,2,3,7,13,14,18,19,,,,,,,,,,,,
2425496,56526,Russia,4610138761,1778018850000,2026-05-05T22:07:30+00:00,50,2,4,6,10,11,13,16,18,19,,,,,,,,,,,,
2425473,56526,Russia,4610138719,1778017950000,2026-05-05T21:52:30+00:00,50,4,2,4,8,9,11,13,15,18,,,,,,,,,,,,
2425436,56526,Russia,4610138695,1778017050000,2026-05-05T21:37:30+00:00,50,2,2,6,8,11,15,18,19,20,,,,,,,,,,,,
2425419,56526,Russia,4610138671,1778016150000,2026-05-05T21:22:30+00:00,50,2,2,4,9,11,12,16,18,20,,,,,,,,,,,,
2425388,56526,Russia,4610138650,1778015250000,2026-05-05T21:07:30+00:00,50,3,3,9,10,11,15,17,18,20,,,,,,,,,,,,
2425357,56526,Russia,4610137435,1778014350000,2026-05-05T20:52:30+00:00,50,1,1,5,8,9,11,13,14,19,,,,,,,,,,,,
2425326,56526,Russia,4610137330,1778013450000,2026-05-05T20:37:30+00:00,50,1,7,8,10,11,12,15,16,17,,,,,,,,,,,,
2425235,56526,Russia,4610137237,1778012550000,2026-05-05T20:22:30+00:00,60,,,,,,,,,,,,,,,,,,,,,
2425260,56526,Russia,4610137129,1778011650000,2026-05-05T20:07:30+00:00,50,4,2,3,6,7,11,12,13,17,,,,,,,,,,,,
2425226,56526,Russia,4610137015,1778010750000,2026-05-05T19:52:30+00:00,50,4,4,9,11,12,13,17,18,20,,,,,,,,,,,,
2425195,56526,Russia,4610136892,1778009850000,2026-05-05T19:37:30+00:00,50,3,1,2,3,6,10,15,17,19,,,,,,,,,,,,
2425040,56526,Russia,4610136784,1778008950000,2026-05-05T19:22:30+00:00,60,,,,,,,,,,,,,,,,,,,,,
2425039,56526,Russia,4610136673,1778008050000,2026-05-05T19:07:30+00:00,60,,,,,,,,,,,,,,,,,,,,,
2425038,56526,Russia,4610136544,1778007150000,2026-05-05T18:52:30+00:00,60,,,,,,,,,,,,,,,,,,,,,
2425063,56526,Russia,4610136424,1778006250000,2026-05-05T18:37:30+00:00,50,1,4,6,7,8,10,12,15,19,,,,,,,,,,,,
2425029,56526,Russia,4610136301,1778005350000,2026-05-05T18:22:30+00:00,50,1,3,4,6,8,11,13,15,20,,,,,,,,,,,,
2424994,56526,Russia,4610136190,1778004450000,2026-05-05T18:07:30+00:00,50,3,1,2,5,6,7,9,16,20,,,,,,,,,,,,
2424961,56526,Russia,4610136055,1778003550000,2026-05-05T17:52:30+00:00,50,3,1,5,8,10,13,14,15,20,,,,,,,,,,,,
2424930,56526,Russia,4610135941,1778002650000,2026-05-05T17:37:30+00:00,50,2,1,2,6,7,8,12,14,15,,,,,,,,,,,,
2424899,56526,Russia,4610135833,1778001750000,2026-05-05T17:22:30+00:00,50,1,2,3,5,10,14,15,18,19,,,,,,,,,,,,
2424775,56526,Russia,4610135719,1778000850000,2026-05-05T17:07:30+00:00,60,,,,,,,,,,,,,,,,,,,,,
2424774,56526,Russia,4610135593,1777999950000,2026-05-05T16:52:30+00:00,60,,,,,,,,,,,,,,,,,,,,,
2424800,56526,Russia,4610135473,1777999050000,2026-05-05T16:37:30+00:00,50,2,2,7,10,12,14,15,18,20,,,,,,,,,,,,
2424766,56526,Russia,4610135362,1777998150000,2026-05-05T16:22:30+00:00,50,2,1,2,3,5,6,13,14,17,,,,,,,,,,,,
2424735,56526,Russia,4610135251,1777997250000,2026-05-05T16:07:30+00:00,50,3,3,6,10,12,13,14,16,19,,,,,,,,,,,,
2424703,56526,Russia,4610135137,1777996350000,2026-05-05T15:52:30+00:00,50,2,2,4,6,7,10,14,16,19,,,,,,,,,,,,
2424669,56526,Russia,4610135008,1777995450000,2026-05-05T15:37:30+00:00,50,3,3,5,7,10,12,16,19,20,,,,,,,,,,,,
2424528,56526,Russia,4610134900,1777994550000,2026-05-05T15:22:30+00:00,60,,,,,,,,,,,,,,,,,,,,,
2424527,56526,Russia,4610134789,1777993650000,2026-05-05T15:07:30+00:00,60,,,,,,,,,,,,,,,,,,,,,
2424526,56526,Russia,4610134672,1777992750000,2026-05-05T14:52:30+00:00,60,,,,,,,,,,,,,,,,,,,,,
2424550,56526,Russia,4610134561,1777991850000,2026-05-05T14:37:30+00:00,50,4,3,5,8,11,12,15,16,17,,,,,,,,,,,,
2424517,56526,Russia,4610134453,1777990950000,2026-05-05T14:22:30+00:00,50,3,7,8,9,12,13,15,18,19,,,,,,,,,,,,
2424486,56526,Russia,4610134342,1777990050000,2026-05-05T14:07:30+00:00,50,4,1,4,9,11,14,18,19,20,,,,,,,,,,,,
2424454,56526,Russia,4610134231,1777989150000,2026-05-05T13:52:30+00:00,50,2,3,4,5,6,7,8,10,13,,,,,,,,,,,,
2424423,56526,Russia,4610134120,1777988250000,2026-05-05T13:37:30+00:00,50,4,4,8,9,13,14,15,17,19,,,,,,,,,,,,
2424309,56526,Russia,4610134018,1777987350000,2026-05-05T13:22:30+00:00,60,,,,,,,,,,,,,,,,,,,,,
2424308,56526,Russia,4610133901,1777986450000,2026-05-05T13:07:30+00:00,60,,,,,,,,,,,,,,,,,,,,,
2424329,56526,Russia,4610133781,1777985550000,2026-05-05T12:52:30+00:00,50,3,2,3,5,12,14,15,18,19,,,,,,,,,,,,
2424295,56526,Russia,4610133670,1777984650000,2026-05-05T12:37:30+00:00,50,4,2,3,8,11,12,14,15,20,,,,,,,,,,,,
2424266,56526,Russia,4610133562,1777983750000,2026-05-05T12:22:30+00:00,50,3,3,6,13,14,15,17,18,20,,,,,,,,,,,,
2424235,56526,Russia,4610133451,1777982850000,2026-05-05T12:07:30+00:00,50,1,1,4,7,11,12,15,19,20,,,,,,,,,,,,
2424202,56526,Russia,4610133334,1777981950000,2026-05-05T11:52:30+00:00,50,3,2,3,5,6,8,9,18,20,,,,,,,,,,,,
2424170,56526,Russia,4610133217,1777981050000,2026-05-05T11:37:30+00:00,50,4,1,4,5,6,10,11,12,14,,,,,,,,,,,,
2424139,56526,Russia,4610133112,1777980150000,2026-05-05T11:22:30+00:00,50,2,2,4,9,11,13,15,17,18,,,,,,,,,,,,
2424108,56526,Russia,4610133001,1777979250000,2026-05-05T11:07:30+00:00,50,2,2,3,4,6,10,13,15,17,,,,,,,,,,,,
2424023,56526,Russia,4610132890,1777978350000,2026-05-05T10:52:30+00:00,60,,,,,,,,,,,,,,,,,,,,,
2424044,56526,Russia,4610132770,1777977450000,2026-05-05T10:37:30+00:00,50,1,3,7,8,12,15,18,19,20,,,,,,,,,,,,
2423902,56526,Russia,4610132665,1777976550000,2026-05-05T10:22:30+00:00,60,,,,,,,,,,,,,,,,,,,,,
2423901,56526,Russia,4610132554,1777975650000,2026-05-05T10:07:30+00:00,60,,,,,,,,,,,,,,,,,,,,,
2423900,56526,Russia,4610132440,1777974750000,2026-05-05T09:52:30+00:00,60,,,,,,,,,,,,,,,,,,,,,
2423923,56526,Russia,4610132329,1777973850000,2026-05-05T09:37:30+00:00,50,4,1,2,3,6,8,12,15,20,,,,,,,,,,,,
2423891,56526,Russia,4610132224,1777972950000,2026-05-05T09:22:30+00:00,50,2,2,3,12,13,14,15,16,19,,,,,,,,,,,,
2423807,56526,Russia,4610132113,1777972050000,2026-05-05T09:07:30+00:00,60,,,,,,,,,,,,,,,,,,,,,
2423829,56526,Russia,4610131999,1777971150000,2026-05-05T08:52:30+00:00,50,3,3,4,5,8,9,10,12,19,,,,,,,,,,,,
2423798,56526,Russia,4610131888,1777970250000,2026-05-05T08:37:30+00:00,50,3,1,4,5,9,11,12,13,14,,,,,,,,,,,,
2423770,56526,Russia,4610131783,1777969350000,2026-05-05T08:22:30+00:00,50,4,5,6,11,13,14,17,19,20,,,,,,,,,,,,
2423739,56526,Russia,4610131672,1777968450000,2026-05-05T08:07:30+00:00,50,1,3,4,7,8,9,11,12,19,,,,,,,,,,,,
2423707,56526,Russia,4610131561,1777967550000,2026-05-05T07:52:30+00:00,50,1,5,9,11,15,16,18,19,20,,,,,,,,,,,,
2423676,56526,Russia,4610131450,1777966650000,2026-05-05T07:37:30+00:00,50,2,1,2,5,10,11,13,18,19,,,,,,,,,,,,
2423534,56526,Russia,4610131345,1777965750000,2026-05-05T07:22:30+00:00,60,,,,,,,,,,,,,,,,,,,,,
2423533,56526,Russia,4610131234,1777964850000,2026-05-05T07:07:30+00:00,60,,,,,,,,,,,,,,,,,,,,,
2423532,56526,Russia,4610131120,1777963950000,2026-05-05T06:52:30+00:00,60,,,,,,,,,,,,,,,,,,,,,
2423554,56526,Russia,4610131009,1777963050000,2026-05-05T06:37:30+00:00,50,2,2,3,5,10,15,16,17,20,,,,,,,,,,,,
2423523,56526,Russia,4610130907,1777962150000,2026-05-05T06:22:30+00:00,50,4,5,6,7,8,14,15,16,19,,,,,,,,,,,,
2423492,56526,Russia,4610130796,1777961250000,2026-05-05T06:07:30+00:00,50,4,2,4,6,8,9,12,15,17,,,,,,,,,,,,
2423464,56526,Russia,4610130694,1777960350000,2026-05-05T05:52:30+00:00,50,4,1,5,9,10,12,13,14,18,,,,,,,,,,,,
2423437,56526,Russia,4610130592,1777959450000,2026-05-05T05:37:30+00:00,50,1,3,6,8,9,12,13,17,19,,,,,,,,,,,,
2423412,56526,Russia,4610130499,1777958550000,2026-05-05T05:22:30+00:00,50,4,1,3,6,7,9,14,18,20,,,,,,,,,,,,
2423384,56526,Russia,4610130397,1777957650000,2026-05-05T05:07:30+00:00,50,4,3,4,6,12,13,16,17,18,,,,,,,,,,,,
2423357,56526,Russia,4610130307,1777956750000,2026-05-05T04:52:30+00:00,50,2,2,5,6,7,8,17,18,20,,,,,,,,,,,,
2423333,56526,Russia,4610130217,1777955850000,2026-05-05T04:37:30+00:00,50,3,3,6,7,8,9,12,13,18,,,,,,,,,,,,
2423313,56526,Russia,4610130139,1777954950000,2026-05-05T04:22:30+00:00,50,1,3,4,5,9,11,12,13,17,,,,,,,,,,,,
2423293,56526,Russia,4610130061,1777954050000,2026-05-05T04:07:30+00:00,50,2,1,2,7,9,11,12,19,20,,,,,,,,,,,,
2423274,56526,Russia,4610129989,1777953150000,2026-05-05T03:52:30+00:00,50,1,2,4,5,6,13,14,15,17,,,,,,,,,,,,
2423246,56526,Russia,4610129911,1777952250000,2026-05-05T03:37:30+00:00,50,3,2,4,5,11,12,13,14,16,,,,,,,,,,,,
2423211,56526,Russia,4610129836,1777951350000,2026-05-05T03:22:30+00:00,50,3,1,3,8,9,12,13,14,19,,,,,,,,,,,,
2423180,56526,Russia,4610129758,1777950450000,2026-05-05T03:07:30+00:00,50,4,9,13,14,15,16,17,19,20,,,,,,,,,,,,
2423160,56526,Russia,4610129686,1777949550000,2026-05-05T02:52:30+00:00,50,4,1,9,11,14,16,17,18,20,,,,,,,,,,,,
2423143,56526,Russia,4610129608,1777948650000,2026-05-05T02:37:30+00:00,50,4,1,2,4,13,14,15,19,20,,,,,,,,,,,,
2423120,56526,Russia,4610129533,1777947750000,2026-05-05T02:22:30+00:00,50,1,5,6,7,10,11,14,15,20,,,,,,,,,,,,
2423100,56526,Russia,4610129455,1777946850000,2026-05-05T02:07:30+00:00,50,4,6,7,9,13,16,18,19,20,,,,,,,,,,,,
2423082,56526,Russia,4610129383,1777945950000,2026-05-05T01:52:30+00:00,50,1,2,3,5,10,13,16,18,19,,,,,,,,,,,,
2423065,56526,Russia,4610129305,1777945050000,2026-05-05T01:37:30+00:00,50,2,1,2,6,8,9,10,11,13,,,,,,,,,,,,
2423044,56526,Russia,4610129230,1777944150000,2026-05-05T01:22:30+00:00,50,3,1,4,5,8,15,16,17,19,,,,,,,,,,,,
2423024,56526,Russia,4610129152,1777943250000,2026-05-05T01:07:30+00:00,50,4,1,4,5,6,10,11,12,19,,,,,,,,,,,,
2423000,56526,Russia,4610129080,1777942350000,2026-05-05T00:52:30+00:00,50,3,9,10,11,12,14,15,17,19,,,,,,,,,,,,
2422980,56526,Russia,4610129002,1777941450000,2026-05-05T00:37:30+00:00,50,1,3,4,5,8,12,14,16,19,,,,,,,,,,,,
2422961,56526,Russia,4610128927,1777940550000,2026-05-05T00:22:30+00:00,50,2,4,6,7,11,13,15,17,19,,,,,,,,,,,,
2422940,56526,Russia,4610128849,1777939650000,2026-05-05T00:07:30+00:00,50,3,1,3,4,6,8,10,12,18,,,,,,,,,,,,
2422914,56526,Russia,4608397573,1777938750000,2026-05-04T23:52:30+00:00,50,2,1,2,5,7,12,13,16,19,,,,,,,,,,,,
2422895,56526,Russia,4608397495,1777937850000,2026-05-04T23:37:30+00:00,50,4,4,5,7,8,9,13,17,19,,,,,,,,,,,,
2422873,56526,Russia,4608397420,1777936950000,2026-05-04T23:22:30+00:00,50,4,1,3,4,5,8,11,12,16,,,,,,,,,,,,
2422849,56526,Russia,4608397342,1777936050000,2026-05-04T23:07:30+00:00,50,2,2,5,9,10,13,14,16,20,,,,,,,,,,,,
2422823,56526,Russia,4608397270,1777935150000,2026-05-04T22:52:30+00:00,50,3,3,4,5,7,13,14,16,19,,,,,,,,,,,,
2422800,56526,Russia,4608397192,1777934250000,2026-05-04T22:37:30+00:00,50,3,1,3,7,11,13,15,17,20,,,,,,,,,,,,
2422778,56526,Russia,4608397117,1777933350000,2026-05-04T22:22:30+00:00,50,3,2,3,7,9,14,16,18,20,,,,,,,,,,,,
2422758,56526,Russia,4608397048,1777932450000,2026-05-04T22:07:30+00:00,50,1,3,7,9,11,12,16,17,20,,,,,,,,,,,,
2422738,56526,Russia,4608397006,1777931550000,2026-05-04T21:52:30+00:00,50,3,1,2,7,8,9,17,18,19,,,,,,,,,,,,
2422708,56526,Russia,4608396982,1777930650000,2026-05-04T21:37:30+00:00,50,4,1,6,8,11,13,16,17,19,,,,,,,,,,,,
2422680,56526,Russia,4608396958,1777929750000,2026-05-04T21:22:30+00:00,50,1,1,3,6,10,13,17,19,20,,,,,,,,,,,,
2422650,56526,Russia,4608396937,1777928850000,2026-05-04T21:07:30+00:00,50,3,2,6,7,10,11,12,14,16,,,,,,,,,,,,
2422619,56526,Russia,4608395710,1777927950000,2026-05-04T20:52:30+00:00,50,4,4,5,6,9,11,12,13,18,,,,,,,,,,,,
2422588,56526,Russia,4608395605,1777927050000,2026-05-04T20:37:30+00:00,50,2,1,3,9,10,11,12,15,17,,,,,,,,,,,,
2422499,56526,Russia,4608395512,1777926150000,2026-05-04T20:22:30+00:00,60,,,,,,,,,,,,,,,,,,,,,
2422528,56526,Russia,4608395404,1777925250000,2026-05-04T20:07:30+00:00,50,3,3,4,5,7,9,13,14,16,,,,,,,,,,,,
2422488,56526,Russia,4608395290,1777924350000,2026-05-04T19:52:30+00:00,50,4,3,7,10,14,16,18,19,20,,,,,,,,,,,,
2422456,56526,Russia,4608395170,1777923450000,2026-05-04T19:37:30+00:00,50,2,1,2,5,6,11,15,16,17,,,,,,,,,,,,
2422307,56526,Russia,4608395062,1777922550000,2026-05-04T19:22:30+00:00,60,,,,,,,,,,,,,,,,,,,,,
2422306,56526,Russia,4608394951,1777921650000,2026-05-04T19:07:30+00:00,60,,,,,,,,,,,,,,,,,,,,,
2422305,56526,Russia,4608394834,1777920750000,2026-05-04T18:52:30+00:00,60,,,,,,,,,,,,,,,,,,,,,
2422328,56526,Russia,4608394717,1777919850000,2026-05-04T18:37:30+00:00,50,1,2,3,6,7,8,10,18,19,,,,,,,,,,,,
2422295,56526,Russia,4608394597,1777918950000,2026-05-04T18:22:30+00:00,50,2,3,7,8,9,10,16,17,19,,,,,,,,,,,,
2422263,56526,Russia,4608394480,1777918050000,2026-05-04T18:07:30+00:00,50,1,1,3,4,5,6,10,14,18,,,,,,,,,,,,
2422230,56526,Russia,4608394348,1777917150000,2026-05-04T17:52:30+00:00,50,4,1,2,6,7,8,9,11,13,,,,,,,,,,,,
2422199,56526,Russia,4608394234,1777916250000,2026-05-04T17:37:30+00:00,50,1,3,5,7,14,16,17,18,19,,,,,,,,,,,,
2422168,56526,Russia,4608394126,1777915350000,2026-05-04T17:22:30+00:00,50,4,5,7,9,13,14,18,19,20,,,,,,,,,,,,
2422048,56526,Russia,4608394012,1777914450000,2026-05-04T17:07:30+00:00,60,,,,,,,,,,,,,,,,,,,,,
2422047,56526,Russia,4608393886,1777913550000,2026-05-04T16:52:30+00:00,60,,,,,,,,,,,,,,,,,,,,,
2422068,56526,Russia,4608393766,1777912650000,2026-05-04T16:37:30+00:00,50,4,1,3,7,8,11,12,13,19,,,,,,,,,,,,
2422036,56526,Russia,4608393655,1777911750000,2026-05-04T16:22:30+00:00,50,2,7,8,12,13,14,15,17,19,,,,,,,,,,,,
2422004,56526,Russia,4608393544,1777910850000,2026-05-04T16:07:30+00:00,50,1,1,2,4,6,7,11,14,16,,,,,,,,,,,,
2421970,56526,Russia,4608393430,1777909950000,2026-05-04T15:52:30+00:00,50,4,3,5,6,11,13,15,17,20,,,,,,,,,,,,
2421938,56526,Russia,4608393307,1777909050000,2026-05-04T15:37:30+00:00,50,3,1,3,8,9,10,17,18,20,,,,,,,,,,,,
2421798,56526,Russia,4608393199,1777908150000,2026-05-04T15:22:30+00:00,60,,,,,,,,,,,,,,,,,,,,,
2421797,56526,Russia,4608393088,1777907250000,2026-05-04T15:07:30+00:00,60,,,,,,,,,,,,,,,,,,,,,
2421796,56526,Russia,4608392971,1777906350000,2026-05-04T14:52:30+00:00,60,,,,,,,,,,,,,,,,,,,,,
2421819,56526,Russia,4608392860,1777905450000,2026-05-04T14:37:30+00:00,50,3,4,5,6,8,10,14,16,18,,,,,,,,,,,,
2421787,56526,Russia,4608392755,1777904550000,2026-05-04T14:22:30+00:00,50,2,2,3,4,6,11,14,19,20,,,,,,,,,,,,
2421755,56526,Russia,4608392644,1777903650000,2026-05-04T14:07:30+00:00,50,1,3,6,7,9,11,15,17,20,,,,,,,,,,,,
2421724,56526,Russia,4608392533,1777902750000,2026-05-04T13:52:30+00:00,50,4,6,7,9,13,15,16,17,19,,,,,,,,,,,,
2421684,56526,Russia,4608392422,1777901850000,2026-05-04T13:37:30+00:00,50,3,6,7,8,9,11,15,16,19,,,,,,,,,,,,
2421579,56526,Russia,4608392320,1777900950000,2026-05-04T13:22:30+00:00,60,,,,,,,,,,,,,,,,,,,,,
2421578,56526,Russia,4608392203,1777900050000,2026-05-04T13:07:30+00:00,60,,,,,,,,,,,,,,,,,,,,,
2421599,56526,Russia,4608392080,1777899150000,2026-05-04T12:52:30+00:00,50,1,1,4,5,6,8,9,11,16,,,,,,,,,,,,
2421566,56526,Russia,4608391969,1777898250000,2026-05-04T12:37:30+00:00,50,1,1,5,8,9,13,17,19,20,,,,,,,,,,,,
2421536,56526,Russia,4608391861,1777897350000,2026-05-04T12:22:30+00:00,50,3,1,2,3,8,11,12,13,16,,,,,,,,,,,,
2421505,56526,Russia,4608391750,1777896450000,2026-05-04T12:07:30+00:00,50,4,5,6,8,10,12,13,14,20,,,,,,,,,,,,
2421472,56526,Russia,4608391633,1777895550000,2026-05-04T11:52:30+00:00,50,4,4,6,7,10,13,14,19,20,,,,,,,,,,,,
2421440,56526,Russia,4608391516,1777894650000,2026-05-04T11:37:30+00:00,50,1,1,2,8,9,11,17,18,20,,,,,,,,,,,,
2421410,56526,Russia,4608391411,1777893750000,2026-05-04T11:22:30+00:00,50,4,1,2,4,7,8,11,12,18,,,,,,,,,,,,
2421379,56526,Russia,4608391300,1777892850000,2026-05-04T11:07:30+00:00,50,2,3,4,5,12,15,16,17,18,,,,,,,,,,,,
2421292,56526,Russia,4608391189,1777891950000,2026-05-04T10:52:30+00:00,60,,,,,,,,,,,,,,,,,,,,,
2421314,56526,Russia,4608391069,1777891050000,2026-05-04T10:37:30+00:00,50,2,2,4,6,10,13,15,17,19,,,,,,,,,,,,
2421169,56526,Russia,4608390961,1777890150000,2026-05-04T10:22:30+00:00,60,,,,,,,,,,,,,,,,,,,,,
2421168,56526,Russia,4608390850,1777889250000,2026-05-04T10:07:30+00:00,60,,,,,,,,,,,,,,,,,,,,,
2421167,56526,Russia,4608390736,1777888350000,2026-05-04T09:52:30+00:00,60,,,,,,,,,,,,,,,,,,,,,
2421190,56526,Russia,4608390622,1777887450000,2026-05-04T09:37:30+00:00,50,2,1,4,6,7,8,9,13,18,,,,,,,,,,,,
2421158,56526,Russia,4608390514,1777886550000,2026-05-04T09:22:30+00:00,50,1,2,3,5,6,11,13,16,18,,,,,,,,,,,,
2421078,56526,Russia,4608390403,1777885650000,2026-05-04T09:07:30+00:00,60,,,,,,,,,,,,,,,,,,,,,
2421097,56526,Russia,4608390289,1777884750000,2026-05-04T08:52:30+00:00,50,1,1,6,8,14,15,17,18,19,,,,,,,,,,,,
2421066,56526,Russia,4608390178,1777883850000,2026-05-04T08:37:30+00:00,50,3,2,3,7,8,10,11,12,15,,,,,,,,,,,,
2421037,56526,Russia,4608390073,1777882950000,2026-05-04T08:22:30+00:00,50,2,1,3,4,5,10,12,15,16,,,,,,,,,,,,
2421005,56526,Russia,4608389962,1777882050000,2026-05-04T08:07:30+00:00,50,2,6,7,10,12,13,17,19,20,,,,,,,,,,,,
2420974,56526,Russia,4608389851,1777881150000,2026-05-04T07:52:30+00:00,50,3,2,4,5,6,10,14,16,19,,,,,,,,,,,,
2420943,56526,Russia,4608389740,1777880250000,2026-05-04T07:37:30+00:00,50,1,2,3,5,7,9,10,16,17,,,,,,,,,,,,
2420803,56526,Russia,4608389635,1777879350000,2026-05-04T07:22:30+00:00,60,,,,,,,,,,,,,,,,,,,,,
2420802,56526,Russia,4608389524,1777878450000,2026-05-04T07:07:30+00:00,60,,,,,,,,,,,,,,,,,,,,,
2420801,56526,Russia,4608389410,1777877550000,2026-05-04T06:52:30+00:00,60,,,,,,,,,,,,,,,,,,,,,
2420823,56526,Russia,4608389299,1777876650000,2026-05-04T06:37:30+00:00,50,4,4,6,9,11,14,16,17,20,,,,,,,,,,,,
2420792,56526,Russia,4608389197,1777875750000,2026-05-04T06:22:30+00:00,50,1,1,3,4,5,13,16,19,20,,,,,,,,,,,,
2420761,56526,Russia,4608389086,1777874850000,2026-05-04T06:07:30+00:00,50,3,1,2,3,9,12,16,17,20,,,,,,,,,,,,
2420733,56526,Russia,4608388984,1777873950000,2026-05-04T05:52:30+00:00,50,2,1,7,9,13,15,16,17,18,,,,,,,,,,,,
2420703,56526,Russia,4608388882,1777873050000,2026-05-04T05:37:30+00:00,50,3,2,5,6,7,11,12,16,19,,,,,,,,,,,,
2420678,56526,Russia,4608388789,1777872150000,2026-05-04T05:22:30+00:00,50,4,1,5,6,11,13,16,17,19,,,,,,,,,,,,
2420646,56526,Russia,4608388687,1777871250000,2026-05-04T05:07:30+00:00,50,1,2,3,4,6,7,13,14,15,,,,,,,,,,,,
2420625,56526,Russia,4608388597,1777870350000,2026-05-04T04:52:30+00:00,50,3,5,9,11,13,14,16,17,18,,,,,,,,,,,,
2420601,56526,Russia,4608388507,1777869450000,2026-05-04T04:37:30+00:00,50,1,1,2,3,5,12,14,18,20,,,,,,,,,,,,
2420581,56526,Russia,4608388429,1777868550000,2026-05-04T04:22:30+00:00,50,1,2,4,14,15,17,18,19,20,,,,,,,,,,,,
2420561,56526,Russia,4608388351,1777867650000,2026-05-04T04:07:30+00:00,50,4,1,4,6,8,9,10,12,14,,,,,,,,,,,,
2420546,56526,Russia,4608388279,1777866750000,2026-05-04T03:52:30+00:00,50,2,4,5,8,13,15,16,18,20,,,,,,,,,,,,
2420526,56526,Russia,4608388201,1777865850000,2026-05-04T03:37:30+00:00,50,1,1,2,3,5,11,12,17,20,,,,,,,,,,,,
2420502,56526,Russia,4608388126,1777864950000,2026-05-04T03:22:30+00:00,50,2,1,2,5,7,13,14,18,19,,,,,,,,,,,,
2420477,56526,Russia,4608388048,1777864050000,2026-05-04T03:07:30+00:00,50,1,3,4,5,10,12,14,15,20,,,,,,,,,,,,
2420455,56526,Russia,4608387976,1777863150000,2026-05-04T02:52:30+00:00,50,1,3,5,7,12,15,16,17,20,,,,,,,,,,,,
2420432,56526,Russia,4608387898,1777862250000,2026-05-04T02:37:30+00:00,50,3,1,4,6,7,8,9,10,18,,,,,,,,,,,,
2420409,56526,Russia,4608387823,1777861350000,2026-05-04T02:22:30+00:00,50,3,1,2,4,6,7,14,15,18,,,,,,,,,,,,
2420387,56526,Russia,4608387745,1777860450000,2026-05-04T02:07:30+00:00,50,2,1,2,5,7,12,14,15,18,,,,,,,,,,,,
2420366,56526,Russia,4608387673,1777859550000,2026-05-04T01:52:30+00:00,50,1,1,2,4,5,11,13,16,20,,,,,,,,,,,,
2420346,56526,Russia,4608387595,1777858650000,2026-05-04T01:37:30+00:00,50,4,3,6,8,10,11,12,19,20,,,,,,,,,,,,
2420324,56526,Russia,4608387520,1777857750000,2026-05-04T01:22:30+00:00,50,4,2,3,5,8,10,13,18,20,,,,,,,,,,,,
2420304,56526,Russia,4608387442,1777856850000,2026-05-04T01:07:30+00:00,50,3,1,7,11,13,14,16,17,18,,,,,,,,,,,,
2420282,56526,Russia,4608387370,1777855950000,2026-05-04T00:52:30+00:00,50,2,1,4,6,14,16,18,19,20,,,,,,,,,,,,
2420262,56526,Russia,4608387292,1777855050000,2026-05-04T00:37:30+00:00,50,4,9,10,11,12,13,14,18,19,,,,,,,,,,,,
2420242,56526,Russia,4608387217,1777854150000,2026-05-04T00:22:30+00:00,50,4,2,3,7,8,9,11,13,15,,,,,,,,,,,,
2420220,56526,Russia,4608387139,1777853250000,2026-05-04T00:07:30+00:00,50,4,3,4,8,9,10,11,12,19,,,,,,,,,,,,
2420200,56526,Russia,4606519633,1777852350000,2026-05-03T23:52:30+00:00,50,1,2,3,5,10,11,16,18,19,,,,,,,,,,,,
2420181,56526,Russia,4606519555,1777851450000,2026-05-03T23:37:30+00:00,50,2,3,5,6,7,8,10,14,19,,,,,,,,,,,,
2420160,56526,Russia,4606519480,1777850550000,2026-05-03T23:22:30+00:00,50,4,2,9,10,11,14,15,17,20,,,,,,,,,,,,
2420139,56526,Russia,4606519402,1777849650000,2026-05-03T23:07:30+00:00,50,1,1,2,3,9,15,17,18,19,,,,,,,,,,,,
2420114,56526,Russia,4606519330,1777848750000,2026-05-03T22:52:30+00:00,50,4,5,6,9,10,12,13,17,18,,,,,,,,,,,,
2420091,56526,Russia,4606519252,1777847850000,2026-05-03T22:37:30+00:00,50,4,1,2,5,9,11,13,16,19,,,,,,,,,,,,
2420069,56526,Russia,4606519177,1777846950000,2026-05-03T22:22:30+00:00,50,4,5,6,7,9,12,16,18,19,,,,,,,,,,,,
2420049,56526,Russia,4606519108,1777846050000,2026-05-03T22:07:30+00:00,50,1,2,3,4,5,9,10,11,17,,,,,,,,,,,,
2420029,56526,Russia,4606519066,1777845150000,2026-05-03T21:52:30+00:00,50,3,1,4,5,8,13,17,18,19,,,,,,,,,,,,
2419999,56526,Russia,4606519042,1777844250000,2026-05-03T21:37:30+00:00,50,2,1,5,7,8,11,14,18,19,,,,,,,,,,,,
2419971,56526,Russia,4606519018,1777843350000,2026-05-03T21:22:30+00:00,50,3,1,3,5,7,13,15,16,19,,,,,,,,,,,,
2419941,56526,Russia,4606518997,1777842450000,2026-05-03T21:07:30+00:00,50,3,1,2,4,5,8,9,11,20,,,,,,,,,,,,
2419910,56526,Russia,4606517791,1777841550000,2026-05-03T20:52:30+00:00,50,1,1,2,6,7,12,15,16,20,,,,,,,,,,,,
2419879,56526,Russia,4606517686,1777840650000,2026-05-03T20:37:30+00:00,50,3,3,6,9,11,13,14,16,17,,,,,,,,,,,,
2419791,56526,Russia,4606517593,1777839750000,2026-05-03T20:22:30+00:00,60,,,,,,,,,,,,,,,,,,,,,
2419815,56526,Russia,4606517485,1777838850000,2026-05-03T20:07:30+00:00,50,1,1,4,6,7,12,14,15,16,,,,,,,,,,,,
2419782,56526,Russia,4606517371,1777837950000,2026-05-03T19:52:30+00:00,50,4,5,6,7,10,11,12,13,18,,,,,,,,,,,,
2419750,56526,Russia,4606517254,1777837050000,2026-05-03T19:37:30+00:00,50,1,2,5,9,13,14,16,17,20,,,,,,,,,,,,
2419601,56526,Russia,4606517143,1777836150000,2026-05-03T19:22:30+00:00,60,,,,,,,,,,,,,,,,,,,,,
2419600,56526,Russia,4606517032,1777835250000,2026-05-03T19:07:30+00:00,60,,,,,,,,,,,,,,,,,,,,,
2419599,56526,Russia,4606516912,1777834350000,2026-05-03T18:52:30+00:00,60,,,,,,,,,,,,,,,,,,,,,
2419625,56526,Russia,4606516798,1777833450000,2026-05-03T18:37:30+00:00,50,1,2,4,5,9,10,14,15,18,,,,,,,,,,,,
2419590,56526,Russia,4606516681,1777832550000,2026-05-03T18:22:30+00:00,50,1,2,3,9,10,11,14,16,18,,,,,,,,,,,,
2419559,56526,Russia,4606516570,1777831650000,2026-05-03T18:07:30+00:00,50,2,1,6,9,13,14,16,18,19,,,,,,,,,,,,
2419525,56526,Russia,4606516444,1777830750000,2026-05-03T17:52:30+00:00,50,2,2,3,7,9,10,11,12,15,,,,,,,,,,,,
2419494,56526,Russia,4606516330,1777829850000,2026-05-03T17:37:30+00:00,50,2,3,4,9,11,12,13,15,16,,,,,,,,,,,,
2419463,56526,Russia,4606516225,1777828950000,2026-05-03T17:22:30+00:00,50,2,4,8,9,10,12,14,18,19,,,,,,,,,,,,
2419342,56526,Russia,4606516108,1777828050000,2026-05-03T17:07:30+00:00,60,,,,,,,,,,,,,,,,,,,,,
2419341,56526,Russia,4606515982,1777827150000,2026-05-03T16:52:30+00:00,60,,,,,,,,,,,,,,,,,,,,,
2419364,56526,Russia,4606515862,1777826250000,2026-05-03T16:37:30+00:00,50,2,2,4,6,7,9,10,18,19,,,,,,,,,,,,
2419330,56526,Russia,4606515751,1777825350000,2026-05-03T16:22:30+00:00,50,2,2,3,5,7,9,10,18,20,,,,,,,,,,,,
2419298,56526,Russia,4606515640,1777824450000,2026-05-03T16:07:30+00:00,50,3,1,6,7,10,11,12,13,14,,,,,,,,,,,,
2419265,56526,Russia,4606515526,1777823550000,2026-05-03T15:52:30+00:00,50,2,4,5,8,12,15,16,17,18,,,,,,,,,,,,
2419232,56526,Russia,4606515406,1777822650000,2026-05-03T15:37:30+00:00,50,1,1,2,4,9,10,12,13,16,,,,,,,,,,,,
2419093,56526,Russia,4606515292,1777821750000,2026-05-03T15:22:30+00:00,60,,,,,,,,,,,,,,,,,,,,,
2419092,56526,Russia,4606515181,1777820850000,2026-05-03T15:07:30+00:00,60,,,,,,,,,,,,,,,,,,,,,
2419091,56526,Russia,4606515067,1777819950000,2026-05-03T14:52:30+00:00,60,,,,,,,,,,,,,,,,,,,,,
2419114,56526,Russia,4606514956,1777819050000,2026-05-03T14:37:30+00:00,50,3,1,2,10,11,12,14,18,20,,,,,,,,,,,,
2419082,56526,Russia,4606514851,1777818150000,2026-05-03T14:22:30+00:00,50,2,1,6,7,10,11,16,17,18,,,,,,,,,,,,
2419050,56526,Russia,4606514740,1777817250000,2026-05-03T14:07:30+00:00,50,3,2,4,6,7,11,12,13,20,,,,,,,,,,,,
2419019,56526,Russia,4606514629,1777816350000,2026-05-03T13:52:30+00:00,50,2,2,3,9,10,12,15,16,20,,,,,,,,,,,,
2418983,56526,Russia,4606514518,1777815450000,2026-05-03T13:37:30+00:00,50,3,5,6,7,9,13,15,17,18,,,,,,,,,,,,
2418870,56526,Russia,4606514416,1777814550000,2026-05-03T13:22:30+00:00,60,,,,,,,,,,,,,,,,,,,,,
2418869,56526,Russia,4606514299,1777813650000,2026-05-03T13:07:30+00:00,60,,,,,,,,,,,,,,,,,,,,,
2418890,56526,Russia,4606514179,1777812750000,2026-05-03T12:52:30+00:00,50,1,2,8,10,13,14,16,17,19,,,,,,,,,,,,
2418857,56526,Russia,4606514068,1777811850000,2026-05-03T12:37:30+00:00,50,4,2,3,9,10,13,14,16,19,,,,,,,,,,,,
2418827,56526,Russia,4606513960,1777810950000,2026-05-03T12:22:30+00:00,50,1,1,3,5,6,7,10,19,20,,,,,,,,,,,,
2418796,56526,Russia,4606513849,1777810050000,2026-05-03T12:07:30+00:00,50,2,2,7,9,10,11,13,17,19,,,,,,,,,,,,
2418763,56526,Russia,4606513732,1777809150000,2026-05-03T11:52:30+00:00,50,4,3,6,10,12,14,18,19,20,,,,,,,,,,,,
2418736,56526,Russia,4606513615,1777808250000,2026-05-03T11:37:30+00:00,50,4,3,4,6,8,9,14,17,19,,,,,,,,,,,,
2418706,56526,Russia,4606513510,1777807350000,2026-05-03T11:22:30+00:00,50,3,1,3,7,8,10,11,16,20,,,,,,,,,,,,
2418674,56526,Russia,4606513399,1777806450000,2026-05-03T11:07:30+00:00,50,4,1,4,6,9,10,11,17,20,,,,,,,,,,,,
2418589,56526,Russia,4606513288,1777805550000,2026-05-03T10:52:30+00:00,60,,,,,,,,,,,,,,,,,,,,,
2418610,56526,Russia,4606513168,1777804650000,2026-05-03T10:37:30+00:00,50,1,3,4,6,8,13,14,16,18,,,,,,,,,,,,
2418469,56526,Russia,4606513063,1777803750000,2026-05-03T10:22:30+00:00,60,,,,,,,,,,,,,,,,,,,,,
2418468,56526,Russia,4606512952,1777802850000,2026-05-03T10:07:30+00:00,60,,,,,,,,,,,,,,,,,,,,,
2418467,56526,Russia,4606512838,1777801950000,2026-05-03T09:52:30+00:00,60,,,,,,,,,,,,,,,,,,,,,
2418490,56526,Russia,4606512727,1777801050000,2026-05-03T09:37:30+00:00,50,3,3,5,8,9,11,13,19,20,,,,,,,,,,,,
2418458,56526,Russia,4606512622,1777800150000,2026-05-03T09:22:30+00:00,50,2,1,5,6,11,13,14,17,18,,,,,,,,,,,,
2418377,56526,Russia,4606512511,1777799250000,2026-05-03T09:07:30+00:00,60,,,,,,,,,,,,,,,,,,,,,
2418396,56526,Russia,4606512397,1777798350000,2026-05-03T08:52:30+00:00,50,3,1,5,7,11,14,15,17,18,,,,,,,,,,,,
2418364,56526,Russia,4606512286,1777797450000,2026-05-03T08:37:30+00:00,50,3,2,4,5,8,10,11,12,18,,,,,,,,,,,,
2418336,56526,Russia,4606512181,1777796550000,2026-05-03T08:22:30+00:00,50,4,1,4,5,7,10,11,12,15,,,,,,,,,,,,
2418305,56526,Russia,4606512070,1777795650000,2026-05-03T08:07:30+00:00,50,3,2,3,4,5,8,12,18,20,,,,,,,,,,,,
2418273,56526,Russia,4606511959,1777794750000,2026-05-03T07:52:30+00:00,50,3,1,3,6,12,13,14,18,19,,,,,,,,,,,,
2418242,56526,Russia,4606511848,1777793850000,2026-05-03T07:37:30+00:00,50,4,4,6,9,12,14,17,19,20,,,,,,,,,,,,
2418102,56526,Russia,4606511743,1777792950000,2026-05-03T07:22:30+00:00,60,,,,,,,,,,,,,,,,,,,,,
2418101,56526,Russia,4606511632,1777792050000,2026-05-03T07:07:30+00:00,60,,,,,,,,,,,,,,,,,,,,,
2418100,56526,Russia,4606511518,1777791150000,2026-05-03T06:52:30+00:00,60,,,,,,,,,,,,,,,,,,,,,
2418122,56526,Russia,4606511407,1777790250000,2026-05-03T06:37:30+00:00,50,4,3,6,9,10,14,15,18,20,,,,,,,,,,,,
2418091,56526,Russia,4606511305,1777789350000,2026-05-03T06:22:30+00:00,50,4,2,3,5,11,13,18,19,20,,,,,,,,,,,,
2418060,56526,Russia,4606511194,1777788450000,2026-05-03T06:07:30+00:00,50,1,4,5,8,11,15,17,18,19,,,,,,,,,,,,
2418032,56526,Russia,4606511092,1777787550000,2026-05-03T05:52:30+00:00,50,2,2,6,8,11,15,17,18,20,,,,,,,,,,,,
2418005,56526,Russia,4606510990,1777786650000,2026-05-03T05:37:30+00:00,50,3,3,4,5,6,8,11,15,17,,,,,,,,,,,,
2417980,56526,Russia,4606510897,1777785750000,2026-05-03T05:22:30+00:00,50,2,4,6,8,10,16,17,19,20,,,,,,,,,,,,
2417952,56526,Russia,4606510795,1777784850000,2026-05-03T05:07:30+00:00,50,4,5,7,8,9,10,18,19,20,,,,,,,,,,,,
2417927,56526,Russia,4606510705,1777783950000,2026-05-03T04:52:30+00:00,50,1,4,7,8,10,12,13,17,20,,,,,,,,,,,,
2417903,56526,Russia,4606510615,1777783050000,2026-05-03T04:37:30+00:00,50,1,3,5,9,13,16,17,18,20,,,,,,,,,,,,
2417882,56526,Russia,4606510537,1777782150000,2026-05-03T04:22:30+00:00,50,1,3,4,10,15,16,17,18,20,,,,,,,,,,,,
2417858,56526,Russia,4606510459,1777781250000,2026-05-03T04:07:30+00:00,50,1,3,6,9,10,13,14,15,18,,,,,,,,,,,,
2417838,56526,Russia,4606510387,1777780350000,2026-05-03T03:52:30+00:00,50,3,1,2,4,9,11,12,14,15,,,,,,,,,,,,
2417814,56526,Russia,4606510309,1777779450000,2026-05-03T03:37:30+00:00,50,1,1,2,6,7,9,12,13,16,,,,,,,,,,,,
2417792,56526,Russia,4606510234,1777778550000,2026-05-03T03:22:30+00:00,50,2,1,6,8,11,12,13,19,20,,,,,,,,,,,,
2417764,56526,Russia,4606510156,1777777650000,2026-05-03T03:07:30+00:00,50,2,2,4,5,6,9,10,14,15,,,,,,,,,,,,
2417734,56526,Russia,4606510084,1777776750000,2026-05-03T02:52:30+00:00,50,4,4,7,8,13,14,16,19,20,,,,,,,,,,,,
2417708,56526,Russia,4606510006,1777775850000,2026-05-03T02:37:30+00:00,50,4,2,6,7,8,9,10,15,18,,,,,,,,,,,,
2417686,56526,Russia,4606509931,1777774950000,2026-05-03T02:22:30+00:00,50,2,1,7,9,12,13,15,16,17,,,,,,,,,,,,
2417663,56526,Russia,4606509853,1777774050000,2026-05-03T02:07:30+00:00,50,2,1,2,4,5,9,12,13,17,,,,,,,,,,,,
2417641,56526,Russia,4606509781,1777773150000,2026-05-03T01:52:30+00:00,50,4,2,3,6,10,11,14,15,19,,,,,,,,,,,,
2417621,56526,Russia,4606509703,1777772250000,2026-05-03T01:37:30+00:00,50,2,3,7,9,12,15,17,18,19,,,,,,,,,,,,
2417602,56526,Russia,4606509628,1777771350000,2026-05-03T01:22:30+00:00,50,3,1,3,9,10,12,14,17,20,,,,,,,,,,,,
2417581,56526,Russia,4606509550,1777770450000,2026-05-03T01:07:30+00:00,50,2,2,6,8,10,11,17,18,19,,,,,,,,,,,,
2417558,56526,Russia,4606509478,1777769550000,2026-05-03T00:52:30+00:00,50,4,4,5,6,9,11,12,17,20,,,,,,,,,,,,
2417538,56526,Russia,4606509400,1777768650000,2026-05-03T00:37:30+00:00,50,1,2,4,5,7,15,16,17,18,,,,,,,,,,,,
2417519,56526,Russia,4606509325,1777767750000,2026-05-03T00:22:30+00:00,50,4,3,6,9,10,11,12,14,20,,,,,,,,,,,,
2417498,56526,Russia,4606509247,1777766850000,2026-05-03T00:07:30+00:00,50,4,1,2,6,8,10,12,16,19,,,,,,,,,,,,
2417471,56526,Russia,4604645932,1777765950000,2026-05-02T23:52:30+00:00,50,3,3,4,6,7,11,14,15,16,,,,,,,,,,,,
2417452,56526,Russia,4604645854,1777765050000,2026-05-02T23:37:30+00:00,50,4,2,4,6,7,8,10,12,20,,,,,,,,,,,,
2417431,56526,Russia,4604645779,1777764150000,2026-05-02T23:22:30+00:00,50,4,1,4,6,11,13,14,17,19,,,,,,,,,,,,
2417410,56526,Russia,4604645701,1777763250000,2026-05-02T23:07:30+00:00,50,1,1,7,10,11,13,16,18,20,,,,,,,,,,,,
2417385,56526,Russia,4604645629,1777762350000,2026-05-02T22:52:30+00:00,50,3,1,2,3,5,6,7,13,19,,,,,,,,,,,,
2417362,56526,Russia,4604645551,1777761450000,2026-05-02T22:37:30+00:00,50,2,4,6,8,11,12,14,15,20,,,,,,,,,,,,
2417340,56526,Russia,4604645476,1777760550000,2026-05-02T22:22:30+00:00,50,3,1,6,7,8,10,12,16,18,,,,,,,,,,,,
2417320,56526,Russia,4604645407,1777759650000,2026-05-02T22:07:30+00:00,50,4,2,5,12,13,16,17,18,20,,,,,,,,,,,,
2417300,56526,Russia,4604645365,1777758750000,2026-05-02T21:52:30+00:00,50,2,3,4,7,8,11,18,19,20,,,,,,,,,,,,
2417270,56526,Russia,4604645341,1777757850000,2026-05-02T21:37:30+00:00,50,4,1,2,5,7,8,12,14,18,,,,,,,,,,,,
2417242,56526,Russia,4604645317,1777756950000,2026-05-02T21:22:30+00:00,50,3,2,5,10,13,14,15,16,19,,,,,,,,,,,,
2417212,56526,Russia,4604645296,1777756050000,2026-05-02T21:07:30+00:00,50,4,1,2,6,7,11,12,17,18,,,,,,,,,,,,
2417181,56526,Russia,4604644078,1777755150000,2026-05-02T20:52:30+00:00,50,3,2,5,8,13,15,18,19,20,,,,,,,,,,,,
2417150,56526,Russia,4604643973,1777754250000,2026-05-02T20:37:30+00:00,50,2,1,8,10,11,15,16,17,20,,,,,,,,,,,,
2417056,56526,Russia,4604643880,1777753350000,2026-05-02T20:22:30+00:00,60,,,,,,,,,,,,,,,,,,,,,
2417081,56526,Russia,4604643772,1777752450000,2026-05-02T20:07:30+00:00,50,4,1,3,5,7,8,12,17,20,,,,,,,,,,,,
2417047,56526,Russia,4604643658,1777751550000,2026-05-02T19:52:30+00:00,50,1,2,3,8,13,14,15,16,20,,,,,,,,,,,,
2417015,56526,Russia,4604643532,1777750650000,2026-05-02T19:37:30+00:00,50,4,1,2,10,13,16,17,19,20,,,,,,,,,,,,
2416853,56526,Russia,4604643424,1777749750000,2026-05-02T19:22:30+00:00,60,,,,,,,,,,,,,,,,,,,,,
2416852,56526,Russia,4604643307,1777748850000,2026-05-02T19:07:30+00:00,60,,,,,,,,,,,,,,,,,,,,,
2416851,56526,Russia,4604643175,1777747950000,2026-05-02T18:52:30+00:00,60,,,,,,,,,,,,,,,,,,,,,
2416876,56526,Russia,4604643052,1777747050000,2026-05-02T18:37:30+00:00,50,4,1,2,3,4,5,12,16,17,,,,,,,,,,,,
2416842,56526,Russia,4604642929,1777746150000,2026-05-02T18:22:30+00:00,50,3,7,9,11,12,13,14,15,16,,,,,,,,,,,,
2416804,56526,Russia,4604642812,1777745250000,2026-05-02T18:07:30+00:00,50,2,1,3,5,7,8,9,10,19,,,,,,,,,,,,
2416775,56526,Russia,4604642677,1777744350000,2026-05-02T17:52:30+00:00,50,3,1,2,5,6,9,16,18,19,,,,,,,,,,,,
2416733,56526,Russia,4604642563,1777743450000,2026-05-02T17:37:30+00:00,50,1,1,2,10,11,14,16,19,20,,,,,,,,,,,,
2416701,56526,Russia,4604642452,1777742550000,2026-05-02T17:22:30+00:00,50,1,1,2,8,12,13,14,16,18,,,,,,,,,,,,
2416585,56526,Russia,4604642338,1777741650000,2026-05-02T17:07:30+00:00,60,,,,,,,,,,,,,,,,,,,,,
2416584,56526,Russia,4604642209,1777740750000,2026-05-02T16:52:30+00:00,60,,,,,,,,,,,,,,,,,,,,,
2416606,56526,Russia,4604642089,1777739850000,2026-05-02T16:37:30+00:00,50,1,2,3,5,6,9,11,12,16,,,,,,,,,,,,
2416573,56526,Russia,4604641978,1777738950000,2026-05-02T16:22:30+00:00,50,2,1,5,6,10,11,13,16,20,,,,,,,,,,,,
2416542,56526,Russia,4604641861,1777738050000,2026-05-02T16:07:30+00:00,50,2,3,4,7,10,12,14,16,19,,,,,,,,,,,,
2416506,56526,Russia,4604641744,1777737150000,2026-05-02T15:52:30+00:00,50,3,1,3,6,8,9,15,18,19,,,,,,,,,,,,
2416478,56526,Russia,4604641621,1777736250000,2026-05-02T15:37:30+00:00,50,2,2,4,5,8,11,12,15,20,,,,,,,,,,,,
2416338,56526,Russia,4604641513,1777735350000,2026-05-02T15:22:30+00:00,60,,,,,,,,,,,,,,,,,,,,,
2416337,56526,Russia,4604641402,1777734450000,2026-05-02T15:07:30+00:00,60,,,,,,,,,,,,,,,,,,,,,
2416336,56526,Russia,4604641279,1777733550000,2026-05-02T14:52:30+00:00,60,,,,,,,,,,,,,,,,,,,,,
2416359,56526,Russia,4604641168,1777732650000,2026-05-02T14:37:30+00:00,50,4,4,5,6,7,11,12,13,19,,,,,,,,,,,,
2416327,56526,Russia,4604641063,1777731750000,2026-05-02T14:22:30+00:00,50,3,5,6,7,10,15,16,18,20,,,,,,,,,,,,
2416296,56526,Russia,4604640952,1777730850000,2026-05-02T14:07:30+00:00,50,4,5,9,10,11,12,17,18,20,,,,,,,,,,,,
2416257,56526,Russia,4604640841,1777729950000,2026-05-02T13:52:30+00:00,50,4,4,9,12,13,14,16,17,19,,,,,,,,,,,,
2416232,56526,Russia,4604640730,1777729050000,2026-05-02T13:37:30+00:00,50,3,2,3,4,5,9,11,12,18,,,,,,,,,,,,
2416118,56526,Russia,4604640628,1777728150000,2026-05-02T13:22:30+00:00,60,,,,,,,,,,,,,,,,,,,,,
2416117,56526,Russia,4604640511,1777727250000,2026-05-02T13:07:30+00:00,60,,,,,,,,,,,,,,,,,,,,,
2416138,56526,Russia,4604640391,1777726350000,2026-05-02T12:52:30+00:00,50,1,2,3,4,5,10,11,12,20,,,,,,,,,,,,
2416104,56526,Russia,4604640280,1777725450000,2026-05-02T12:37:30+00:00,50,3,1,10,12,13,14,18,19,20,,,,,,,,,,,,
2416075,56526,Russia,4604640172,1777724550000,2026-05-02T12:22:30+00:00,50,2,3,8,9,11,13,14,16,18,,,,,,,,,,,,
2416042,56526,Russia,4604640061,1777723650000,2026-05-02T12:07:30+00:00,50,1,5,6,8,12,13,15,17,19,,,,,,,,,,,,
2416012,56526,Russia,4604639944,1777722750000,2026-05-02T11:52:30+00:00,50,2,4,6,7,10,11,12,19,20,,,,,,,,,,,,
2415979,56526,Russia,4604639827,1777721850000,2026-05-02T11:37:30+00:00,50,3,2,4,5,8,11,15,18,20,,,,,,,,,,,,
2415949,56526,Russia,4604639719,1777720950000,2026-05-02T11:22:30+00:00,50,3,1,3,7,9,11,14,17,19,,,,,,,,,,,,
2415917,56526,Russia,4604639608,1777720050000,2026-05-02T11:07:30+00:00,50,4,4,5,7,9,10,11,15,20,,,,,,,,,,,,
2415833,56526,Russia,4604639497,1777719150000,2026-05-02T10:52:30+00:00,60,,,,,,,,,,,,,,,,,,,,,
2415854,56526,Russia,4604639377,1777718250000,2026-05-02T10:37:30+00:00,50,3,2,4,8,9,11,12,15,16,,,,,,,,,,,,
2415711,56526,Russia,4604639272,1777717350000,2026-05-02T10:22:30+00:00,60,,,,,,,,,,,,,,,,,,,,,
2415710,56526,Russia,4604639161,1777716450000,2026-05-02T10:07:30+00:00,60,,,,,,,,,,,,,,,,,,,,,
2415709,56526,Russia,4604639047,1777715550000,2026-05-02T09:52:30+00:00,60,,,,,,,,,,,,,,,,,,,,,
2415732,56526,Russia,4604638936,1777714650000,2026-05-02T09:37:30+00:00,50,3,1,5,7,8,10,14,15,18,,,,,,,,,,,,
2415700,56526,Russia,4604638828,1777713750000,2026-05-02T09:22:30+00:00,50,4,3,6,8,12,14,15,17,18,,,,,,,,,,,,
2415619,56526,Russia,4604638717,1777712850000,2026-05-02T09:07:30+00:00,60,,,,,,,,,,,,,,,,,,,,,
2415638,56526,Russia,4604638603,1777711950000,2026-05-02T08:52:30+00:00,50,1,2,3,4,6,8,11,15,16,,,,,,,,,,,,
2415607,56526,Russia,4604638492,1777711050000,2026-05-02T08:37:30+00:00,50,2,2,4,6,7,9,10,11,14,,,,,,,,,,,,
2415577,56526,Russia,4604638387,1777710150000,2026-05-02T08:22:30+00:00,50,4,2,9,12,14,16,17,18,20,,,,,,,,,,,,
2415546,56526,Russia,4604638276,1777709250000,2026-05-02T08:07:30+00:00,50,2,1,2,4,6,7,9,16,20,,,,,,,,,,,,
2415514,56526,Russia,4604638165,1777708350000,2026-05-02T07:52:30+00:00,50,1,2,5,6,9,13,16,19,20,,,,,,,,,,,,
2415483,56526,Russia,4604638054,1777707450000,2026-05-02T07:37:30+00:00,50,1,1,2,3,7,9,10,12,20,,,,,,,,,,,,
2415343,56526,Russia,4604637946,1777706550000,2026-05-02T07:22:30+00:00,60,,,,,,,,,,,,,,,,,,,,,
2415342,56526,Russia,4604637835,1777705650000,2026-05-02T07:07:30+00:00,60,,,,,,,,,,,,,,,,,,,,,
2415341,56526,Russia,4604637721,1777704750000,2026-05-02T06:52:30+00:00,60,,,,,,,,,,,,,,,,,,,,,
2415363,56526,Russia,4604637610,1777703850000,2026-05-02T06:37:30+00:00,50,2,1,2,3,5,7,11,13,15,,,,,,,,,,,,
2415332,56526,Russia,4604637508,1777702950000,2026-05-02T06:22:30+00:00,50,3,1,2,5,8,10,11,14,16,,,,,,,,,,,,
2415301,56526,Russia,4604637397,1777702050000,2026-05-02T06:07:30+00:00,50,4,1,8,11,13,16,17,18,20,,,,,,,,,,,,
2415273,56526,Russia,4604637295,1777701150000,2026-05-02T05:52:30+00:00,50,3,3,4,9,12,14,15,17,18,,,,,,,,,,,,
2415246,56526,Russia,4604637193,1777700250000,2026-05-02T05:37:30+00:00,50,1,4,5,7,8,13,14,16,18,,,,,,,,,,,,
2415221,56526,Russia,4604637100,1777699350000,2026-05-02T05:22:30+00:00,50,2,1,3,6,10,11,12,17,20,,,,,,,,,,,,
2415192,56526,Russia,4604636998,1777698450000,2026-05-02T05:07:30+00:00,50,1,2,3,4,5,9,12,18,19,,,,,,,,,,,,
2415168,56526,Russia,4604636908,1777697550000,2026-05-02T04:52:30+00:00,50,3,3,4,6,8,9,14,15,16,,,,,,,,,,,,
2415144,56526,Russia,4604636818,1777696650000,2026-05-02T04:37:30+00:00,50,4,4,7,8,9,12,13,14,18,,,,,,,,,,,,
2415124,56526,Russia,4604636740,1777695750000,2026-05-02T04:22:30+00:00,50,2,2,4,5,7,9,13,14,15,,,,,,,,,,,,
2415102,56526,Russia,4604636662,1777694850000,2026-05-02T04:07:30+00:00,50,1,2,6,7,8,11,12,14,16,,,,,,,,,,,,
2415084,56526,Russia,4604636590,1777693950000,2026-05-02T03:52:30+00:00,50,4,6,8,10,14,15,16,17,19,,,,,,,,,,,,
2415061,56526,Russia,4604636512,1777693050000,2026-05-02T03:37:30+00:00,50,2,2,3,4,6,8,14,19,20,,,,,,,,,,,,
2415037,56526,Russia,4604636437,1777692150000,2026-05-02T03:22:30+00:00,50,1,3,4,7,11,12,14,18,19,,,,,,,,,,,,
2415009,56526,Russia,4604636359,1777691250000,2026-05-02T03:07:30+00:00,50,4,1,2,3,6,8,12,13,18,,,,,,,,,,,,
2414988,56526,Russia,4604636287,1777690350000,2026-05-02T02:52:30+00:00,50,2,1,2,5,6,7,10,11,13,,,,,,,,,,,,
2414965,56526,Russia,4604636209,1777689450000,2026-05-02T02:37:30+00:00,50,2,1,6,7,11,13,15,17,19,,,,,,,,,,,,
2414945,56526,Russia,4604636134,1777688550000,2026-05-02T02:22:30+00:00,50,2,1,3,9,11,13,15,17,18,,,,,,,,,,,,
2414922,56526,Russia,4604636056,1777687650000,2026-05-02T02:07:30+00:00,50,4,2,3,4,6,8,10,19,20,,,,,,,,,,,,
2414902,56526,Russia,4604635984,1777686750000,2026-05-02T01:52:30+00:00,50,2,5,8,11,12,14,16,18,19,,,,,,,,,,,,
2414880,56526,Russia,4604635906,1777685850000,2026-05-02T01:37:30+00:00,50,3,3,5,6,11,15,18,19,20,,,,,,,,,,,,
2414860,56526,Russia,4604635831,1777684950000,2026-05-02T01:22:30+00:00,50,2,1,4,5,15,16,17,18,19,,,,,,,,,,,,
2414840,56526,Russia,4604635753,1777684050000,2026-05-02T01:07:30+00:00,50,2,1,2,6,7,8,14,16,18,,,,,,,,,,,,
2414818,56526,Russia,4604635681,1777683150000,2026-05-02T00:52:30+00:00,50,1,2,6,7,11,12,16,19,20,,,,,,,,,,,,
2414798,56526,Russia,4604635603,1777682250000,2026-05-02T00:37:30+00:00,50,2,1,5,7,9,13,17,19,20,,,,,,,,,,,,
2414778,56526,Russia,4604635528,1777681350000,2026-05-02T00:22:30+00:00,50,1,2,7,9,10,11,17,18,19,,,,,,,,,,,,
2414758,56526,Russia,4604635450,1777680450000,2026-05-02T00:07:30+00:00,50,4,1,2,3,6,8,11,13,17,,,,,,,,,,,,
2414735,56526,Russia,4602965662,1777679550000,2026-05-01T23:52:30+00:00,50,3,3,6,7,16,17,18,19,20,,,,,,,,,,,,
2414716,56526,Russia,4602965584,1777678650000,2026-05-01T23:37:30+00:00,50,2,2,4,5,8,9,10,16,17,,,,,,,,,,,,
2414694,56526,Russia,4602965509,1777677750000,2026-05-01T23:22:30+00:00,50,2,4,5,9,11,12,15,17,20,,,,,,,,,,,,
2414671,56526,Russia,4602965431,1777676850000,2026-05-01T23:07:30+00:00,50,1,1,4,7,9,10,18,19,20,,,,,,,,,,,,
2414644,56526,Russia,4602965359,1777675950000,2026-05-01T22:52:30+00:00,50,3,2,5,8,10,13,15,16,19,,,,,,,,,,,,
2414621,56526,Russia,4602965281,1777675050000,2026-05-01T22:37:30+00:00,50,1,3,5,6,8,12,14,16,17,,,,,,,,,,,,
2414599,56526,Russia,4602965206,1777674150000,2026-05-01T22:22:30+00:00,50,1,5,6,10,14,17,18,19,20,,,,,,,,,,,,
2414576,56526,Russia,4602965137,1777673250000,2026-05-01T22:07:30+00:00,50,1,3,5,6,9,12,14,17,18,,,,,,,,,,,,
2414556,56526,Russia,4602965095,1777672350000,2026-05-01T21:52:30+00:00,50,1,7,8,11,12,13,15,16,20,,,,,,,,,,,,
2414526,56526,Russia,4602965071,1777671450000,2026-05-01T21:37:30+00:00,50,3,1,4,6,8,9,10,11,16,,,,,,,,,,,,
2414498,56526,Russia,4602965047,1777670550000,2026-05-01T21:22:30+00:00,50,4,1,4,6,7,13,15,16,19,,,,,,,,,,,,
2414468,56526,Russia,4602965026,1777669650000,2026-05-01T21:07:30+00:00,50,4,4,9,10,11,12,13,17,20,,,,,,,,,,,,
2414437,56526,Russia,4602963808,1777668750000,2026-05-01T20:52:30+00:00,50,2,1,3,7,9,11,12,16,20,,,,,,,,,,,,
2414406,56526,Russia,4602963703,1777667850000,2026-05-01T20:37:30+00:00,50,2,5,6,10,11,14,16,17,20,,,,,,,,,,,,
2414321,56526,Russia,4602963610,1777666950000,2026-05-01T20:22:30+00:00,60,,,,,,,,,,,,,,,,,,,,,
2414343,56526,Russia,4602963502,1777666050000,2026-05-01T20:07:30+00:00,50,1,3,4,7,8,9,16,17,19,,,,,,,,,,,,
2414312,56526,Russia,4602963388,1777665150000,2026-05-01T19:52:30+00:00,50,3,3,4,6,7,8,13,18,20,,,,,,,,,,,,
2414281,56526,Russia,4602963271,1777664250000,2026-05-01T19:37:30+00:00,50,4,3,5,6,7,10,15,17,18,,,,,,,,,,,,
2414127,56526,Russia,4602963163,1777663350000,2026-05-01T19:22:30+00:00,60,,,,,,,,,,,,,,,,,,,,,
2414126,56526,Russia,4602963052,1777662450000,2026-05-01T19:07:30+00:00,60,,,,,,,,,,,,,,,,,,,,,
2414125,56526,Russia,4602962926,1777661550000,2026-05-01T18:52:30+00:00,60,,,,,,,,,,,,,,,,,,,,,
2414148,56526,Russia,4602962806,1777660650000,2026-05-01T18:37:30+00:00,50,4,1,5,6,7,8,11,16,17,,,,,,,,,,,,
2414111,56526,Russia,4602962686,1777659750000,2026-05-01T18:22:30+00:00,50,2,2,6,7,8,13,14,17,20,,,,,,,,,,,,
2414083,56526,Russia,4602962575,1777658850000,2026-05-01T18:07:30+00:00,50,3,1,2,4,10,11,14,19,20,,,,,,,,,,,,
2414050,56526,Russia,4602962440,1777657950000,2026-05-01T17:52:30+00:00,50,2,1,4,7,9,12,14,16,18,,,,,,,,,,,,
2414018,56526,Russia,4602962326,1777657050000,2026-05-01T17:37:30+00:00,50,4,5,6,8,11,13,15,18,20,,,,,,,,,,,,
2413988,56526,Russia,4602962218,1777656150000,2026-05-01T17:22:30+00:00,50,3,1,3,4,6,9,10,14,15,,,,,,,,,,,,
2413866,56526,Russia,4602962104,1777655250000,2026-05-01T17:07:30+00:00,60,,,,,,,,,,,,,,,,,,,,,
2413865,56526,Russia,4602961978,1777654350000,2026-05-01T16:52:30+00:00,60,,,,,,,,,,,,,,,,,,,,,
2413887,56526,Russia,4602961858,1777653450000,2026-05-01T16:37:30+00:00,50,2,1,6,7,10,11,12,13,14,,,,,,,,,,,,
2413854,56526,Russia,4602961747,1777652550000,2026-05-01T16:22:30+00:00,50,3,4,5,8,10,12,13,17,18,,,,,,,,,,,,
2413824,56526,Russia,4602961636,1777651650000,2026-05-01T16:07:30+00:00,50,4,1,3,8,9,10,14,17,20,,,,,,,,,,,,
2413790,56526,Russia,4602961522,1777650750000,2026-05-01T15:52:30+00:00,50,1,1,3,4,8,10,12,18,20,,,,,,,,,,,,
2413758,56526,Russia,4602961393,1777649850000,2026-05-01T15:37:30+00:00,50,2,1,4,5,6,10,11,13,20,,,,,,,,,,,,
2413617,56526,Russia,4602961285,1777648950000,2026-05-01T15:22:30+00:00,60,,,,,,,,,,,,,,,,,,,,,
2413616,56526,Russia,4602961174,1777648050000,2026-05-01T15:07:30+00:00,60,,,,,,,,,,,,,,,,,,,,,
2413615,56526,Russia,4602961057,1777647150000,2026-05-01T14:52:30+00:00,60,,,,,,,,,,,,,,,,,,,,,
2413637,56526,Russia,4602960946,1777646250000,2026-05-01T14:37:30+00:00,50,1,1,4,6,8,9,14,16,20,,,,,,,,,,,,
2413604,56526,Russia,4602960838,1777645350000,2026-05-01T14:22:30+00:00,50,1,1,5,12,13,14,16,18,20,,,,,,,,,,,,
2413574,56526,Russia,4602960727,1777644450000,2026-05-01T14:07:30+00:00,50,3,3,9,10,12,13,15,17,18,,,,,,,,,,,,
2413543,56526,Russia,4602960616,1777643550000,2026-05-01T13:52:30+00:00,50,1,4,5,8,9,13,16,19,20,,,,,,,,,,,,
2413512,56526,Russia,4602960505,1777642650000,2026-05-01T13:37:30+00:00,50,2,1,4,6,8,12,13,15,16,,,,,,,,,,,,
2413399,56526,Russia,4602960403,1777641750000,2026-05-01T13:22:30+00:00,60,,,,,,,,,,,,,,,,,,,,,
2413398,56526,Russia,4602960286,1777640850000,2026-05-01T13:07:30+00:00,60,,,,,,,,,,,,,,,,,,,,,
2413419,56526,Russia,4602960166,1777639950000,2026-05-01T12:52:30+00:00,50,2,1,2,11,13,14,16,17,20,,,,,,,,,,,,
2413386,56526,Russia,4602960055,1777639050000,2026-05-01T12:37:30+00:00,50,1,2,4,6,7,12,13,14,15,,,,,,,,,,,,
2413356,56526,Russia,4602959947,1777638150000,2026-05-01T12:22:30+00:00,50,2,3,6,10,12,13,14,15,16,,,,,,,,,,,,
2413324,56526,Russia,4602959836,1777637250000,2026-05-01T12:07:30+00:00,50,3,1,2,7,8,10,17,19,20,,,,,,,,,,,,
2413292,56526,Russia,4602959719,1777636350000,2026-05-01T11:52:30+00:00,50,3,1,5,6,7,11,16,18,19,,,,,,,,,,,,
2413260,56526,Russia,4602959602,1777635450000,2026-05-01T11:37:30+00:00,50,2,2,7,10,11,14,15,18,20,,,,,,,,,,,,
2413228,56526,Russia,4602959497,1777634550000,2026-05-01T11:22:30+00:00,50,3,3,4,5,6,7,12,13,14,,,,,,,,,,,,
2413197,56526,Russia,4602959386,1777633650000,2026-05-01T11:07:30+00:00,50,1,1,2,3,4,6,7,17,19,,,,,,,,,,,,
2413112,56526,Russia,4602959275,1777632750000,2026-05-01T10:52:30+00:00,60,,,,,,,,,,,,,,,,,,,,,
2413134,56526,Russia,4602959155,1777631850000,2026-05-01T10:37:30+00:00,50,2,1,5,8,10,12,13,17,19,,,,,,,,,,,,
2412991,56526,Russia,4602959050,1777630950000,2026-05-01T10:22:30+00:00,60,,,,,,,,,,,,,,,,,,,,,
2412990,56526,Russia,4602958939,1777630050000,2026-05-01T10:07:30+00:00,60,,,,,,,,,,,,,,,,,,,,,
2412989,56526,Russia,4602958825,1777629150000,2026-05-01T09:52:30+00:00,60,,,,,,,,,,,,,,,,,,,,,
2413012,56526,Russia,4602958711,1777628250000,2026-05-01T09:37:30+00:00,50,3,1,2,6,7,8,12,18,19,,,,,,,,,,,,
2412980,56526,Russia,4602958603,1777627350000,2026-05-01T09:22:30+00:00,50,1,9,11,12,15,16,18,19,20,,,,,,,,,,,,
2412900,56526,Russia,4602958492,1777626450000,2026-05-01T09:07:30+00:00,60,,,,,,,,,,,,,,,,,,,,,
2412919,56526,Russia,4602958378,1777625550000,2026-05-01T08:52:30+00:00,50,2,4,5,13,14,15,17,18,20,,,,,,,,,,,,
2412887,56526,Russia,4602958267,1777624650000,2026-05-01T08:37:30+00:00,50,1,2,6,9,11,12,14,16,17,,,,,,,,,,,,
2412859,56526,Russia,4602958162,1777623750000,2026-05-01T08:22:30+00:00,50,1,3,10,12,14,15,16,17,20,,,,,,,,,,,,
2412828,56526,Russia,4602958051,1777622850000,2026-05-01T08:07:30+00:00,50,2,3,4,6,9,14,15,16,18,,,,,,,,,,,,
2412796,56526,Russia,4602957940,1777621950000,2026-05-01T07:52:30+00:00,50,2,3,4,6,8,12,13,15,19,,,,,,,,,,,,
2412765,56526,Russia,4602957829,1777621050000,2026-05-01T07:37:30+00:00,50,3,1,2,5,6,8,10,17,18,,,,,,,,,,,,
2412624,56526,Russia,4602957724,1777620150000,2026-05-01T07:22:30+00:00,60,,,,,,,,,,,,,,,,,,,,,
2412623,56526,Russia,4602957613,1777619250000,2026-05-01T07:07:30+00:00,60,,,,,,,,,,,,,,,,,,,,,
2412622,56526,Russia,4602957499,1777618350000,2026-05-01T06:52:30+00:00,60,,,,,,,,,,,,,,,,,,,,,
2412645,56526,Russia,4602957388,1777617450000,2026-05-01T06:37:30+00:00,50,1,1,3,4,8,17,18,19,20,,,,,,,,,,,,
2412613,56526,Russia,4602957286,1777616550000,2026-05-01T06:22:30+00:00,50,3,2,6,8,10,12,16,17,20,,,,,,,,,,,,
2412582,56526,Russia,4602957175,1777615650000,2026-05-01T06:07:30+00:00,50,2,1,2,6,9,11,14,19,20,,,,,,,,,,,,
2412555,56526,Russia,4602957073,1777614750000,2026-05-01T05:52:30+00:00,50,4,3,7,8,9,11,13,18,20,,,,,,,,,,,,
2412528,56526,Russia,4602956971,1777613850000,2026-05-01T05:37:30+00:00,50,3,2,3,4,7,8,14,15,20,,,,,,,,,,,,
2412503,56526,Russia,4602956878,1777612950000,2026-05-01T05:22:30+00:00,50,1,5,11,12,14,15,16,19,20,,,,,,,,,,,,
2412475,56526,Russia,4602956776,1777612050000,2026-05-01T05:07:30+00:00,50,3,1,5,7,10,12,14,15,20,,,,,,,,,,,,
2412450,56526,Russia,4602956686,1777611150000,2026-05-01T04:52:30+00:00,50,3,1,2,4,6,11,12,13,15,,,,,,,,,,,,
2412426,56526,Russia,4602956596,1777610250000,2026-05-01T04:37:30+00:00,50,3,2,3,6,13,15,17,18,20,,,,,,,,,,,,
2412406,56526,Russia,4602956518,1777609350000,2026-05-01T04:22:30+00:00,50,3,3,4,9,14,15,16,19,20,,,,,,,,,,,,
2412386,56526,Russia,4602956440,1777608450000,2026-05-01T04:07:30+00:00,50,2,5,7,8,12,13,14,18,19,,,,,,,,,,,,
2412368,56526,Russia,4602956368,1777607550000,2026-05-01T03:52:30+00:00,50,3,1,4,7,10,12,17,18,19,,,,,,,,,,,,
2412345,56526,Russia,4602956290,1777606650000,2026-05-01T03:37:30+00:00,50,3,3,7,9,13,15,18,19,20,,,,,,,,,,,,
2412319,56526,Russia,4602956215,1777605750000,2026-05-01T03:22:30+00:00,50,4,2,6,8,12,16,17,18,19,,,,,,,,,,,,
2412293,56526,Russia,4602956137,1777604850000,2026-05-01T03:07:30+00:00,50,1,4,8,9,10,12,17,18,19,,,,,,,,,,,,
2412273,56526,Russia,4602956065,1777603950000,2026-05-01T02:52:30+00:00,50,1,1,3,4,13,14,16,17,20,,,,,,,,,,,,
2412252,56526,Russia,4602955987,1777603050000,2026-05-01T02:37:30+00:00,50,2,1,4,7,9,12,13,17,18,,,,,,,,,,,,
2412228,56526,Russia,4602955912,1777602150000,2026-05-01T02:22:30+00:00,50,3,5,8,9,10,12,16,17,20,,,,,,,,,,,,
2412206,56526,Russia,4602955834,1777601250000,2026-05-01T02:07:30+00:00,50,4,2,5,9,11,15,16,18,20,,,,,,,,,,,,
2412185,56526,Russia,4602955762,1777600350000,2026-05-01T01:52:30+00:00,50,4,2,3,4,7,11,18,19,20,,,,,,,,,,,,
2412163,56526,Russia,4602955684,1777599450000,2026-05-01T01:37:30+00:00,50,2,2,3,4,6,7,9,16,17,,,,,,,,,,,,
2412143,56526,Russia,4602955609,1777598550000,2026-05-01T01:22:30+00:00,50,2,3,5,7,10,11,14,15,17,,,,,,,,,,,,
2412121,56526,Russia,4602955531,1777597650000,2026-05-01T01:07:30+00:00,50,4,1,3,4,6,8,11,14,17,,,,,,,,,,,,
2412098,56526,Russia,4602955459,1777596750000,2026-05-01T00:52:30+00:00,50,3,1,2,3,7,9,13,17,18,,,,,,,,,,,,
2412077,56526,Russia,4602955381,1777595850000,2026-05-01T00:37:30+00:00,50,3,1,2,3,4,6,8,9,10,,,,,,,,,,,,
2412053,56526,Russia,4602955306,1777594950000,2026-05-01T00:22:30+00:00,50,4,4,6,11,12,15,17,19,20,,,,,,,,,,,,
2412036,56526,Russia,4602955228,1777594050000,2026-05-01T00:07:30+00:00,50,4,3,4,8,10,12,13,16,17,,,,,,,,,,,,
2412014,56526,Russia,4600715350,1777593150000,2026-04-30T23:52:30+00:00,50,4,3,7,8,10,11,14,17,20,,,,,,,,,,,,
2411995,56526,Russia,4600715272,1777592250000,2026-04-30T23:37:30+00:00,50,4,2,3,5,8,11,12,13,16,,,,,,,,,,,,
2411972,56526,Russia,4600715197,1777591350000,2026-04-30T23:22:30+00:00,50,2,3,5,9,10,11,12,15,20,,,,,,,,,,,,
2411950,56526,Russia,4600715119,1777590450000,2026-04-30T23:07:30+00:00,50,1,6,9,10,12,14,18,19,20,,,,,,,,,,,,
2411924,56526,Russia,4600715047,1777589550000,2026-04-30T22:52:30+00:00,50,2,5,6,8,10,12,14,15,19,,,,,,,,,,,,
2411900,56526,Russia,4600714969,1777588650000,2026-04-30T22:37:30+00:00,50,3,1,2,4,9,11,13,15,18,,,,,,,,,,,,
2411878,56526,Russia,4600714894,1777587750000,2026-04-30T22:22:30+00:00,50,4,1,8,9,10,11,13,14,18,,,,,,,,,,,,
2411859,56526,Russia,4600714825,1777586850000,2026-04-30T22:07:30+00:00,50,4,2,3,7,9,13,16,19,20,,,,,,,,,,,,
2411839,56526,Russia,4600714783,1777585950000,2026-04-30T21:52:30+00:00,50,2,3,4,6,9,11,12,14,19,,,,,,,,,,,,
2411809,56526,Russia,4600714759,1777585050000,2026-04-30T21:37:30+00:00,50,4,1,4,5,7,10,14,18,19,,,,,,,,,,,,
2411781,56526,Russia,4600714735,1777584150000,2026-04-30T21:22:30+00:00,50,4,1,3,4,5,9,15,17,19,,,,,,,,,,,,
2411751,56526,Russia,4600714714,1777583250000,2026-04-30T21:07:30+00:00,50,4,5,6,7,9,10,11,13,17,,,,,,,,,,,,
2411720,56526,Russia,4600713496,1777582350000,2026-04-30T20:52:30+00:00,50,2,4,5,6,7,9,16,17,19,,,,,,,,,,,,
2411689,56526,Russia,4600713391,1777581450000,2026-04-30T20:37:30+00:00,50,1,2,4,6,9,12,18,19,20,,,,,,,,,,,,
2411598,56526,Russia,4600713298,1777580550000,2026-04-30T20:22:30+00:00,60,,,,,,,,,,,,,,,,,,,,,
2411623,56526,Russia,4600713190,1777579650000,2026-04-30T20:07:30+00:00,50,4,5,7,10,14,16,17,19,20,,,,,,,,,,,,
2411589,56526,Russia,4600713076,1777578750000,2026-04-30T19:52:30+00:00,50,4,2,3,7,8,9,10,11,12,,,,,,,,,,,,
2411556,56526,Russia,4600712950,1777577850000,2026-04-30T19:37:30+00:00,50,2,2,4,6,7,8,9,12,14,,,,,,,,,,,,
2411407,56526,Russia,4600712842,1777576950000,2026-04-30T19:22:30+00:00,60,,,,,,,,,,,,,,,,,,,,,
2411406,56526,Russia,4600712731,1777576050000,2026-04-30T19:07:30+00:00,60,,,,,,,,,,,,,,,,,,,,,
2411405,56526,Russia,4600712611,1777575150000,2026-04-30T18:52:30+00:00,60,,,,,,,,,,,,,,,,,,,,,
2411431,56526,Russia,4600712494,1777574250000,2026-04-30T18:37:30+00:00,50,2,1,2,3,4,5,7,11,14,,,,,,,,,,,,
2411396,56526,Russia,4600712374,1777573350000,2026-04-30T18:22:30+00:00,50,4,6,7,9,10,11,12,16,18,,,,,,,,,,,,
2411363,56526,Russia,4600712263,1777572450000,2026-04-30T18:07:30+00:00,50,1,1,7,12,14,16,18,19,20,,,,,,,,,,,,
2411328,56526,Russia,4600712131,1777571550000,2026-04-30T17:52:30+00:00,50,1,1,2,4,5,7,11,18,19,,,,,,,,,,,,
2411244,56526,Russia,4600712017,1777570650000,2026-04-30T17:37:30+00:00,50,4,1,11,12,14,16,17,18,20,,,,,,,,,,,,
2411217,56526,Russia,4600711909,1777569750000,2026-04-30T17:22:30+00:00,50,1,2,5,6,10,12,16,19,20,,,,,,,,,,,,
2411146,56526,Russia,4600711795,1777568850000,2026-04-30T17:07:30+00:00,60,,,,,,,,,,,,,,,,,,,,,
2411145,56526,Russia,4600711669,1777567950000,2026-04-30T16:52:30+00:00,60,,,,,,,,,,,,,,,,,,,,,
2411167,56526,Russia,4600711549,1777567050000,2026-04-30T16:37:30+00:00,50,4,3,5,7,8,11,14,15,18,,,,,,,,,,,,
2411134,56526,Russia,4600711438,1777566150000,2026-04-30T16:22:30+00:00,50,3,1,2,4,6,8,9,10,17,,,,,,,,,,,,
2411102,56526,Russia,4600711327,1777565250000,2026-04-30T16:07:30+00:00,50,1,2,3,5,7,8,11,15,16,,,,,,,,,,,,
2411070,56526,Russia,4600711213,1777564350000,2026-04-30T15:52:30+00:00,50,1,1,5,8,11,12,16,17,18,,,,,,,,,,,,
2411035,56526,Russia,4600711090,1777563450000,2026-04-30T15:37:30+00:00,50,1,4,6,7,8,13,14,17,18,,,,,,,,,,,,
2410895,56526,Russia,4600710979,1777562550000,2026-04-30T15:22:30+00:00,60,,,,,,,,,,,,,,,,,,,,,
2410894,56526,Russia,4600710868,1777561650000,2026-04-30T15:07:30+00:00,60,,,,,,,,,,,,,,,,,,,,,
2410893,56526,Russia,4600710751,1777560750000,2026-04-30T14:52:30+00:00,60,,,,,,,,,,,,,,,,,,,,,
2410916,56526,Russia,4600710640,1777559850000,2026-04-30T14:37:30+00:00,50,2,1,2,5,9,12,13,15,17,,,,,,,,,,,,
2410884,56526,Russia,4600710535,1777558950000,2026-04-30T14:22:30+00:00,50,3,6,8,11,13,14,15,16,19,,,,,,,,,,,,
2410852,56526,Russia,4600710424,1777558050000,2026-04-30T14:07:30+00:00,50,2,1,2,3,4,5,15,17,20,,,,,,,,,,,,
2410821,56526,Russia,4600710313,1777557150000,2026-04-30T13:52:30+00:00,50,1,5,6,9,10,12,15,16,20,,,,,,,,,,,,
2410790,56526,Russia,4600710202,1777556250000,2026-04-30T13:37:30+00:00,50,3,1,4,5,9,10,15,16,18,,,,,,,,,,,,
2410677,56526,Russia,4600710100,1777555350000,2026-04-30T13:22:30+00:00,60,,,,,,,,,,,,,,,,,,,,,
2410676,56526,Russia,4600709983,1777554450000,2026-04-30T13:07:30+00:00,60,,,,,,,,,,,,,,,,,,,,,
2410697,56526,Russia,4600709863,1777553550000,2026-04-30T12:52:30+00:00,50,4,1,3,7,10,12,13,17,20,,,,,,,,,,,,
2410664,56526,Russia,4600709752,1777552650000,2026-04-30T12:37:30+00:00,50,2,1,5,9,10,12,16,18,19,,,,,,,,,,,,
2410634,56526,Russia,4600709644,1777551750000,2026-04-30T12:22:30+00:00,50,3,2,3,7,8,10,12,13,16,,,,,,,,,,,,
2410602,56526,Russia,4600709533,1777550850000,2026-04-30T12:07:30+00:00,50,4,2,10,11,12,13,15,19,20,,,,,,,,,,,,
2410570,56526,Russia,4600709416,1777549950000,2026-04-30T11:52:30+00:00,50,1,4,8,9,10,13,14,16,17,,,,,,,,,,,,
2410537,56526,Russia,4600709299,1777549050000,2026-04-30T11:37:30+00:00,50,3,6,9,12,13,15,16,17,18,,,,,,,,,,,,
2410508,56526,Russia,4600709194,1777548150000,2026-04-30T11:22:30+00:00,50,4,1,7,13,14,15,16,19,20,,,,,,,,,,,,
2410475,56526,Russia,4600709083,1777547250000,2026-04-30T11:07:30+00:00,50,1,2,3,4,6,12,16,18,20,,,,,,,,,,,,
2410391,56526,Russia,4600708972,1777546350000,2026-04-30T10:52:30+00:00,60,,,,,,,,,,,,,,,,,,,,,
2410400,56526,Russia,4600708852,1777545450000,2026-04-30T10:37:30+00:00,50,2,2,5,11,12,15,16,17,20,,,,,,,,,,,,
2410267,56526,Russia,4600708744,1777544550000,2026-04-30T10:22:30+00:00,60,,,,,,,,,,,,,,,,,,,,,
2410266,56526,Russia,4600708633,1777543650000,2026-04-30T10:07:30+00:00,60,,,,,,,,,,,,,,,,,,,,,
2410265,56526,Russia,4600708519,1777542750000,2026-04-30T09:52:30+00:00,60,,,,,,,,,,,,,,,,,,,,,
2410288,56526,Russia,4600708405,1777541850000,2026-04-30T09:37:30+00:00,50,3,2,8,9,12,15,16,19,20,,,,,,,,,,,,
2410256,56526,Russia,4600708297,1777540950000,2026-04-30T09:22:30+00:00,50,4,4,5,6,7,10,12,14,15,,,,,,,,,,,,
2410175,56526,Russia,4600708186,1777540050000,2026-04-30T09:07:30+00:00,60,,,,,,,,,,,,,,,,,,,,,
2410194,56526,Russia,4600708072,1777539150000,2026-04-30T08:52:30+00:00,50,3,1,2,3,5,6,7,10,12,,,,,,,,,,,,
2410163,56526,Russia,4600707961,1777538250000,2026-04-30T08:37:30+00:00,50,2,6,10,12,13,17,18,19,20,,,,,,,,,,,,
2410135,56526,Russia,4600707856,1777537350000,2026-04-30T08:22:30+00:00,50,4,2,5,6,9,11,12,13,19,,,,,,,,,,,,
2410104,56526,Russia,4600707745,1777536450000,2026-04-30T08:07:30+00:00,50,1,2,4,6,8,9,14,18,20,,,,,,,,,,,,
2410072,56526,Russia,4600707634,1777535550000,2026-04-30T07:52:30+00:00,50,2,1,5,7,8,11,14,17,19,,,,,,,,,,,,
2410041,56526,Russia,4600707523,1777534650000,2026-04-30T07:37:30+00:00,50,4,1,7,8,9,12,16,19,20,,,,,,,,,,,,
2409901,56526,Russia,4600707418,1777533750000,2026-04-30T07:22:30+00:00,60,,,,,,,,,,,,,,,,,,,,,
2409900,56526,Russia,4600707307,1777532850000,2026-04-30T07:07:30+00:00,60,,,,,,,,,,,,,,,,,,,,,
2409899,56526,Russia,4600707193,1777531950000,2026-04-30T06:52:30+00:00,60,,,,,,,,,,,,,,,,,,,,,
2409921,56526,Russia,4600707082,1777531050000,2026-04-30T06:37:30+00:00,50,3,2,11,13,14,15,16,17,19,,,,,,,,,,,,
2409890,56526,Russia,4600706980,1777530150000,2026-04-30T06:22:30+00:00,50,3,2,5,6,7,11,14,15,20,,,,,,,,,,,,
2409858,56526,Russia,4600706869,1777529250000,2026-04-30T06:07:30+00:00,50,1,7,9,10,11,13,15,16,20,,,,,,,,,,,,
2409830,56526,Russia,4600706767,1777528350000,2026-04-30T05:52:30+00:00,50,2,1,6,7,8,9,10,18,20,,,,,,,,,,,,
2409803,56526,Russia,4600706665,1777527450000,2026-04-30T05:37:30+00:00,50,3,2,5,9,10,12,14,15,17,,,,,,,,,,,,
2409778,56526,Russia,4600706572,1777526550000,2026-04-30T05:22:30+00:00,50,3,3,4,11,14,15,17,19,20,,,,,,,,,,,,
2409750,56526,Russia,4600706470,1777525650000,2026-04-30T05:07:30+00:00,50,2,1,8,9,12,13,14,15,16,,,,,,,,,,,,
2409725,56526,Russia,4600706380,1777524750000,2026-04-30T04:52:30+00:00,50,3,3,6,8,9,10,13,15,20,,,,,,,,,,,,
2409701,56526,Russia,4600706290,1777523850000,2026-04-30T04:37:30+00:00,50,4,3,4,8,9,10,15,16,17,,,,,,,,,,,,
2409681,56526,Russia,4600706212,1777522950000,2026-04-30T04:22:30+00:00,50,3,2,4,5,6,10,13,14,16,,,,,,,,,,,,
2409659,56526,Russia,4600706134,1777522050000,2026-04-30T04:07:30+00:00,50,4,1,2,8,13,15,17,18,20,,,,,,,,,,,,
2409639,56526,Russia,4600706062,1777521150000,2026-04-30T03:52:30+00:00,50,1,3,7,12,13,15,16,18,19,,,,,,,,,,,,
2409616,56526,Russia,4600705984,1777520250000,2026-04-30T03:37:30+00:00,50,1,2,6,12,13,14,16,18,20,,,,,,,,,,,,
2409589,56526,Russia,4600705909,1777519350000,2026-04-30T03:22:30+00:00,50,1,3,5,8,9,13,17,18,20,,,,,,,,,,,,
2409561,56526,Russia,4600705831,1777518450000,2026-04-30T03:07:30+00:00,50,3,3,4,7,9,11,16,17,18,,,,,,,,,,,,
2409540,56526,Russia,4600705759,1777517550000,2026-04-30T02:52:30+00:00,50,3,1,4,5,6,15,16,17,19,,,,,,,,,,,,
2409514,56526,Russia,4600705681,1777516650000,2026-04-30T02:37:30+00:00,50,3,4,6,10,11,13,14,16,19,,,,,,,,,,,,
2409479,56526,Russia,4600705606,1777515750000,2026-04-30T02:22:30+00:00,50,3,3,4,6,10,12,13,16,20,,,,,,,,,,,,
2409459,56526,Russia,4600705528,1777514850000,2026-04-30T02:07:30+00:00,50,4,2,3,6,7,8,9,10,12,,,,,,,,,,,,
2409440,56526,Russia,4600705456,1777513950000,2026-04-30T01:52:30+00:00,50,4,3,5,6,8,11,14,16,19,,,,,,,,,,,,
2409423,56526,Russia,4600705378,1777513050000,2026-04-30T01:37:30+00:00,50,2,2,4,5,7,9,11,12,17,,,,,,,,,,,,
2409403,56526,Russia,4600705303,1777512150000,2026-04-30T01:22:30+00:00,50,3,1,9,11,12,13,14,17,18,,,,,,,,,,,,
2409383,56526,Russia,4600705225,1777511250000,2026-04-30T01:07:30+00:00,50,1,1,2,3,4,5,9,11,14,,,,,,,,,,,,
2409359,56526,Russia,4600705153,1777510350000,2026-04-30T00:52:30+00:00,50,3,1,4,6,11,12,15,18,19,,,,,,,,,,,,
2409334,56526,Russia,4600705075,1777509450000,2026-04-30T00:37:30+00:00,50,4,2,9,13,14,16,18,19,20,,,,,,,,,,,,
2409315,56526,Russia,4600705000,1777508550000,2026-04-30T00:22:30+00:00,50,4,9,10,11,12,17,18,19,20,,,,,,,,,,,,
2409293,56526,Russia,4600704922,1777507650000,2026-04-30T00:07:30+00:00,50,1,1,2,3,4,8,15,16,20,,,,,,,,,,,,
2409271,56526,Russia,4598843368,1777506750000,2026-04-29T23:52:30+00:00,50,2,2,3,4,5,6,7,17,18,,,,,,,,,,,,
2409251,56526,Russia,4598843290,1777505850000,2026-04-29T23:37:30+00:00,50,2,1,2,3,4,7,15,16,17,,,,,,,,,,,,
2409221,56526,Russia,4598843215,1777504950000,2026-04-29T23:22:30+00:00,50,1,1,2,6,7,10,13,14,18,,,,,,,,,,,,
2409204,56526,Russia,4598843137,1777504050000,2026-04-29T23:07:30+00:00,50,4,3,8,9,10,11,12,13,19,,,,,,,,,,,,
2409178,56526,Russia,4598843065,1777503150000,2026-04-29T22:52:30+00:00,50,1,2,3,8,9,12,13,16,19,,,,,,,,,,,,
2409155,56526,Russia,4598842987,1777502250000,2026-04-29T22:37:30+00:00,50,1,3,4,7,8,11,12,13,17,,,,,,,,,,,,
2409133,56526,Russia,4598842912,1777501350000,2026-04-29T22:22:30+00:00,50,2,1,4,5,8,9,11,13,15,,,,,,,,,,,,
2409113,56526,Russia,4598842843,1777500450000,2026-04-29T22:07:30+00:00,50,3,3,5,6,7,11,13,19,20,,,,,,,,,,,,
2409093,56526,Russia,4598842801,1777499550000,2026-04-29T21:52:30+00:00,50,4,4,6,10,11,12,14,15,19,,,,,,,,,,,,
2409063,56526,Russia,4598842777,1777498650000,2026-04-29T21:37:30+00:00,50,1,5,7,9,11,13,15,17,18,,,,,,,,,,,,
2409035,56526,Russia,4598842753,1777497750000,2026-04-29T21:22:30+00:00,50,1,2,5,6,7,10,16,17,18,,,,,,,,,,,,
2409005,56526,Russia,4598842732,1777496850000,2026-04-29T21:07:30+00:00,50,3,2,5,9,11,12,16,17,20,,,,,,,,,,,,
2408974,56526,Russia,4598841508,1777495950000,2026-04-29T20:52:30+00:00,50,3,1,7,9,11,13,16,17,20,,,,,,,,,,,,
2408942,56526,Russia,4598841403,1777495050000,2026-04-29T20:37:30+00:00,50,1,2,3,4,6,7,10,16,18,,,,,,,,,,,,
2408850,56526,Russia,4598841310,1777494150000,2026-04-29T20:22:30+00:00,60,,,,,,,,,,,,,,,,,,,,,
2408875,56526,Russia,4598841202,1777493250000,2026-04-29T20:07:30+00:00,50,4,4,7,9,11,13,17,18,19,,,,,,,,,,,,
2408841,56526,Russia,4598841088,1777492350000,2026-04-29T19:52:30+00:00,50,4,2,3,5,6,7,10,12,13,,,,,,,,,,,,
2408809,56526,Russia,4598840971,1777491450000,2026-04-29T19:37:30+00:00,50,2,1,3,4,10,11,13,14,18,,,,,,,,,,,,
2408658,56526,Russia,4598840863,1777490550000,2026-04-29T19:22:30+00:00,60,,,,,,,,,,,,,,,,,,,,,
2408657,56526,Russia,4598840749,1777489650000,2026-04-29T19:07:30+00:00,60,,,,,,,,,,,,,,,,,,,,,
2408656,56526,Russia,4598840617,1777488750000,2026-04-29T18:52:30+00:00,60,,,,,,,,,,,,,,,,,,,,,
2408680,56526,Russia,4598840494,1777487850000,2026-04-29T18:37:30+00:00,50,3,2,3,5,6,7,11,12,13,,,,,,,,,,,,
2408647,56526,Russia,4598840374,1777486950000,2026-04-29T18:22:30+00:00,50,1,3,4,5,9,12,13,14,15,,,,,,,,,,,,
2408613,56526,Russia,4598840257,1777486050000,2026-04-29T18:07:30+00:00,50,4,1,5,7,11,15,17,18,19,,,,,,,,,,,,
2408581,56526,Russia,4598840131,1777485150000,2026-04-29T17:52:30+00:00,50,1,5,8,11,15,16,17,18,20,,,,,,,,,,,,
2408548,56526,Russia,4598840017,1777484250000,2026-04-29T17:37:30+00:00,50,4,1,2,5,6,7,8,9,16,,,,,,,,,,,,
2408517,56526,Russia,4598839909,1777483350000,2026-04-29T17:22:30+00:00,50,2,4,6,9,13,14,16,17,20,,,,,,,,,,,,
2408395,56526,Russia,4598839795,1777482450000,2026-04-29T17:07:30+00:00,60,,,,,,,,,,,,,,,,,,,,,
2408394,56526,Russia,4598839663,1777481550000,2026-04-29T16:52:30+00:00,60,,,,,,,,,,,,,,,,,,,,,
2408416,56526,Russia,4598839540,1777480650000,2026-04-29T16:37:30+00:00,50,4,2,3,4,7,11,15,19,20,,,,,,,,,,,,
2408382,56526,Russia,4598839426,1777479750000,2026-04-29T16:22:30+00:00,50,3,4,5,6,7,9,10,18,20,,,,,,,,,,,,
2408351,56526,Russia,4598839315,1777478850000,2026-04-29T16:07:30+00:00,50,3,1,2,5,9,10,12,17,18,,,,,,,,,,,,
2408316,56526,Russia,4598839201,1777477950000,2026-04-29T15:52:30+00:00,50,1,1,4,8,9,12,15,17,19,,,,,,,,,,,,
2408284,56526,Russia,4598839081,1777477050000,2026-04-29T15:37:30+00:00,50,2,1,3,4,5,8,9,14,17,,,,,,,,,,,,
2408144,56526,Russia,4598838970,1777476150000,2026-04-29T15:22:30+00:00,60,,,,,,,,,,,,,,,,,,,,,
2408143,56526,Russia,4598838853,1777475250000,2026-04-29T15:07:30+00:00,60,,,,,,,,,,,,,,,,,,,,,
2408142,56526,Russia,4598838733,1777474350000,2026-04-29T14:52:30+00:00,60,,,,,,,,,,,,,,,,,,,,,
2408165,56526,Russia,4598838622,1777473450000,2026-04-29T14:37:30+00:00,50,2,3,7,8,9,10,13,14,16,,,,,,,,,,,,
2408133,56526,Russia,4598838517,1777472550000,2026-04-29T14:22:30+00:00,50,1,6,7,10,12,14,15,18,19,,,,,,,,,,,,
2408102,56526,Russia,4598838406,1777471650000,2026-04-29T14:07:30+00:00,50,3,2,3,7,10,12,16,19,20,,,,,,,,,,,,
2408070,56526,Russia,4598838295,1777470750000,2026-04-29T13:52:30+00:00,50,2,1,4,7,8,10,14,15,18,,,,,,,,,,,,
2408039,56526,Russia,4598838184,1777469850000,2026-04-29T13:37:30+00:00,50,1,1,6,8,9,10,15,16,19,,,,,,,,,,,,
2407926,56526,Russia,4598838082,1777468950000,2026-04-29T13:22:30+00:00,60,,,,,,,,,,,,,,,,,,,,,
2407925,56526,Russia,4598837965,1777468050000,2026-04-29T13:07:30+00:00,60,,,,,,,,,,,,,,,,,,,,,
2407946,56526,Russia,4598837845,1777467150000,2026-04-29T12:52:30+00:00,50,1,5,7,8,10,14,15,18,20,,,,,,,,,,,,
2407913,56526,Russia,4598837734,1777466250000,2026-04-29T12:37:30+00:00,50,4,2,4,5,8,9,16,18,19,,,,,,,,,,,,
2407883,56526,Russia,4598837626,1777465350000,2026-04-29T12:22:30+00:00,50,1,2,6,9,10,12,16,17,18,,,,,,,,,,,,
2407850,56526,Russia,4598837515,1777464450000,2026-04-29T12:07:30+00:00,50,4,3,4,10,11,12,13,15,18,,,,,,,,,,,,
2407819,56526,Russia,4598837398,1777463550000,2026-04-29T11:52:30+00:00,50,1,3,5,8,10,11,16,18,20,,,,,,,,,,,,
2407787,56526,Russia,4598837281,1777462650000,2026-04-29T11:37:30+00:00,50,2,1,2,4,8,12,13,17,18,,,,,,,,,,,,
2407755,56526,Russia,4598837176,1777461750000,2026-04-29T11:22:30+00:00,50,3,6,7,10,11,13,16,17,20,,,,,,,,,,,,
2407724,56526,Russia,4598837065,1777460850000,2026-04-29T11:07:30+00:00,50,1,1,3,9,13,14,18,19,20,,,,,,,,,,,,
2407639,56526,Russia,4598836954,1777459950000,2026-04-29T10:52:30+00:00,60,,,,,,,,,,,,,,,,,,,,,
2407661,56526,Russia,4598836834,1777459050000,2026-04-29T10:37:30+00:00,50,2,1,9,11,13,14,16,18,20,,,,,,,,,,,,
2407518,56526,Russia,4598836729,1777458150000,2026-04-29T10:22:30+00:00,60,,,,,,,,,,,,,,,,,,,,,
2407517,56526,Russia,4598836618,1777457250000,2026-04-29T10:07:30+00:00,60,,,,,,,,,,,,,,,,,,,,,
2407516,56526,Russia,4598836504,1777456350000,2026-04-29T09:52:30+00:00,60,,,,,,,,,,,,,,,,,,,,,
2407539,56526,Russia,4598836393,1777455450000,2026-04-29T09:37:30+00:00,50,1,2,5,9,10,11,13,15,19,,,,,,,,,,,,
2407507,56526,Russia,4598836285,1777454550000,2026-04-29T09:22:30+00:00,50,4,5,9,10,11,12,17,19,20,,,,,,,,,,,,
2407427,56526,Russia,4598836174,1777453650000,2026-04-29T09:07:30+00:00,60,,,,,,,,,,,,,,,,,,,,,
2407446,56526,Russia,4598836060,1777452750000,2026-04-29T08:52:30+00:00,50,1,1,2,4,6,9,10,17,18,,,,,,,,,,,,
2407412,56526,Russia,4598835949,1777451850000,2026-04-29T08:37:30+00:00,50,3,6,8,10,14,15,17,19,20,,,,,,,,,,,,
2407385,56526,Russia,4598835844,1777450950000,2026-04-29T08:22:30+00:00,50,1,2,3,4,5,6,7,9,20,,,,,,,,,,,,
2407353,56526,Russia,4598835733,1777450050000,2026-04-29T08:07:30+00:00,50,4,3,5,6,8,9,16,17,20,,,,,,,,,,,,
2407317,56526,Russia,4598835622,1777449150000,2026-04-29T07:52:30+00:00,50,4,2,4,5,10,15,17,19,20,,,,,,,,,,,,
2407291,56526,Russia,4598835511,1777448250000,2026-04-29T07:37:30+00:00,50,4,2,3,8,11,14,15,18,19,,,,,,,,,,,,
2407151,56526,Russia,4598835403,1777447350000,2026-04-29T07:22:30+00:00,60,,,,,,,,,,,,,,,,,,,,,
2407150,56526,Russia,4598835292,1777446450000,2026-04-29T07:07:30+00:00,60,,,,,,,,,,,,,,,,,,,,,
2407149,56526,Russia,4598835178,1777445550000,2026-04-29T06:52:30+00:00,60,,,,,,,,,,,,,,,,,,,,,
2407171,56526,Russia,4598835067,1777444650000,2026-04-29T06:37:30+00:00,50,1,1,6,9,10,11,15,16,19,,,,,,,,,,,,
2407140,56526,Russia,4598834965,1777443750000,2026-04-29T06:22:30+00:00,50,2,2,4,5,10,11,14,16,18,,,,,,,,,,,,
2407109,56526,Russia,4598834854,1777442850000,2026-04-29T06:07:30+00:00,50,1,1,4,5,8,9,11,13,20,,,,,,,,,,,,
2407081,56526,Russia,4598834752,1777441950000,2026-04-29T05:52:30+00:00,50,2,4,6,10,11,14,15,16,19,,,,,,,,,,,,
2407054,56526,Russia,4598834650,1777441050000,2026-04-29T05:37:30+00:00,50,1,2,5,8,10,12,13,18,20,,,,,,,,,,,,
2407029,56526,Russia,4598834557,1777440150000,2026-04-29T05:22:30+00:00,50,2,5,6,7,12,13,14,18,19,,,,,,,,,,,,
2406998,56526,Russia,4598834455,1777439250000,2026-04-29T05:07:30+00:00,50,1,2,6,10,11,16,18,19,20,,,,,,,,,,,,
2406976,56526,Russia,4598834365,1777438350000,2026-04-29T04:52:30+00:00,50,1,1,2,4,6,8,10,17,19,,,,,,,,,,,,
2406952,56526,Russia,4598834275,1777437450000,2026-04-29T04:37:30+00:00,50,3,1,2,6,9,10,12,13,19,,,,,,,,,,,,
2406929,56526,Russia,4598834197,1777436550000,2026-04-29T04:22:30+00:00,50,4,1,9,12,13,16,17,18,19,,,,,,,,,,,,
2406848,56526,Russia,4598834119,1777435650000,2026-04-29T04:07:30+00:00,50,2,1,5,8,10,11,12,14,20,,,,,,,,,,,,
2406829,56526,Russia,4598834047,1777434750000,2026-04-29T03:52:30+00:00,50,3,2,6,7,9,10,13,16,19,,,,,,,,,,,,
2406809,56526,Russia,4598833969,1777433850000,2026-04-29T03:37:30+00:00,50,2,3,4,9,12,14,15,16,20,,,,,,,,,,,,
2406785,56526,Russia,4598833894,1777432950000,2026-04-29T03:22:30+00:00,50,2,2,3,5,10,11,16,18,20,,,,,,,,,,,,
2406759,56526,Russia,4598833816,1777432050000,2026-04-29T03:07:30+00:00,50,2,2,5,7,11,12,16,18,19,,,,,,,,,,,,
2406738,56526,Russia,4598833744,1777431150000,2026-04-29T02:52:30+00:00,50,3,1,2,3,9,10,12,17,20,,,,,,,,,,,,
2406720,56526,Russia,4598833666,1777430250000,2026-04-29T02:37:30+00:00,50,1,2,5,11,15,17,18,19,20,,,,,,,,,,,,
2406702,56526,Russia,4598833591,1777429350000,2026-04-29T02:22:30+00:00,50,1,1,3,6,7,12,14,17,19,,,,,,,,,,,,
2406682,56526,Russia,4598833513,1777428450000,2026-04-29T02:07:30+00:00,50,2,1,6,9,11,13,14,15,20,,,,,,,,,,,,
2406665,56526,Russia,4598833441,1777427550000,2026-04-29T01:52:30+00:00,50,1,1,4,5,7,10,14,17,19,,,,,,,,,,,,
2406646,56526,Russia,4598833363,1777426650000,2026-04-29T01:37:30+00:00,50,4,2,4,5,6,8,16,19,20,,,,,,,,,,,,
2406627,56526,Russia,4598833288,1777425750000,2026-04-29T01:22:30+00:00,50,2,1,5,6,10,12,14,16,19,,,,,,,,,,,,
2406610,56526,Russia,4598833210,1777424850000,2026-04-29T01:07:30+00:00,50,1,2,3,5,6,7,14,15,18,,,,,,,,,,,,
2406591,56526,Russia,4598833138,1777423950000,2026-04-29T00:52:30+00:00,50,2,1,2,4,6,9,10,13,16,,,,,,,,,,,,
2406574,56526,Russia,4598833060,1777423050000,2026-04-29T00:37:30+00:00,50,1,1,3,9,10,11,12,16,20,,,,,,,,,,,,
2406557,56526,Russia,4598832985,1777422150000,2026-04-29T00:22:30+00:00,50,1,1,4,5,6,9,10,11,12,,,,,,,,,,,,
2406540,56526,Russia,4598832907,1777421250000,2026-04-29T00:07:30+00:00,50,1,4,5,6,9,10,14,18,19,,,,,,,,,,,,
2406520,56526,Russia,4596907003,1777420350000,2026-04-28T23:52:30+00:00,50,1,2,8,12,13,14,15,17,20,,,,,,,,,,,,
2406504,56526,Russia,4596906925,1777419450000,2026-04-28T23:37:30+00:00,50,3,3,5,6,8,10,12,19,20,,,,,,,,,,,,
2406485,56526,Russia,4596906850,1777418550000,2026-04-28T23:22:30+00:00,50,2,2,4,5,8,10,12,17,18,,,,,,,,,,,,
2406464,56526,Russia,4596906772,1777417650000,2026-04-28T23:07:30+00:00,50,3,1,2,10,11,12,13,14,18,,,,,,,,,,,,
2406443,56526,Russia,4596906700,1777416750000,2026-04-28T22:52:30+00:00,50,1,5,6,7,8,9,11,12,19,,,,,,,,,,,,
2406423,56526,Russia,4596906622,1777415850000,2026-04-28T22:37:30+00:00,50,4,2,3,6,8,9,12,14,18,,,,,,,,,,,,
2406404,56526,Russia,4596906547,1777414950000,2026-04-28T22:22:30+00:00,50,2,2,3,6,7,14,16,17,20,,,,,,,,,,,,
2406387,56526,Russia,4596906478,1777414050000,2026-04-28T22:07:30+00:00,50,2,5,7,9,11,13,16,17,20,,,,,,,,,,,,
2406368,56526,Russia,4596906436,1777413150000,2026-04-28T21:52:30+00:00,50,4,3,5,8,9,10,15,19,20,,,,,,,,,,,,
2406338,56526,Russia,4596906412,1777412250000,2026-04-28T21:37:30+00:00,50,2,2,7,12,14,16,17,18,19,,,,,,,,,,,,
2406310,56526,Russia,4596906388,1777411350000,2026-04-28T21:22:30+00:00,50,3,3,7,8,9,14,15,16,20,,,,,,,,,,,,
2406280,56526,Russia,4596906367,1777410450000,2026-04-28T21:07:30+00:00,50,1,2,4,6,11,12,16,17,18,,,,,,,,,,,,
2406249,56526,Russia,4596905152,1777409550000,2026-04-28T20:52:30+00:00,50,3,1,4,5,6,12,17,18,19,,,,,,,,,,,,
2406218,56526,Russia,4596905047,1777408650000,2026-04-28T20:37:30+00:00,50,2,1,6,8,12,13,14,17,20,,,,,,,,,,,,
2406122,56526,Russia,4596904954,1777407750000,2026-04-28T20:22:30+00:00,60,,,,,,,,,,,,,,,,,,,,,
2406145,56526,Russia,4596904846,1777406850000,2026-04-28T20:07:30+00:00,50,2,3,5,7,8,10,12,18,19,,,,,,,,,,,,
2406118,56526,Russia,4596904732,1777405950000,2026-04-28T19:52:30+00:00,50,3,1,2,3,12,15,17,18,20,,,,,,,,,,,,
2406073,56526,Russia,4596904609,1777405050000,2026-04-28T19:37:30+00:00,50,4,4,6,7,9,10,15,17,18,,,,,,,,,,,,
2405933,56526,Russia,4596904501,1777404150000,2026-04-28T19:22:30+00:00,60,,,,,,,,,,,,,,,,,,,,,
2405932,56526,Russia,4596904390,1777403250000,2026-04-28T19:07:30+00:00,60,,,,,,,,,,,,,,,,,,,,,
2405931,56526,Russia,4596904261,1777402350000,2026-04-28T18:52:30+00:00,60,,,,,,,,,,,,,,,,,,,,,
2405955,56526,Russia,4596904141,1777401450000,2026-04-28T18:37:30+00:00,50,2,3,6,7,8,14,15,19,20,,,,,,,,,,,,
2405920,56526,Russia,4596904018,1777400550000,2026-04-28T18:22:30+00:00,50,3,4,7,10,11,12,13,15,18,,,,,,,,,,,,
2405884,56526,Russia,4596903907,1777399650000,2026-04-28T18:07:30+00:00,50,3,1,5,9,10,11,13,14,17,,,,,,,,,,,,
2405853,56526,Russia,4596903772,1777398750000,2026-04-28T17:52:30+00:00,50,1,2,3,4,10,12,13,16,18,,,,,,,,,,,,
2405822,56526,Russia,4596903658,1777397850000,2026-04-28T17:37:30+00:00,50,3,1,4,6,8,12,14,15,19,,,,,,,,,,,,
2405791,56526,Russia,4596903550,1777396950000,2026-04-28T17:22:30+00:00,50,4,1,2,3,7,8,13,15,16,,,,,,,,,,,,
2405665,56526,Russia,4596903436,1777396050000,2026-04-28T17:07:30+00:00,60,,,,,,,,,,,,,,,,,,,,,
2405664,56526,Russia,4596903310,1777395150000,2026-04-28T16:52:30+00:00,60,,,,,,,,,,,,,,,,,,,,,
2405692,56526,Russia,4596903190,1777394250000,2026-04-28T16:37:30+00:00,50,1,1,2,8,9,15,16,18,19,,,,,,,,,,,,
2405649,56526,Russia,4596903079,1777393350000,2026-04-28T16:22:30+00:00,50,4,1,7,9,13,17,18,19,20,,,,,,,,,,,,
2405627,56526,Russia,4596902968,1777392450000,2026-04-28T16:07:30+00:00,50,1,4,7,10,11,13,17,18,19,,,,,,,,,,,,
2405595,56526,Russia,4596902854,1777391550000,2026-04-28T15:52:30+00:00,50,2,4,9,10,12,13,17,18,20,,,,,,,,,,,,
2405561,56526,Russia,4596902725,1777390650000,2026-04-28T15:37:30+00:00,50,1,2,8,10,13,14,15,19,20,,,,,,,,,,,,
2405420,56526,Russia,4596902617,1777389750000,2026-04-28T15:22:30+00:00,60,,,,,,,,,,,,,,,,,,,,,
2405419,56526,Russia,4596902506,1777388850000,2026-04-28T15:07:30+00:00,60,,,,,,,,,,,,,,,,,,,,,
2405418,56526,Russia,4596902389,1777387950000,2026-04-28T14:52:30+00:00,60,,,,,,,,,,,,,,,,,,,,,
2405441,56526,Russia,4596902278,1777387050000,2026-04-28T14:37:30+00:00,50,1,1,2,11,12,15,17,19,20,,,,,,,,,,,,
2405409,56526,Russia,4596902170,1777386150000,2026-04-28T14:22:30+00:00,50,3,1,4,5,7,10,13,15,20,,,,,,,,,,,,
2405378,56526,Russia,4596902059,1777385250000,2026-04-28T14:07:30+00:00,50,1,1,2,4,9,10,13,14,18,,,,,,,,,,,,
2405346,56526,Russia,4596901948,1777384350000,2026-04-28T13:52:30+00:00,50,3,1,2,6,12,15,16,18,19,,,,,,,,,,,,
2405315,56526,Russia,4596901837,1777383450000,2026-04-28T13:37:30+00:00,50,3,6,8,11,12,14,15,16,20,,,,,,,,,,,,
2405202,56526,Russia,4596901735,1777382550000,2026-04-28T13:22:30+00:00,60,,,,,,,,,,,,,,,,,,,,,
2405201,56526,Russia,4596901618,1777381650000,2026-04-28T13:07:30+00:00,60,,,,,,,,,,,,,,,,,,,,,
2405222,56526,Russia,4596901498,1777380750000,2026-04-28T12:52:30+00:00,50,3,1,2,5,6,7,8,15,18,,,,,,,,,,,,
2405189,56526,Russia,4596901387,1777379850000,2026-04-28T12:37:30+00:00,50,3,1,10,11,12,15,17,19,20,,,,,,,,,,,,
2405159,56526,Russia,4596901279,1777378950000,2026-04-28T12:22:30+00:00,50,2,1,5,6,7,9,12,15,17,,,,,,,,,,,,
2405128,56526,Russia,4596901168,1777378050000,2026-04-28T12:07:30+00:00,50,4,1,4,6,7,12,13,16,18,,,,,,,,,,,,
2405095,56526,Russia,4596901051,1777377150000,2026-04-28T11:52:30+00:00,50,3,2,10,11,12,15,16,17,18,,,,,,,,,,,,
2405063,56526,Russia,4596900934,1777376250000,2026-04-28T11:37:30+00:00,50,1,4,5,6,8,10,12,13,19,,,,,,,,,,,,
2405033,56526,Russia,4596900829,1777375350000,2026-04-28T11:22:30+00:00,50,1,2,3,4,5,9,12,13,18,,,,,,,,,,,,
2405001,56526,Russia,4596900718,1777374450000,2026-04-28T11:07:30+00:00,50,1,8,9,10,12,13,15,17,18,,,,,,,,,,,,
2404915,56526,Russia,4596900607,1777373550000,2026-04-28T10:52:30+00:00,60,,,,,,,,,,,,,,,,,,,,,
2404936,56526,Russia,4596900487,1777372650000,2026-04-28T10:37:30+00:00,50,3,1,3,4,5,7,14,16,17,,,,,,,,,,,,
2404795,56526,Russia,4596900382,1777371750000,2026-04-28T10:22:30+00:00,60,,,,,,,,,,,,,,,,,,,,,
2404794,56526,Russia,4596900271,1777370850000,2026-04-28T10:07:30+00:00,60,,,,,,,,,,,,,,,,,,,,,
2404793,56526,Russia,4596900157,1777369950000,2026-04-28T09:52:30+00:00,60,,,,,,,,,,,,,,,,,,,,,
2404816,56526,Russia,4596900046,1777369050000,2026-04-28T09:37:30+00:00,50,4,2,3,7,8,11,12,16,19,,,,,,,,,,,,
2404784,56526,Russia,4596899941,1777368150000,2026-04-28T09:22:30+00:00,50,1,2,4,5,7,8,10,17,18,,,,,,,,,,,,
2404704,56526,Russia,4596899830,1777367250000,2026-04-28T09:07:30+00:00,60,,,,,,,,,,,,,,,,,,,,,
2404723,56526,Russia,4596899716,1777366350000,2026-04-28T08:52:30+00:00,50,3,2,4,6,10,11,12,19,20,,,,,,,,,,,,
2404692,56526,Russia,4596899605,1777365450000,2026-04-28T08:37:30+00:00,50,4,4,7,11,12,13,17,19,20,,,,,,,,,,,,
2404663,56526,Russia,4596899500,1777364550000,2026-04-28T08:22:30+00:00,50,2,3,6,7,8,9,10,12,19,,,,,,,,,,,,
2404632,56526,Russia,4596899389,1777363650000,2026-04-28T08:07:30+00:00,50,1,1,3,12,13,14,15,16,19,,,,,,,,,,,,
2404600,56526,Russia,4596899278,1777362750000,2026-04-28T07:52:30+00:00,50,4,1,3,4,5,6,7,15,17,,,,,,,,,,,,
2404569,56526,Russia,4596899167,1777361850000,2026-04-28T07:37:30+00:00,50,4,6,10,11,12,14,16,17,19,,,,,,,,,,,,
2404429,56526,Russia,4596899062,1777360950000,2026-04-28T07:22:30+00:00,60,,,,,,,,,,,,,,,,,,,,,
2404428,56526,Russia,4596898951,1777360050000,2026-04-28T07:07:30+00:00,60,,,,,,,,,,,,,,,,,,,,,
2404427,56526,Russia,4596898837,1777359150000,2026-04-28T06:52:30+00:00,60,,,,,,,,,,,,,,,,,,,,,
2404449,56526,Russia,4596898726,1777358250000,2026-04-28T06:37:30+00:00,50,3,1,2,5,10,12,13,16,18,,,,,,,,,,,,
2404418,56526,Russia,4596898624,1777357350000,2026-04-28T06:22:30+00:00,50,1,1,2,5,7,14,15,16,19,,,,,,,,,,,,
2404387,56526,Russia,4596898513,1777356450000,2026-04-28T06:07:30+00:00,50,3,1,2,3,6,12,14,16,20,,,,,,,,,,,,
2404359,56526,Russia,4596898411,1777355550000,2026-04-28T05:52:30+00:00,50,1,2,3,5,7,9,12,16,19,,,,,,,,,,,,
2404332,56526,Russia,4596898309,1777354650000,2026-04-28T05:37:30+00:00,50,4,1,3,4,5,9,12,13,20,,,,,,,,,,,,
2404307,56526,Russia,4596898216,1777353750000,2026-04-28T05:22:30+00:00,50,2,1,2,7,9,15,16,17,18,,,,,,,,,,,,
2404277,56526,Russia,4596898114,1777352850000,2026-04-28T05:07:30+00:00,50,2,1,3,5,7,9,11,14,19,,,,,,,,,,,,
2404254,56526,Russia,4596898024,1777351950000,2026-04-28T04:52:30+00:00,50,4,2,8,10,11,12,15,17,20,,,,,,,,,,,,
2404230,56526,Russia,4596897934,1777351050000,2026-04-28T04:37:30+00:00,50,2,6,8,9,10,11,15,16,19,,,,,,,,,,,,
2404210,56526,Russia,4596897856,1777350150000,2026-04-28T04:22:30+00:00,50,4,2,4,9,11,14,16,17,20,,,,,,,,,,,,
2404190,56526,Russia,4596897778,1777349250000,2026-04-28T04:07:30+00:00,50,2,1,4,7,9,11,15,17,18,,,,,,,,,,,,
2404171,56526,Russia,4596897706,1777348350000,2026-04-28T03:52:30+00:00,50,4,1,3,7,10,12,13,14,19,,,,,,,,,,,,
2404147,56526,Russia,4596897628,1777347450000,2026-04-28T03:37:30+00:00,50,2,2,4,5,9,12,17,18,20,,,,,,,,,,,,
2404127,56526,Russia,4596897553,1777346550000,2026-04-28T03:22:30+00:00,50,3,2,3,7,12,13,16,18,19,,,,,,,,,,,,
2404098,56526,Russia,4596897475,1777345650000,2026-04-28T03:07:30+00:00,50,4,6,10,12,13,15,17,18,20,,,,,,,,,,,,
2404073,56526,Russia,4596897403,1777344750000,2026-04-28T02:52:30+00:00,50,3,2,3,6,7,13,14,18,20,,,,,,,,,,,,
2404051,56526,Russia,4596897325,1777343850000,2026-04-28T02:37:30+00:00,50,1,1,2,3,5,7,8,13,16,,,,,,,,,,,,
2404025,56526,Russia,4596897250,1777342950000,2026-04-28T02:22:30+00:00,50,3,1,2,3,9,12,16,19,20,,,,,,,,,,,,
2404001,56526,Russia,4596897172,1777342050000,2026-04-28T02:07:30+00:00,50,2,2,3,4,6,9,11,16,18,,,,,,,,,,,,
2403979,56526,Russia,4596897100,1777341150000,2026-04-28T01:52:30+00:00,50,2,1,2,5,7,8,9,13,16,,,,,,,,,,,,
2403959,56526,Russia,4596897022,1777340250000,2026-04-28T01:37:30+00:00,50,3,3,4,8,11,12,14,17,19,,,,,,,,,,,,
2403939,56526,Russia,4596896947,1777339350000,2026-04-28T01:22:30+00:00,50,3,1,2,5,8,11,15,18,20,,,,,,,,,,,,
2403919,56526,Russia,4596896869,1777338450000,2026-04-28T01:07:30+00:00,50,4,1,6,8,9,14,17,18,20,,,,,,,,,,,,
2403894,56526,Russia,4596896797,1777337550000,2026-04-28T00:52:30+00:00,50,4,4,6,7,12,13,15,16,18,,,,,,,,,,,,
2403875,56526,Russia,4596896719,1777336650000,2026-04-28T00:37:30+00:00,50,3,5,6,7,8,9,12,17,19,,,,,,,,,,,,
2403856,56526,Russia,4596896644,1777335750000,2026-04-28T00:22:30+00:00,50,1,1,2,5,6,9,12,14,17,,,,,,,,,,,,
2403835,56526,Russia,4596896566,1777334850000,2026-04-28T00:07:30+00:00,50,1,1,3,7,9,10,12,14,18,,,,,,,,,,,,
2403809,56526,Russia,4595029234,1777333950000,2026-04-27T23:52:30+00:00,50,3,1,4,5,9,10,11,13,20,,,,,,,,,,,,
2403790,56526,Russia,4595029156,1777333050000,2026-04-27T23:37:30+00:00,50,4,2,3,4,13,16,18,19,20,,,,,,,,,,,,
2403764,56526,Russia,4595029081,1777332150000,2026-04-27T23:22:30+00:00,50,3,2,4,8,14,15,16,17,20,,,,,,,,,,,,
2403741,56526,Russia,4595029003,1777331250000,2026-04-27T23:07:30+00:00,50,3,3,5,7,10,13,14,16,18,,,,,,,,,,,,
2403718,56526,Russia,4595028931,1777330350000,2026-04-27T22:52:30+00:00,50,2,3,5,7,9,11,13,18,19,,,,,,,,,,,,
2403695,56526,Russia,4595028853,1777329450000,2026-04-27T22:37:30+00:00,50,1,5,6,7,8,10,13,15,17,,,,,,,,,,,,
2403673,56526,Russia,4595028778,1777328550000,2026-04-27T22:22:30+00:00,50,3,5,7,8,11,14,15,16,19,,,,,,,,,,,,
2403653,56526,Russia,4595028709,1777327650000,2026-04-27T22:07:30+00:00,50,2,2,3,9,10,11,12,17,20,,,,,,,,,,,,
2403627,56526,Russia,4595028667,1777326750000,2026-04-27T21:52:30+00:00,50,4,5,6,7,8,13,17,19,20,,,,,,,,,,,,
2403603,56526,Russia,4595028643,1777325850000,2026-04-27T21:37:30+00:00,50,2,2,4,5,6,9,11,12,20,,,,,,,,,,,,
2403575,56526,Russia,4595028619,1777324950000,2026-04-27T21:22:30+00:00,50,3,2,4,5,7,9,15,16,17,,,,,,,,,,,,
2403542,56526,Russia,4595028598,1777324050000,2026-04-27T21:07:30+00:00,50,2,1,2,4,11,12,15,16,18,,,,,,,,,,,,
2403514,56526,Russia,4595027371,1777323150000,2026-04-27T20:52:30+00:00,50,4,1,2,5,6,13,17,18,19,,,,,,,,,,,,
2403483,56526,Russia,4595027266,1777322250000,2026-04-27T20:37:30+00:00,50,3,2,6,7,11,12,14,15,18,,,,,,,,,,,,
2403394,56526,Russia,4595027173,1777321350000,2026-04-27T20:22:30+00:00,60,,,,,,,,,,,,,,,,,,,,,
2403418,56526,Russia,4595027065,1777320450000,2026-04-27T20:07:30+00:00,50,1,2,4,8,13,15,16,17,20,,,,,,,,,,,,
2403385,56526,Russia,4595026951,1777319550000,2026-04-27T19:52:30+00:00,50,2,1,4,5,6,8,18,19,20,,,,,,,,,,,,
2403353,56526,Russia,4595026831,1777318650000,2026-04-27T19:37:30+00:00,50,1,2,4,7,9,10,13,15,18,,,,,,,,,,,,
2403194,56526,Russia,4595026723,1777317750000,2026-04-27T19:22:30+00:00,60,,,,,,,,,,,,,,,,,,,,,
2403193,56526,Russia,4595026612,1777316850000,2026-04-27T19:07:30+00:00,60,,,,,,,,,,,,,,,,,,,,,
2403192,56526,Russia,4595026495,1777315950000,2026-04-27T18:52:30+00:00,60,,,,,,,,,,,,,,,,,,,,,
2403227,56526,Russia,4595026378,1777315050000,2026-04-27T18:37:30+00:00,50,1,3,6,7,9,10,13,16,18,,,,,,,,,,,,
2403188,56526,Russia,4595026258,1777314150000,2026-04-27T18:22:30+00:00,50,3,5,7,8,13,15,17,18,19,,,,,,,,,,,,
2403160,56526,Russia,4595026141,1777313250000,2026-04-27T18:07:30+00:00,50,3,1,3,12,13,14,17,18,20,,,,,,,,,,,,
2403126,56526,Russia,4595026015,1777312350000,2026-04-27T17:52:30+00:00,50,2,1,4,5,6,12,14,17,19,,,,,,,,,,,,
2403095,56526,Russia,4595025901,1777311450000,2026-04-27T17:37:30+00:00,50,3,2,3,4,7,8,12,13,15,,,,,,,,,,,,
2403064,56526,Russia,4595025793,1777310550000,2026-04-27T17:22:30+00:00,50,2,1,9,10,12,14,15,17,19,,,,,,,,,,,,
2402943,56526,Russia,4595025679,1777309650000,2026-04-27T17:07:30+00:00,60,,,,,,,,,,,,,,,,,,,,,
2402942,56526,Russia,4595025553,1777308750000,2026-04-27T16:52:30+00:00,60,,,,,,,,,,,,,,,,,,,,,
2402965,56526,Russia,4595025433,1777307850000,2026-04-27T16:37:30+00:00,50,2,1,5,11,12,13,18,19,20,,,,,,,,,,,,
2402931,56526,Russia,4595025322,1777306950000,2026-04-27T16:22:30+00:00,50,4,1,8,9,12,13,14,17,20,,,,,,,,,,,,
2402899,56526,Russia,4595025211,1777306050000,2026-04-27T16:07:30+00:00,50,4,3,4,8,10,13,16,19,20,,,,,,,,,,,,
2402868,56526,Russia,4595025097,1777305150000,2026-04-27T15:52:30+00:00,50,2,1,2,3,4,6,9,11,18,,,,,,,,,,,,
2402834,56526,Russia,4595024974,1777304250000,2026-04-27T15:37:30+00:00,50,3,4,5,6,7,8,11,13,20,,,,,,,,,,,,
2402694,56526,Russia,4595024866,1777303350000,2026-04-27T15:22:30+00:00,60,,,,,,,,,,,,,,,,,,,,,
2402693,56526,Russia,4595024755,1777302450000,2026-04-27T15:07:30+00:00,60,,,,,,,,,,,,,,,,,,,,,
2402692,56526,Russia,4595024638,1777301550000,2026-04-27T14:52:30+00:00,60,,,,,,,,,,,,,,,,,,,,,
2402715,56526,Russia,4595024527,1777300650000,2026-04-27T14:37:30+00:00,50,3,2,3,5,7,9,15,17,19,,,,,,,,,,,,
2402683,56526,Russia,4595024422,1777299750000,2026-04-27T14:22:30+00:00,50,4,3,6,7,9,10,13,15,18,,,,,,,,,,,,
2402652,56526,Russia,4595024311,1777298850000,2026-04-27T14:07:30+00:00,50,3,5,10,11,13,16,17,18,20,,,,,,,,,,,,
2402620,56526,Russia,4595024200,1777297950000,2026-04-27T13:52:30+00:00,50,2,1,5,6,7,9,13,14,16,,,,,,,,,,,,
2402589,56526,Russia,4595024089,1777297050000,2026-04-27T13:37:30+00:00,50,1,4,5,6,8,10,12,13,14,,,,,,,,,,,,
2402475,56526,Russia,4595023987,1777296150000,2026-04-27T13:22:30+00:00,60,,,,,,,,,,,,,,,,,,,,,
2402474,56526,Russia,4595023870,1777295250000,2026-04-27T13:07:30+00:00,60,,,,,,,,,,,,,,,,,,,,,
2402495,56526,Russia,4595023747,1777294350000,2026-04-27T12:52:30+00:00,50,4,1,2,7,8,11,15,16,17,,,,,,,,,,,,
2402462,56526,Russia,4595023636,1777293450000,2026-04-27T12:37:30+00:00,50,2,6,8,11,13,15,18,19,20,,,,,,,,,,,,
2402432,56526,Russia,4595023528,1777292550000,2026-04-27T12:22:30+00:00,50,1,1,5,6,8,13,16,17,18,,,,,,,,,,,,
2402401,56526,Russia,4595023417,1777291650000,2026-04-27T12:07:30+00:00,50,1,1,2,6,13,15,16,18,19,,,,,,,,,,,,
2402368,56526,Russia,4595023300,1777290750000,2026-04-27T11:52:30+00:00,50,4,1,8,9,12,13,15,17,19,,,,,,,,,,,,
2402336,56526,Russia,4595023183,1777289850000,2026-04-27T11:37:30+00:00,50,4,2,5,6,8,11,14,19,20,,,,,,,,,,,,
2402306,56526,Russia,4595023078,1777288950000,2026-04-27T11:22:30+00:00,50,3,2,3,5,11,13,16,17,19,,,,,,,,,,,,
2402275,56526,Russia,4595022967,1777288050000,2026-04-27T11:07:30+00:00,50,2,1,7,10,11,12,14,15,20,,,,,,,,,,,,
2402188,56526,Russia,4595022856,1777287150000,2026-04-27T10:52:30+00:00,60,,,,,,,,,,,,,,,,,,,,,
2402211,56526,Russia,4595022736,1777286250000,2026-04-27T10:37:30+00:00,50,2,1,3,6,8,10,13,18,20,,,,,,,,,,,,
2402065,56526,Russia,4595022628,1777285350000,2026-04-27T10:22:30+00:00,60,,,,,,,,,,,,,,,,,,,,,
2402064,56526,Russia,4595022517,1777284450000,2026-04-27T10:07:30+00:00,60,,,,,,,,,,,,,,,,,,,,,
2402063,56526,Russia,4595022403,1777283550000,2026-04-27T09:52:30+00:00,60,,,,,,,,,,,,,,,,,,,,,
2402086,56526,Russia,4595022289,1777282650000,2026-04-27T09:37:30+00:00,50,4,2,7,8,9,10,12,17,18,,,,,,,,,,,,
2402054,56526,Russia,4595022181,1777281750000,2026-04-27T09:22:30+00:00,50,3,1,3,6,9,12,13,16,20,,,,,,,,,,,,
2401974,56526,Russia,4595022070,1777280850000,2026-04-27T09:07:30+00:00,60,,,,,,,,,,,,,,,,,,,,,
2401993,56526,Russia,4595021956,1777279950000,2026-04-27T08:52:30+00:00,50,1,3,4,5,7,9,12,19,20,,,,,,,,,,,,
2401962,56526,Russia,4595021845,1777279050000,2026-04-27T08:37:30+00:00,50,1,2,4,5,6,7,13,18,19,,,,,,,,,,,,
2401933,56526,Russia,4595021740,1777278150000,2026-04-27T08:22:30+00:00,50,2,1,2,3,4,10,12,13,19,,,,,,,,,,,,
2401901,56526,Russia,4595021629,1777277250000,2026-04-27T08:07:30+00:00,50,1,2,4,5,8,10,11,13,16,,,,,,,,,,,,
2401870,56526,Russia,4595021518,1777276350000,2026-04-27T07:52:30+00:00,50,4,1,3,7,9,12,13,14,19,,,,,,,,,,,,
2401839,56526,Russia,4595021407,1777275450000,2026-04-27T07:37:30+00:00,50,4,1,5,12,16,17,18,19,20,,,,,,,,,,,,
2401698,56526,Russia,4595021302,1777274550000,2026-04-27T07:22:30+00:00,60,,,,,,,,,,,,,,,,,,,,,
2401697,56526,Russia,4595021191,1777273650000,2026-04-27T07:07:30+00:00,60,,,,,,,,,,,,,,,,,,,,,
2401696,56526,Russia,4595021077,1777272750000,2026-04-27T06:52:30+00:00,60,,,,,,,,,,,,,,,,,,,,,
2401718,56526,Russia,4595020966,1777271850000,2026-04-27T06:37:30+00:00,50,2,2,9,10,11,14,15,16,18,,,,,,,,,,,,
2401687,56526,Russia,4595020864,1777270950000,2026-04-27T06:22:30+00:00,50,3,2,4,7,9,13,14,15,20,,,,,,,,,,,,
2401656,56526,Russia,4595020753,1777270050000,2026-04-27T06:07:30+00:00,50,1,3,8,9,11,12,18,19,20,,,,,,,,,,,,
2401628,56526,Russia,4595020651,1777269150000,2026-04-27T05:52:30+00:00,50,3,1,2,6,11,15,17,19,20,,,,,,,,,,,,
2401601,56526,Russia,4595020549,1777268250000,2026-04-27T05:37:30+00:00,50,4,2,7,8,10,14,15,19,20,,,,,,,,,,,,
2401576,56526,Russia,4595020456,1777267350000,2026-04-27T05:22:30+00:00,50,3,1,3,4,5,11,16,19,20,,,,,,,,,,,,
2401547,56526,Russia,4595020354,1777266450000,2026-04-27T05:07:30+00:00,50,4,4,7,10,12,16,18,19,20,,,,,,,,,,,,
2401523,56526,Russia,4595020264,1777265550000,2026-04-27T04:52:30+00:00,50,4,5,6,10,12,15,16,17,19,,,,,,,,,,,,
2401499,56526,Russia,4595020174,1777264650000,2026-04-27T04:37:30+00:00,50,3,1,2,3,8,9,15,16,20,,,,,,,,,,,,
2401479,56526,Russia,4595020096,1777263750000,2026-04-27T04:22:30+00:00,50,2,4,7,10,11,12,14,17,19,,,,,,,,,,,,
2401459,56526,Russia,4595020018,1777262850000,2026-04-27T04:07:30+00:00,50,2,2,3,6,8,9,10,11,19,,,,,,,,,,,,
2401441,56526,Russia,4595019946,1777261950000,2026-04-27T03:52:30+00:00,50,3,1,2,4,7,8,10,12,14,,,,,,,,,,,,
2401420,56526,Russia,4595019868,1777261050000,2026-04-27T03:37:30+00:00,50,3,1,7,8,9,11,14,15,18,,,,,,,,,,,,
2401376,56526,Russia,4595019793,1777260150000,2026-04-27T03:22:30+00:00,50,1,5,9,10,11,13,16,17,18,,,,,,,,,,,,
2401332,56526,Russia,4595019715,1777259250000,2026-04-27T03:07:30+00:00,50,2,1,4,7,8,9,14,15,20,,,,,,,,,,,,
2401406,56526,Russia,4595019643,1777258350000,2026-04-27T02:52:30+00:00,60,,,,,,,,,,,,,,,,,,,,,
2401405,56526,Russia,4595019565,1777257450000,2026-04-27T02:37:30+00:00,60,,,,,,,,,,,,,,,,,,,,,
2401403,56526,Russia,4595019490,1777256550000,2026-04-27T02:22:30+00:00,60,,,,,,,,,,,,,,,,,,,,,
2401401,56526,Russia,4595019412,1777255650000,2026-04-27T02:07:30+00:00,60,,,,,,,,,,,,,,,,,,,,,
2401399,56526,Russia,4595019340,1777254750000,2026-04-27T01:52:30+00:00,60,,,,,,,,,,,,,,,,,,,,,
2401390,56526,Russia,4595019262,1777253850000,2026-04-27T01:37:30+00:00,60,,,,,,,,,,,,,,,,,,,,,
2401388,56526,Russia,4595019187,1777252950000,2026-04-27T01:22:30+00:00,60,,,,,,,,,,,,,,,,,,,,,
2401386,56526,Russia,4595019109,1777252050000,2026-04-27T01:07:30+00:00,60,,,,,,,,,,,,,,,,,,,,,
2401384,56526,Russia,4595019037,1777251150000,2026-04-27T00:52:30+00:00,60,,,,,,,,,,,,,,,,,,,,,
2401382,56526,Russia,4595018959,1777250250000,2026-04-27T00:37:30+00:00,60,,,,,,,,,,,,,,,,,,,,,
2401380,56526,Russia,4595018884,1777249350000,2026-04-27T00:22:30+00:00,60,,,,,,,,,,,,,,,,,,,,,
2401378,56526,Russia,4595018806,1777248450000,2026-04-27T00:07:30+00:00,60,,,,,,,,,,,,,,,,,,,,,
2401366,56526,Russia,4593211594,1777247550000,2026-04-26T23:52:30+00:00,60,,,,,,,,,,,,,,,,,,,,,
2401365,56526,Russia,4593211516,1777246650000,2026-04-26T23:37:30+00:00,60,,,,,,,,,,,,,,,,,,,,,
2401363,56526,Russia,4593211441,1777245750000,2026-04-26T23:22:30+00:00,60,,,,,,,,,,,,,,,,,,,,,
2401361,56526,Russia,4593211363,1777244850000,2026-04-26T23:07:30+00:00,60,,,,,,,,,,,,,,,,,,,,,
2401359,56526,Russia,4593211291,1777243950000,2026-04-26T22:52:30+00:00,60,,,,,,,,,,,,,,,,,,,,,
2401357,56526,Russia,4593211213,1777243050000,2026-04-26T22:37:30+00:00,60,,,,,,,,,,,,,,,,,,,,,
2401355,56526,Russia,4593211138,1777242150000,2026-04-26T22:22:30+00:00,60,,,,,,,,,,,,,,,,,,,,,
2401336,56526,Russia,4593211069,1777241250000,2026-04-26T22:07:30+00:00,60,,,,,,,,,,,,,,,,,,,,,
2400923,56526,Russia,4593211027,1777240350000,2026-04-26T21:52:30+00:00,50,3,4,5,8,9,10,11,14,15,,,,,,,,,,,,
2400893,56526,Russia,4593211003,1777239450000,2026-04-26T21:37:30+00:00,50,1,3,4,5,8,9,14,16,19,,,,,,,,,,,,
2400864,56526,Russia,4593210979,1777238550000,2026-04-26T21:22:30+00:00,50,3,1,3,8,9,13,14,15,16,,,,,,,,,,,,
2400834,56526,Russia,4593210958,1777237650000,2026-04-26T21:07:30+00:00,50,3,2,3,4,5,6,10,11,15,,,,,,,,,,,,
2400803,56526,Russia,4593209752,1777236750000,2026-04-26T20:52:30+00:00,50,1,5,6,8,12,14,16,17,18,,,,,,,,,,,,
2400772,56526,Russia,4593209647,1777235850000,2026-04-26T20:37:30+00:00,50,4,1,2,3,4,5,11,18,20,,,,,,,,,,,,
2400684,56526,Russia,4593209554,1777234950000,2026-04-26T20:22:30+00:00,60,,,,,,,,,,,,,,,,,,,,,
2400708,56526,Russia,4593209446,1777234050000,2026-04-26T20:07:30+00:00,50,3,1,4,5,6,8,11,14,20,,,,,,,,,,,,
2400675,56526,Russia,4593209332,1777233150000,2026-04-26T19:52:30+00:00,50,3,1,2,5,9,11,13,14,20,,,,,,,,,,,,
2400644,56526,Russia,4593209215,1777232250000,2026-04-26T19:37:30+00:00,50,2,5,6,7,11,13,17,18,20,,,,,,,,,,,,
2400496,56526,Russia,4593209104,1777231350000,2026-04-26T19:22:30+00:00,60,,,,,,,,,,,,,,,,,,,,,
2400495,56526,Russia,4593208993,1777230450000,2026-04-26T19:07:30+00:00,60,,,,,,,,,,,,,,,,,,,,,
2400494,56526,Russia,4593208873,1777229550000,2026-04-26T18:52:30+00:00,60,,,,,,,,,,,,,,,,,,,,,
2400518,56526,Russia,4593208759,1777228650000,2026-04-26T18:37:30+00:00,50,1,2,3,4,5,8,15,18,20,,,,,,,,,,,,
2400485,56526,Russia,4593208642,1777227750000,2026-04-26T18:22:30+00:00,50,1,3,4,10,11,13,15,17,18,,,,,,,,,,,,
2400453,56526,Russia,4593208531,1777226850000,2026-04-26T18:07:30+00:00,50,4,1,4,6,12,15,16,18,19,,,,,,,,,,,,
2400419,56526,Russia,4593208405,1777225950000,2026-04-26T17:52:30+00:00,50,1,1,5,8,12,13,15,16,19,,,,,,,,,,,,
2400388,56526,Russia,4593208291,1777225050000,2026-04-26T17:37:30+00:00,50,3,1,2,6,7,10,11,13,19,,,,,,,,,,,,
2400358,56526,Russia,4593208186,1777224150000,2026-04-26T17:22:30+00:00,50,2,1,4,7,12,15,17,19,20,,,,,,,,,,,,
2400237,56526,Russia,4593208069,1777223250000,2026-04-26T17:07:30+00:00,60,,,,,,,,,,,,,,,,,,,,,
2400236,56526,Russia,4593207943,1777222350000,2026-04-26T16:52:30+00:00,60,,,,,,,,,,,,,,,,,,,,,
2400257,56526,Russia,4593207823,1777221450000,2026-04-26T16:37:30+00:00,50,4,4,9,10,11,12,13,14,19,,,,,,,,,,,,
2400225,56526,Russia,4593207712,1777220550000,2026-04-26T16:22:30+00:00,50,2,2,3,9,10,17,18,19,20,,,,,,,,,,,,
2400192,56526,Russia,4593207601,1777219650000,2026-04-26T16:07:30+00:00,50,1,4,5,6,8,9,10,12,14,,,,,,,,,,,,
2400160,56526,Russia,4593207487,1777218750000,2026-04-26T15:52:30+00:00,50,2,2,3,5,8,9,14,18,20,,,,,,,,,,,,
2400127,56526,Russia,4593207367,1777217850000,2026-04-26T15:37:30+00:00,50,3,1,2,4,6,7,8,15,19,,,,,,,,,,,,
2399988,56526,Russia,4593207253,1777216950000,2026-04-26T15:22:30+00:00,60,,,,,,,,,,,,,,,,,,,,,
2399987,56526,Russia,4593207142,1777216050000,2026-04-26T15:07:30+00:00,60,,,,,,,,,,,,,,,,,,,,,
2399986,56526,Russia,4593207028,1777215150000,2026-04-26T14:52:30+00:00,60,,,,,,,,,,,,,,,,,,,,,
2400009,56526,Russia,4593206917,1777214250000,2026-04-26T14:37:30+00:00,50,1,2,6,10,12,14,15,18,20,,,,,,,,,,,,
2399977,56526,Russia,4593206812,1777213350000,2026-04-26T14:22:30+00:00,50,3,1,2,8,12,14,16,19,20,,,,,,,,,,,,
2399946,56526,Russia,4593206701,1777212450000,2026-04-26T14:07:30+00:00,50,3,5,6,7,8,9,16,18,20,,,,,,,,,,,,
2399914,56526,Russia,4593206590,1777211550000,2026-04-26T13:52:30+00:00,50,4,2,4,7,10,15,18,19,20,,,,,,,,,,,,
2399883,56526,Russia,4593206479,1777210650000,2026-04-26T13:37:30+00:00,50,4,4,6,7,10,11,16,17,19,,,,,,,,,,,,
2399769,56526,Russia,4593206377,1777209750000,2026-04-26T13:22:30+00:00,60,,,,,,,,,,,,,,,,,,,,,
2399768,56526,Russia,4593206260,1777208850000,2026-04-26T13:07:30+00:00,60,,,,,,,,,,,,,,,,,,,,,
2399789,56526,Russia,4593206140,1777207950000,2026-04-26T12:52:30+00:00,50,4,2,7,13,14,15,16,17,19,,,,,,,,,,,,
2399755,56526,Russia,4593206029,1777207050000,2026-04-26T12:37:30+00:00,50,2,2,3,5,7,11,12,19,20,,,,,,,,,,,,
2399726,56526,Russia,4593205921,1777206150000,2026-04-26T12:22:30+00:00,50,4,2,3,5,6,7,8,10,13,,,,,,,,,,,,
2399694,56526,Russia,4593205810,1777205250000,2026-04-26T12:07:30+00:00,50,3,3,5,7,8,13,14,15,19,,,,,,,,,,,,
2399662,56526,Russia,4593205693,1777204350000,2026-04-26T11:52:30+00:00,50,4,1,3,7,12,15,16,17,20,,,,,,,,,,,,
2399630,56526,Russia,4593205576,1777203450000,2026-04-26T11:37:30+00:00,50,4,2,6,8,9,10,15,16,18,,,,,,,,,,,,
2399601,56526,Russia,4593205471,1777202550000,2026-04-26T11:22:30+00:00,50,1,1,10,11,12,13,14,16,17,,,,,,,,,,,,
2399570,56526,Russia,4593205360,1777201650000,2026-04-26T11:07:30+00:00,50,1,2,6,7,10,14,15,18,19,,,,,,,,,,,,
2399485,56526,Russia,4593205249,1777200750000,2026-04-26T10:52:30+00:00,60,,,,,,,,,,,,,,,,,,,,,
2399506,56526,Russia,4593205129,1777199850000,2026-04-26T10:37:30+00:00,50,1,1,7,9,10,12,15,16,18,,,,,,,,,,,,
2399364,56526,Russia,4593205024,1777198950000,2026-04-26T10:22:30+00:00,60,,,,,,,,,,,,,,,,,,,,,
2399363,56526,Russia,4593204913,1777198050000,2026-04-26T10:07:30+00:00,60,,,,,,,,,,,,,,,,,,,,,
2399362,56526,Russia,4593204799,1777197150000,2026-04-26T09:52:30+00:00,60,,,,,,,,,,,,,,,,,,,,,
2399385,56526,Russia,4593204688,1777196250000,2026-04-26T09:37:30+00:00,50,2,4,7,13,14,16,18,19,20,,,,,,,,,,,,
2399353,56526,Russia,4593204583,1777195350000,2026-04-26T09:22:30+00:00,50,2,2,7,9,12,14,15,16,19,,,,,,,,,,,,
2399272,56526,Russia,4593204472,1777194450000,2026-04-26T09:07:30+00:00,60,,,,,,,,,,,,,,,,,,,,,
2399291,56526,Russia,4593204358,1777193550000,2026-04-26T08:52:30+00:00,50,2,1,8,10,11,12,15,18,20,,,,,,,,,,,,
2399259,56526,Russia,4593204247,1777192650000,2026-04-26T08:37:30+00:00,50,1,4,6,7,8,10,13,19,20,,,,,,,,,,,,
2399231,56526,Russia,4593204142,1777191750000,2026-04-26T08:22:30+00:00,50,1,2,6,7,13,14,15,19,20,,,,,,,,,,,,
2399199,56526,Russia,4593204031,1777190850000,2026-04-26T08:07:30+00:00,50,1,7,9,12,14,17,18,19,20,,,,,,,,,,,,
2399168,56526,Russia,4593203920,1777189950000,2026-04-26T07:52:30+00:00,50,4,8,9,11,12,15,16,18,20,,,,,,,,,,,,
2399136,56526,Russia,4593203809,1777189050000,2026-04-26T07:37:30+00:00,50,3,5,6,8,13,14,17,18,19,,,,,,,,,,,,
2398997,56526,Russia,4593203704,1777188150000,2026-04-26T07:22:30+00:00,60,,,,,,,,,,,,,,,,,,,,,
2398996,56526,Russia,4593203593,1777187250000,2026-04-26T07:07:30+00:00,60,,,,,,,,,,,,,,,,,,,,,
2398995,56526,Russia,4593203479,1777186350000,2026-04-26T06:52:30+00:00,60,,,,,,,,,,,,,,,,,,,,,
2399017,56526,Russia,4593203368,1777185450000,2026-04-26T06:37:30+00:00,50,2,2,4,8,9,14,15,17,19,,,,,,,,,,,,
2398986,56526,Russia,4593203266,1777184550000,2026-04-26T06:22:30+00:00,50,4,6,9,10,11,13,17,18,19,,,,,,,,,,,,
2398954,56526,Russia,4593203155,1777183650000,2026-04-26T06:07:30+00:00,50,4,1,2,9,11,13,14,19,20,,,,,,,,,,,,
2398927,56526,Russia,4593203053,1777182750000,2026-04-26T05:52:30+00:00,50,2,1,3,6,12,13,16,17,19,,,,,,,,,,,,
2398903,56526,Russia,4593202951,1777181850000,2026-04-26T05:37:30+00:00,50,4,2,3,10,12,13,16,17,19,,,,,,,,,,,,
2398875,56526,Russia,4593202858,1777180950000,2026-04-26T05:22:30+00:00,50,1,2,4,6,8,10,13,15,16,,,,,,,,,,,,
2398846,56526,Russia,4593202756,1777180050000,2026-04-26T05:07:30+00:00,50,4,2,3,6,11,12,13,15,20,,,,,,,,,,,,
2398819,56526,Russia,4593202666,1777179150000,2026-04-26T04:52:30+00:00,50,2,1,2,3,4,9,12,17,19,,,,,,,,,,,,
2398795,56526,Russia,4593202576,1777178250000,2026-04-26T04:37:30+00:00,50,1,3,5,7,8,11,14,16,18,,,,,,,,,,,,
2398774,56526,Russia,4593202498,1777177350000,2026-04-26T04:22:30+00:00,50,3,4,9,10,13,14,16,19,20,,,,,,,,,,,,
2398752,56526,Russia,4593202420,1777176450000,2026-04-26T04:07:30+00:00,50,4,1,6,9,13,15,16,18,19,,,,,,,,,,,,
2398732,56526,Russia,4593202348,1777175550000,2026-04-26T03:52:30+00:00,50,2,1,5,7,9,11,17,19,20,,,,,,,,,,,,
2398708,56526,Russia,4593202270,1777174650000,2026-04-26T03:37:30+00:00,50,2,5,7,9,10,13,14,15,17,,,,,,,,,,,,
2398688,56526,Russia,4593202195,1777173750000,2026-04-26T03:22:30+00:00,50,4,2,3,5,8,13,14,16,18,,,,,,,,,,,,
2398658,56526,Russia,4593202117,1777172850000,2026-04-26T03:07:30+00:00,50,1,6,8,9,11,12,13,16,20,,,,,,,,,,,,
2398633,56526,Russia,4593202045,1777171950000,2026-04-26T02:52:30+00:00,50,4,4,5,8,12,13,14,15,16,,,,,,,,,,,,
2398607,56526,Russia,4593201967,1777171050000,2026-04-26T02:37:30+00:00,50,3,1,2,6,8,10,16,18,20,,,,,,,,,,,,
2398584,56526,Russia,4593201892,1777170150000,2026-04-26T02:22:30+00:00,50,3,1,6,9,10,11,12,13,18,,,,,,,,,,,,
2398558,56526,Russia,4593201814,1777169250000,2026-04-26T02:07:30+00:00,50,1,1,2,3,5,8,9,16,19,,,,,,,,,,,,
2398538,56526,Russia,4593201742,1777168350000,2026-04-26T01:52:30+00:00,50,4,4,7,9,11,14,15,17,19,,,,,,,,,,,,
2398517,56526,Russia,4593201664,1777167450000,2026-04-26T01:37:30+00:00,50,3,2,5,7,9,12,16,19,20,,,,,,,,,,,,
2398497,56526,Russia,4593201589,1777166550000,2026-04-26T01:22:30+00:00,50,2,3,5,8,9,10,14,17,18,,,,,,,,,,,,
2398477,56526,Russia,4593201511,1777165650000,2026-04-26T01:07:30+00:00,50,4,3,8,9,11,12,14,15,17,,,,,,,,,,,,
2398454,56526,Russia,4593201439,1777164750000,2026-04-26T00:52:30+00:00,50,4,3,5,7,11,12,14,16,17,,,,,,,,,,,,
2398433,56526,Russia,4593201361,1777163850000,2026-04-26T00:37:30+00:00,50,4,1,6,8,10,11,12,16,19,,,,,,,,,,,,
2398412,56526,Russia,4593201286,1777162950000,2026-04-26T00:22:30+00:00,50,1,4,5,11,13,16,17,18,20,,,,,,,,,,,,
2398390,56526,Russia,4593201208,1777162050000,2026-04-26T00:07:30+00:00,50,4,1,6,8,10,11,14,15,19,,,,,,,,,,,,
2398369,56526,Russia,4591203316,1777161150000,2026-04-25T23:52:30+00:00,50,3,2,6,7,8,10,14,15,16,,,,,,,,,,,,
2398347,56526,Russia,4591203238,1777160250000,2026-04-25T23:37:30+00:00,50,1,1,8,12,13,14,15,16,17,,,,,,,,,,,,
2398326,56526,Russia,4591203163,1777159350000,2026-04-25T23:22:30+00:00,50,3,6,9,10,11,12,13,14,20,,,,,,,,,,,,
2398302,56526,Russia,4591203085,1777158450000,2026-04-25T23:07:30+00:00,50,4,5,11,12,14,15,16,18,20,,,,,,,,,,,,
2398280,56526,Russia,4591203013,1777157550000,2026-04-25T22:52:30+00:00,50,2,2,4,5,8,15,17,18,19,,,,,,,,,,,,
2398257,56526,Russia,4591202935,1777156650000,2026-04-25T22:37:30+00:00,50,2,1,2,3,5,12,13,15,20,,,,,,,,,,,,
2398235,56526,Russia,4591202860,1777155750000,2026-04-25T22:22:30+00:00,50,1,3,6,7,9,10,12,14,15,,,,,,,,,,,,
2398215,56526,Russia,4591202791,1777154850000,2026-04-25T22:07:30+00:00,50,1,3,7,8,12,15,16,17,20,,,,,,,,,,,,
2398195,56526,Russia,4591202749,1777153950000,2026-04-25T21:52:30+00:00,50,2,3,5,8,12,14,15,17,18,,,,,,,,,,,,
2398165,56526,Russia,4591202725,1777153050000,2026-04-25T21:37:30+00:00,50,2,4,10,11,14,15,17,18,20,,,,,,,,,,,,
2398137,56526,Russia,4591202701,1777152150000,2026-04-25T21:22:30+00:00,50,2,1,4,5,7,11,13,15,17,,,,,,,,,,,,
2398106,56526,Russia,4591202680,1777151250000,2026-04-25T21:07:30+00:00,50,3,5,6,7,9,10,11,18,20,,,,,,,,,,,,
2398076,56526,Russia,4591201462,1777150350000,2026-04-25T20:52:30+00:00,50,1,2,4,6,10,12,15,16,17,,,,,,,,,,,,
2398045,56526,Russia,4591201357,1777149450000,2026-04-25T20:37:30+00:00,50,1,3,5,6,10,12,13,14,15,,,,,,,,,,,,
2397950,56526,Russia,4591201264,1777148550000,2026-04-25T20:22:30+00:00,60,,,,,,,,,,,,,,,,,,,,,
2397978,56526,Russia,4591201156,1777147650000,2026-04-25T20:07:30+00:00,50,1,2,4,7,11,12,14,17,18,,,,,,,,,,,,
2397939,56526,Russia,4591201042,1777146750000,2026-04-25T19:52:30+00:00,50,4,2,4,5,9,12,13,16,17,,,,,,,,,,,,
2397905,56526,Russia,4591200916,1777145850000,2026-04-25T19:37:30+00:00,50,1,1,5,8,13,15,17,18,20,,,,,,,,,,,,
2397747,56526,Russia,4591200808,1777144950000,2026-04-25T19:22:30+00:00,60,,,,,,,,,,,,,,,,,,,,,
2397746,56526,Russia,4591200691,1777144050000,2026-04-25T19:07:30+00:00,60,,,,,,,,,,,,,,,,,,,,,
2397745,56526,Russia,4591200559,1777143150000,2026-04-25T18:52:30+00:00,60,,,,,,,,,,,,,,,,,,,,,
2397765,56526,Russia,4591200436,1777142250000,2026-04-25T18:37:30+00:00,50,3,1,3,8,12,13,14,17,19,,,,,,,,,,,,
2397736,56526,Russia,4591200313,1777141350000,2026-04-25T18:22:30+00:00,50,2,1,4,8,9,12,14,19,20,,,,,,,,,,,,
2397705,56526,Russia,4591200196,1777140450000,2026-04-25T18:07:30+00:00,50,3,2,3,4,12,13,14,16,20,,,,,,,,,,,,
2397671,56526,Russia,4591200061,1777139550000,2026-04-25T17:52:30+00:00,50,1,1,5,8,12,13,14,15,19,,,,,,,,,,,,
2397638,56526,Russia,4591199947,1777138650000,2026-04-25T17:37:30+00:00,50,4,1,2,10,12,14,15,17,20,,,,,,,,,,,,
2397606,56526,Russia,4591199836,1777137750000,2026-04-25T17:22:30+00:00,50,3,2,4,6,8,10,11,15,18,,,,,,,,,,,,
2397485,56526,Russia,4591199722,1777136850000,2026-04-25T17:07:30+00:00,60,,,,,,,,,,,,,,,,,,,,,
2397484,56526,Russia,4591199593,1777135950000,2026-04-25T16:52:30+00:00,60,,,,,,,,,,,,,,,,,,,,,
2397506,56526,Russia,4591199473,1777135050000,2026-04-25T16:37:30+00:00,50,2,1,4,5,7,8,10,16,20,,,,,,,,,,,,
2397473,56526,Russia,4591199362,1777134150000,2026-04-25T16:22:30+00:00,50,2,2,3,7,8,9,12,15,17,,,,,,,,,,,,
2397442,56526,Russia,4591199245,1777133250000,2026-04-25T16:07:30+00:00,50,2,3,5,6,12,13,16,17,18,,,,,,,,,,,,
2397406,56526,Russia,4591199128,1777132350000,2026-04-25T15:52:30+00:00,50,1,2,3,5,6,7,12,14,17,,,,,,,,,,,,
2397374,56526,Russia,4591199005,1777131450000,2026-04-25T15:37:30+00:00,50,2,2,3,10,11,13,16,17,20,,,,,,,,,,,,
2397234,56526,Russia,4591198897,1777130550000,2026-04-25T15:22:30+00:00,60,,,,,,,,,,,,,,,,,,,,,
2397233,56526,Russia,4591198786,1777129650000,2026-04-25T15:07:30+00:00,60,,,,,,,,,,,,,,,,,,,,,
2397232,56526,Russia,4591198663,1777128750000,2026-04-25T14:52:30+00:00,60,,,,,,,,,,,,,,,,,,,,,
2397255,56526,Russia,4591198552,1777127850000,2026-04-25T14:37:30+00:00,50,2,3,7,9,11,15,17,18,20,,,,,,,,,,,,
2397223,56526,Russia,4591198447,1777126950000,2026-04-25T14:22:30+00:00,50,3,4,5,6,9,10,16,17,19,,,,,,,,,,,,
2397192,56526,Russia,4591198336,1777126050000,2026-04-25T14:07:30+00:00,50,3,3,5,8,10,11,15,16,20,,,,,,,,,,,,
2397160,56526,Russia,4591198225,1777125150000,2026-04-25T13:52:30+00:00,50,1,1,4,6,8,12,15,16,17,,,,,,,,,,,,
2397128,56526,Russia,4591198114,1777124250000,2026-04-25T13:37:30+00:00,50,1,1,2,6,12,14,17,18,19,,,,,,,,,,,,
2397013,56526,Russia,4591198012,1777123350000,2026-04-25T13:22:30+00:00,60,,,,,,,,,,,,,,,,,,,,,
2397012,56526,Russia,4591197895,1777122450000,2026-04-25T13:07:30+00:00,60,,,,,,,,,,,,,,,,,,,,,
2397033,56526,Russia,4591197775,1777121550000,2026-04-25T12:52:30+00:00,50,2,1,5,8,12,13,14,15,20,,,,,,,,,,,,
2396999,56526,Russia,4591197664,1777120650000,2026-04-25T12:37:30+00:00,50,1,3,4,7,10,11,13,16,18,,,,,,,,,,,,
2396971,56526,Russia,4591197556,1777119750000,2026-04-25T12:22:30+00:00,50,1,1,4,11,13,16,18,19,20,,,,,,,,,,,,
2396939,56526,Russia,4591197445,1777118850000,2026-04-25T12:07:30+00:00,50,2,1,5,7,14,15,17,18,19,,,,,,,,,,,,
2396908,56526,Russia,4591197328,1777117950000,2026-04-25T11:52:30+00:00,50,2,3,5,6,9,10,18,19,20,,,,,,,,,,,,
2396876,56526,Russia,4591197211,1777117050000,2026-04-25T11:37:30+00:00,50,2,1,4,5,8,10,13,14,18,,,,,,,,,,,,
2396846,56526,Russia,4591197103,1777116150000,2026-04-25T11:22:30+00:00,50,4,2,6,10,11,13,16,17,20,,,,,,,,,,,,
2396814,56526,Russia,4591196992,1777115250000,2026-04-25T11:07:30+00:00,50,1,1,2,7,12,13,16,17,19,,,,,,,,,,,,
2396729,56526,Russia,4591196881,1777114350000,2026-04-25T10:52:30+00:00,60,,,,,,,,,,,,,,,,,,,,,
2396750,56526,Russia,4591196761,1777113450000,2026-04-25T10:37:30+00:00,50,1,4,7,8,9,11,12,13,17,,,,,,,,,,,,
2396606,56526,Russia,4591196656,1777112550000,2026-04-25T10:22:30+00:00,60,,,,,,,,,,,,,,,,,,,,,
2396605,56526,Russia,4591196545,1777111650000,2026-04-25T10:07:30+00:00,60,,,,,,,,,,,,,,,,,,,,,
2396604,56526,Russia,4591196431,1777110750000,2026-04-25T09:52:30+00:00,60,,,,,,,,,,,,,,,,,,,,,
2396628,56526,Russia,4591196320,1777109850000,2026-04-25T09:37:30+00:00,50,3,1,3,5,6,12,14,15,18,,,,,,,,,,,,
2396595,56526,Russia,4591196212,1777108950000,2026-04-25T09:22:30+00:00,50,4,3,5,9,11,17,18,19,20,,,,,,,,,,,,
2396513,56526,Russia,4591196101,1777108050000,2026-04-25T09:07:30+00:00,60,,,,,,,,,,,,,,,,,,,,,
2396533,56526,Russia,4591195987,1777107150000,2026-04-25T08:52:30+00:00,50,3,1,3,5,6,7,9,15,18,,,,,,,,,,,,
2396501,56526,Russia,4591195876,1777106250000,2026-04-25T08:37:30+00:00,50,4,1,6,7,9,13,14,15,17,,,,,,,,,,,,
2396473,56526,Russia,4591195771,1777105350000,2026-04-25T08:22:30+00:00,50,4,1,4,5,9,10,12,13,15,,,,,,,,,,,,
2396442,56526,Russia,4591195660,1777104450000,2026-04-25T08:07:30+00:00,50,3,2,3,4,7,10,16,17,19,,,,,,,,,,,,
2396409,56526,Russia,4591195549,1777103550000,2026-04-25T07:52:30+00:00,50,4,3,6,7,10,11,14,15,18,,,,,,,,,,,,
2396379,56526,Russia,4591195438,1777102650000,2026-04-25T07:37:30+00:00,50,4,4,6,8,11,13,14,18,20,,,,,,,,,,,,
2396239,56526,Russia,4591195330,1777101750000,2026-04-25T07:22:30+00:00,60,,,,,,,,,,,,,,,,,,,,,
2396238,56526,Russia,4591195219,1777100850000,2026-04-25T07:07:30+00:00,60,,,,,,,,,,,,,,,,,,,,,
2396237,56526,Russia,4591195105,1777099950000,2026-04-25T06:52:30+00:00,60,,,,,,,,,,,,,,,,,,,,,
2396259,56526,Russia,4591194994,1777099050000,2026-04-25T06:37:30+00:00,50,2,4,5,7,8,12,14,15,18,,,,,,,,,,,,
2396228,56526,Russia,4591194892,1777098150000,2026-04-25T06:22:30+00:00,50,1,1,3,9,12,15,17,18,19,,,,,,,,,,,,
2396196,56526,Russia,4591194781,1777097250000,2026-04-25T06:07:30+00:00,50,1,2,3,4,5,6,8,11,13,,,,,,,,,,,,
2396169,56526,Russia,4591194679,1777096350000,2026-04-25T05:52:30+00:00,50,1,3,4,6,7,10,11,12,18,,,,,,,,,,,,
2396142,56526,Russia,4591194577,1777095450000,2026-04-25T05:37:30+00:00,50,1,7,8,12,13,14,15,17,19,,,,,,,,,,,,
2396115,56526,Russia,4591194484,1777094550000,2026-04-25T05:22:30+00:00,50,2,1,5,10,11,12,14,15,16,,,,,,,,,,,,
2396085,56526,Russia,4591194382,1777093650000,2026-04-25T05:07:30+00:00,50,1,1,2,8,13,16,17,19,20,,,,,,,,,,,,
2396062,56526,Russia,4591194292,1777092750000,2026-04-25T04:52:30+00:00,50,4,1,2,3,4,6,7,18,20,,,,,,,,,,,,
2396038,56526,Russia,4591194202,1777091850000,2026-04-25T04:37:30+00:00,50,1,3,7,8,10,12,13,15,18,,,,,,,,,,,,
2396018,56526,Russia,4591194124,1777090950000,2026-04-25T04:22:30+00:00,50,3,4,6,12,14,15,16,19,20,,,,,,,,,,,,
2395998,56526,Russia,4591194046,1777090050000,2026-04-25T04:07:30+00:00,50,3,1,10,12,13,14,15,18,20,,,,,,,,,,,,
2395980,56526,Russia,4591193974,1777089150000,2026-04-25T03:52:30+00:00,50,3,1,5,7,10,14,16,17,20,,,,,,,,,,,,
2395958,56526,Russia,4591193896,1777088250000,2026-04-25T03:37:30+00:00,50,2,4,9,10,11,12,15,19,20,,,,,,,,,,,,
2395938,56526,Russia,4591193821,1777087350000,2026-04-25T03:22:30+00:00,50,1,1,5,10,12,14,16,17,19,,,,,,,,,,,,
2395905,56526,Russia,4591193743,1777086450000,2026-04-25T03:07:30+00:00,50,2,2,5,6,8,9,12,13,14,,,,,,,,,,,,
2395886,56526,Russia,4591193671,1777085550000,2026-04-25T02:52:30+00:00,50,3,1,4,6,7,9,11,13,16,,,,,,,,,,,,
2395863,56526,Russia,4591193593,1777084650000,2026-04-25T02:37:30+00:00,50,2,2,3,5,7,11,15,18,19,,,,,,,,,,,,
2395841,56526,Russia,4591193518,1777083750000,2026-04-25T02:22:30+00:00,50,2,5,6,10,12,13,15,19,20,,,,,,,,,,,,
2395818,56526,Russia,4591193440,1777082850000,2026-04-25T02:07:30+00:00,50,1,2,5,10,11,13,15,18,19,,,,,,,,,,,,
2395798,56526,Russia,4591193368,1777081950000,2026-04-25T01:52:30+00:00,50,2,1,2,5,6,8,9,10,20,,,,,,,,,,,,
2395775,56526,Russia,4591193290,1777081050000,2026-04-25T01:37:30+00:00,50,4,6,7,9,10,14,15,17,18,,,,,,,,,,,,
2395756,56526,Russia,4591193215,1777080150000,2026-04-25T01:22:30+00:00,50,4,2,4,8,9,11,18,19,20,,,,,,,,,,,,
2395736,56526,Russia,4591193137,1777079250000,2026-04-25T01:07:30+00:00,50,3,2,6,8,9,11,13,17,19,,,,,,,,,,,,
2395714,56526,Russia,4591193065,1777078350000,2026-04-25T00:52:30+00:00,50,1,3,9,10,11,12,14,15,17,,,,,,,,,,,,
2395694,56526,Russia,4591192987,1777077450000,2026-04-25T00:37:30+00:00,50,3,3,4,5,8,13,15,17,18,,,,,,,,,,,,
2395675,56526,Russia,4591192912,1777076550000,2026-04-25T00:22:30+00:00,50,2,3,5,7,12,16,18,19,20,,,,,,,,,,,,
2395653,56526,Russia,4591192834,1777075650000,2026-04-25T00:07:30+00:00,50,1,1,3,4,10,11,17,19,20,,,,,,,,,,,,
2395633,56526,Russia,4589445751,1777074750000,2026-04-24T23:52:30+00:00,50,4,2,5,7,14,16,17,18,19,,,,,,,,,,,,
2395611,56526,Russia,4589445673,1777073850000,2026-04-24T23:37:30+00:00,50,4,3,5,8,9,11,12,13,15,,,,,,,,,,,,
2395590,56526,Russia,4589445598,1777072950000,2026-04-24T23:22:30+00:00,50,2,3,5,6,8,9,13,15,17,,,,,,,,,,,,
2395564,56526,Russia,4589445520,1777072050000,2026-04-24T23:07:30+00:00,50,2,1,4,9,11,12,13,14,20,,,,,,,,,,,,
2395540,56526,Russia,4589445448,1777071150000,2026-04-24T22:52:30+00:00,50,2,1,2,5,6,11,13,19,20,,,,,,,,,,,,
2395517,56526,Russia,4589445370,1777070250000,2026-04-24T22:37:30+00:00,50,1,5,7,8,10,11,12,19,20,,,,,,,,,,,,
2395495,56526,Russia,4589445295,1777069350000,2026-04-24T22:22:30+00:00,50,3,1,2,3,8,9,12,13,17,,,,,,,,,,,,
2395467,56526,Russia,4589445226,1777068450000,2026-04-24T22:07:30+00:00,50,2,1,6,7,12,15,16,17,18,,,,,,,,,,,,
2395455,56526,Russia,4589445184,1777067550000,2026-04-24T21:52:30+00:00,50,1,2,9,11,12,13,14,15,17,,,,,,,,,,,,
2395425,56526,Russia,4589445160,1777066650000,2026-04-24T21:37:30+00:00,50,2,1,2,3,4,9,17,18,19,,,,,,,,,,,,
2395397,56526,Russia,4589445136,1777065750000,2026-04-24T21:22:30+00:00,50,3,3,6,11,13,14,15,17,18,,,,,,,,,,,,
2395367,56526,Russia,4589445115,1777064850000,2026-04-24T21:07:30+00:00,50,2,2,6,7,9,12,15,18,20,,,,,,,,,,,,
2395336,56526,Russia,4589443897,1777063950000,2026-04-24T20:52:30+00:00,50,1,1,2,4,9,12,13,15,16,,,,,,,,,,,,
2395305,56526,Russia,4589443792,1777063050000,2026-04-24T20:37:30+00:00,50,3,1,2,5,7,9,16,17,18,,,,,,,,,,,,
2395216,56526,Russia,4589443699,1777062150000,2026-04-24T20:22:30+00:00,60,,,,,,,,,,,,,,,,,,,,,
2395243,56526,Russia,4589443591,1777061250000,2026-04-24T20:07:30+00:00,50,1,4,9,10,15,16,17,19,20,,,,,,,,,,,,
2395207,56526,Russia,4589443477,1777060350000,2026-04-24T19:52:30+00:00,50,2,2,3,4,6,7,8,10,13,,,,,,,,,,,,
2395176,56526,Russia,4589443360,1777059450000,2026-04-24T19:37:30+00:00,50,1,3,5,7,9,13,14,17,20,,,,,,,,,,,,
2395023,56526,Russia,4589443252,1777058550000,2026-04-24T19:22:30+00:00,60,,,,,,,,,,,,,,,,,,,,,
2395022,56526,Russia,4589443141,1777057650000,2026-04-24T19:07:30+00:00,60,,,,,,,,,,,,,,,,,,,,,
2395021,56526,Russia,4589443015,1777056750000,2026-04-24T18:52:30+00:00,60,,,,,,,,,,,,,,,,,,,,,
2395041,56526,Russia,4589442895,1777055850000,2026-04-24T18:37:30+00:00,50,2,2,3,5,7,14,15,16,18,,,,,,,,,,,,
2395012,56526,Russia,4589442775,1777054950000,2026-04-24T18:22:30+00:00,50,4,1,4,7,8,11,12,14,20,,,,,,,,,,,,
2394978,56526,Russia,4589442664,1777054050000,2026-04-24T18:07:30+00:00,50,4,4,6,7,12,13,14,16,19,,,,,,,,,,,,
2394944,56526,Russia,4589442529,1777053150000,2026-04-24T17:52:30+00:00,50,3,2,3,4,5,8,13,16,19,,,,,,,,,,,,
2394913,56526,Russia,4589442415,1777052250000,2026-04-24T17:37:30+00:00,50,3,1,3,4,5,8,9,11,17,,,,,,,,,,,,
2394882,56526,Russia,4589442307,1777051350000,2026-04-24T17:22:30+00:00,50,1,3,4,5,6,13,14,17,19,,,,,,,,,,,,
2394761,56526,Russia,4589442193,1777050450000,2026-04-24T17:07:30+00:00,60,,,,,,,,,,,,,,,,,,,,,
2394760,56526,Russia,4589442067,1777049550000,2026-04-24T16:52:30+00:00,60,,,,,,,,,,,,,,,,,,,,,
2394781,56526,Russia,4589441947,1777048650000,2026-04-24T16:37:30+00:00,50,1,2,6,9,11,13,14,16,19,,,,,,,,,,,,
2394749,56526,Russia,4589441836,1777047750000,2026-04-24T16:22:30+00:00,50,3,1,4,9,10,12,15,16,20,,,,,,,,,,,,
2394718,56526,Russia,4589441725,1777046850000,2026-04-24T16:07:30+00:00,50,4,1,2,3,4,5,12,13,20,,,,,,,,,,,,
2394686,56526,Russia,4589441611,1777045950000,2026-04-24T15:52:30+00:00,50,3,2,3,7,8,10,13,15,19,,,,,,,,,,,,
2394652,56526,Russia,4589441482,1777045050000,2026-04-24T15:37:30+00:00,50,2,1,6,8,9,11,13,14,16,,,,,,,,,,,,
2394511,56526,Russia,4589441374,1777044150000,2026-04-24T15:22:30+00:00,60,,,,,,,,,,,,,,,,,,,,,
2394510,56526,Russia,4589441263,1777043250000,2026-04-24T15:07:30+00:00,60,,,,,,,,,,,,,,,,,,,,,
2394509,56526,Russia,4589441146,1777042350000,2026-04-24T14:52:30+00:00,60,,,,,,,,,,,,,,,,,,,,,
2394533,56526,Russia,4589441035,1777041450000,2026-04-24T14:37:30+00:00,50,1,3,5,9,10,11,15,18,19,,,,,,,,,,,,
2394500,56526,Russia,4589440927,1777040550000,2026-04-24T14:22:30+00:00,50,1,10,11,13,14,15,16,17,19,,,,,,,,,,,,
2394469,56526,Russia,4589440816,1777039650000,2026-04-24T14:07:30+00:00,50,4,1,3,4,6,15,16,17,19,,,,,,,,,,,,
2394436,56526,Russia,4589440705,1777038750000,2026-04-24T13:52:30+00:00,50,1,2,5,6,9,12,13,15,18,,,,,,,,,,,,
2394406,56526,Russia,4589440594,1777037850000,2026-04-24T13:37:30+00:00,50,3,2,5,7,9,10,13,15,16,,,,,,,,,,,,
2394293,56526,Russia,4589440492,1777036950000,2026-04-24T13:22:30+00:00,60,,,,,,,,,,,,,,,,,,,,,
2394292,56526,Russia,4589440375,1777036050000,2026-04-24T13:07:30+00:00,60,,,,,,,,,,,,,,,,,,,,,
2394313,56526,Russia,4589440255,1777035150000,2026-04-24T12:52:30+00:00,50,3,1,2,3,11,12,16,19,20,,,,,,,,,,,,
2394280,56526,Russia,4589440144,1777034250000,2026-04-24T12:37:30+00:00,50,3,1,2,3,5,6,14,15,20,,,,,,,,,,,,
2394250,56526,Russia,4589440036,1777033350000,2026-04-24T12:22:30+00:00,50,2,1,3,8,9,10,17,18,19,,,,,,,,,,,,
2394219,56526,Russia,4589439925,1777032450000,2026-04-24T12:07:30+00:00,50,3,3,4,5,6,7,9,12,14,,,,,,,,,,,,
2394186,56526,Russia,4589439808,1777031550000,2026-04-24T11:52:30+00:00,50,2,1,2,3,9,11,14,15,16,,,,,,,,,,,,
2394154,56526,Russia,4589439691,1777030650000,2026-04-24T11:37:30+00:00,50,1,1,5,7,9,13,15,19,20,,,,,,,,,,,,
2394124,56526,Russia,4589439586,1777029750000,2026-04-24T11:22:30+00:00,50,3,3,5,9,10,11,12,14,19,,,,,,,,,,,,
2394092,56526,Russia,4589439475,1777028850000,2026-04-24T11:07:30+00:00,50,3,2,6,7,8,10,11,14,17,,,,,,,,,,,,
2394007,56526,Russia,4589439364,1777027950000,2026-04-24T10:52:30+00:00,60,,,,,,,,,,,,,,,,,,,,,
2394028,56526,Russia,4589439244,1777027050000,2026-04-24T10:37:30+00:00,50,4,1,3,4,7,14,15,16,19,,,,,,,,,,,,
2393885,56526,Russia,4589439139,1777026150000,2026-04-24T10:22:30+00:00,60,,,,,,,,,,,,,,,,,,,,,
2393884,56526,Russia,4589439028,1777025250000,2026-04-24T10:07:30+00:00,60,,,,,,,,,,,,,,,,,,,,,
2393883,56526,Russia,4589438914,1777024350000,2026-04-24T09:52:30+00:00,60,,,,,,,,,,,,,,,,,,,,,
2393906,56526,Russia,4589438800,1777023450000,2026-04-24T09:37:30+00:00,50,4,7,8,15,16,17,18,19,20,,,,,,,,,,,,
2393874,56526,Russia,4589438692,1777022550000,2026-04-24T09:22:30+00:00,50,1,1,2,3,5,11,18,19,20,,,,,,,,,,,,
2393794,56526,Russia,4589438581,1777021650000,2026-04-24T09:07:30+00:00,60,,,,,,,,,,,,,,,,,,,,,
2393813,56526,Russia,4589438467,1777020750000,2026-04-24T08:52:30+00:00,50,2,2,3,5,7,11,14,17,18,,,,,,,,,,,,
2393781,56526,Russia,4589438356,1777019850000,2026-04-24T08:37:30+00:00,50,3,3,4,5,6,7,13,15,19,,,,,,,,,,,,
2393753,56526,Russia,4589438251,1777018950000,2026-04-24T08:22:30+00:00,50,1,1,4,5,6,9,11,13,19,,,,,,,,,,,,
2393721,56526,Russia,4589438140,1777018050000,2026-04-24T08:07:30+00:00,50,4,1,3,7,9,11,12,14,19,,,,,,,,,,,,
2393690,56526,Russia,4589438029,1777017150000,2026-04-24T07:52:30+00:00,50,4,1,4,7,9,14,15,16,17,,,,,,,,,,,,
2393659,56526,Russia,4589437918,1777016250000,2026-04-24T07:37:30+00:00,50,3,5,7,8,9,13,14,15,20,,,,,,,,,,,,
2393519,56526,Russia,4589437813,1777015350000,2026-04-24T07:22:30+00:00,60,,,,,,,,,,,,,,,,,,,,,
2393518,56526,Russia,4589437702,1777014450000,2026-04-24T07:07:30+00:00,60,,,,,,,,,,,,,,,,,,,,,
2393517,56526,Russia,4589437588,1777013550000,2026-04-24T06:52:30+00:00,60,,,,,,,,,,,,,,,,,,,,,
2393539,56526,Russia,4589437477,1777012650000,2026-04-24T06:37:30+00:00,50,4,1,4,5,6,7,8,9,19,,,,,,,,,,,,
2393508,56526,Russia,4589437375,1777011750000,2026-04-24T06:22:30+00:00,50,3,5,6,9,13,15,16,17,18,,,,,,,,,,,,
2393476,56526,Russia,4589437264,1777010850000,2026-04-24T06:07:30+00:00,50,3,1,2,3,7,10,11,14,18,,,,,,,,,,,,
2393449,56526,Russia,4589437162,1777009950000,2026-04-24T05:52:30+00:00,50,4,4,7,8,9,10,15,16,17,,,,,,,,,,,,
2393422,56526,Russia,4589437060,1777009050000,2026-04-24T05:37:30+00:00,50,2,1,2,3,6,10,11,17,18,,,,,,,,,,,,
2393396,56526,Russia,4589436967,1777008150000,2026-04-24T05:22:30+00:00,50,4,1,2,8,11,12,15,18,20,,,,,,,,,,,,
2393367,56526,Russia,4589436865,1777007250000,2026-04-24T05:07:30+00:00,50,3,1,2,3,6,10,11,12,15,,,,,,,,,,,,
2393343,56526,Russia,4589436775,1777006350000,2026-04-24T04:52:30+00:00,50,1,3,7,8,10,11,13,14,18,,,,,,,,,,,,
2393319,56526,Russia,4589436685,1777005450000,2026-04-24T04:37:30+00:00,50,1,4,7,9,10,11,12,13,18,,,,,,,,,,,,
2393299,56526,Russia,4589436607,1777004550000,2026-04-24T04:22:30+00:00,50,3,1,4,5,6,9,11,15,20,,,,,,,,,,,,
2393278,56526,Russia,4589436529,1777003650000,2026-04-24T04:07:30+00:00,50,2,1,9,11,12,14,15,16,19,,,,,,,,,,,,
2393258,56526,Russia,4589436457,1777002750000,2026-04-24T03:52:30+00:00,50,3,4,7,8,9,11,13,17,18,,,,,,,,,,,,
2393237,56526,Russia,4589436379,1777001850000,2026-04-24T03:37:30+00:00,50,2,4,6,7,9,10,11,15,18,,,,,,,,,,,,
2393217,56526,Russia,4589436304,1777000950000,2026-04-24T03:22:30+00:00,50,2,2,4,6,7,10,14,15,17,,,,,,,,,,,,
2393186,56526,Russia,4589436226,1777000050000,2026-04-24T03:07:30+00:00,50,2,1,3,4,7,8,11,17,18,,,,,,,,,,,,
2393163,56526,Russia,4589436154,1776999150000,2026-04-24T02:52:30+00:00,50,2,1,4,6,8,9,13,16,18,,,,,,,,,,,,
2393142,56526,Russia,4589436076,1776998250000,2026-04-24T02:37:30+00:00,50,1,6,7,10,11,13,14,19,20,,,,,,,,,,,,
2393121,56526,Russia,4589436001,1776997350000,2026-04-24T02:22:30+00:00,50,4,2,5,6,8,9,11,14,17,,,,,,,,,,,,
2393097,56526,Russia,4589435923,1776996450000,2026-04-24T02:07:30+00:00,50,2,1,2,3,6,9,10,12,13,,,,,,,,,,,,
2393078,56526,Russia,4589435851,1776995550000,2026-04-24T01:52:30+00:00,50,3,1,2,6,10,12,14,16,17,,,,,,,,,,,,
2393056,56526,Russia,4589435773,1776994650000,2026-04-24T01:37:30+00:00,50,2,3,7,10,11,12,15,18,20,,,,,,,,,,,,
2393037,56526,Russia,4589435698,1776993750000,2026-04-24T01:22:30+00:00,50,3,3,6,7,8,10,14,17,19,,,,,,,,,,,,
2393015,56526,Russia,4589435620,1776992850000,2026-04-24T01:07:30+00:00,50,4,2,3,6,7,8,9,14,15,,,,,,,,,,,,
2392992,56526,Russia,4589435548,1776991950000,2026-04-24T00:52:30+00:00,50,1,5,8,11,12,16,17,18,20,,,,,,,,,,,,
2392971,56526,Russia,4589435470,1776991050000,2026-04-24T00:37:30+00:00,50,2,1,5,6,11,13,14,15,19,,,,,,,,,,,,
2392951,56526,Russia,4589435395,1776990150000,2026-04-24T00:22:30+00:00,50,2,3,5,9,11,13,17,18,20,,,,,,,,,,,,
2392931,56526,Russia,4589435317,1776989250000,2026-04-24T00:07:30+00:00,50,1,1,3,4,5,11,17,18,19,,,,,,,,,,,,
2392909,56526,Russia,4587298852,1776988350000,2026-04-23T23:52:30+00:00,50,4,3,5,8,12,13,18,19,20,,,,,,,,,,,,
2392889,56526,Russia,4587298774,1776987450000,2026-04-23T23:37:30+00:00,50,2,2,5,6,7,9,15,16,17,,,,,,,,,,,,
2392868,56526,Russia,4587298699,1776986550000,2026-04-23T23:22:30+00:00,50,1,1,4,5,6,7,8,11,15,,,,,,,,,,,,
2392845,56526,Russia,4587298621,1776985650000,2026-04-23T23:07:30+00:00,50,2,9,11,12,14,17,18,19,20,,,,,,,,,,,,
2392819,56526,Russia,4587298549,1776984750000,2026-04-23T22:52:30+00:00,50,4,2,3,7,9,10,11,14,18,,,,,,,,,,,,
2392796,56526,Russia,4587298471,1776983850000,2026-04-23T22:37:30+00:00,50,2,4,5,6,8,9,12,13,18,,,,,,,,,,,,
2392774,56526,Russia,4587298396,1776982950000,2026-04-23T22:22:30+00:00,50,1,1,3,8,13,14,15,19,20,,,,,,,,,,,,
2392754,56526,Russia,4587298327,1776982050000,2026-04-23T22:07:30+00:00,50,3,1,3,4,5,7,13,14,17,,,,,,,,,,,,
2392734,56526,Russia,4587298285,1776981150000,2026-04-23T21:52:30+00:00,50,3,4,8,9,11,13,14,15,20,,,,,,,,,,,,
2392704,56526,Russia,4587298261,1776980250000,2026-04-23T21:37:30+00:00,50,3,1,2,3,6,12,15,16,17,,,,,,,,,,,,
2392647,56526,Russia,4587298237,1776979350000,2026-04-23T21:22:30+00:00,50,3,2,4,6,7,12,14,16,20,,,,,,,,,,,,
2392634,56526,Russia,4587298216,1776978450000,2026-04-23T21:07:30+00:00,50,4,1,3,4,5,9,10,11,17,,,,,,,,,,,,
2392615,56526,Russia,4587296998,1776977550000,2026-04-23T20:52:30+00:00,50,1,2,9,10,12,13,14,17,20,,,,,,,,,,,,
2392584,56526,Russia,4587296893,1776976650000,2026-04-23T20:37:30+00:00,50,2,2,4,5,7,13,16,19,20,,,,,,,,,,,,
2392493,56526,Russia,4587296800,1776975750000,2026-04-23T20:22:30+00:00,60,,,,,,,,,,,,,,,,,,,,,
2392518,56526,Russia,4587296692,1776974850000,2026-04-23T20:07:30+00:00,50,1,2,4,6,7,11,12,19,20,,,,,,,,,,,,
2392484,56526,Russia,4587296578,1776973950000,2026-04-23T19:52:30+00:00,50,1,1,2,8,9,11,12,18,20,,,,,,,,,,,,
2392452,56526,Russia,4587296452,1776973050000,2026-04-23T19:37:30+00:00,50,4,1,5,7,8,13,17,18,19,,,,,,,,,,,,
2392303,56526,Russia,4587296344,1776972150000,2026-04-23T19:22:30+00:00,60,,,,,,,,,,,,,,,,,,,,,
2392302,56526,Russia,4587296233,1776971250000,2026-04-23T19:07:30+00:00,60,,,,,,,,,,,,,,,,,,,,,
2392301,56526,Russia,4587296113,1776970350000,2026-04-23T18:52:30+00:00,60,,,,,,,,,,,,,,,,,,,,,
2392325,56526,Russia,4587295996,1776969450000,2026-04-23T18:37:30+00:00,50,3,2,3,6,9,12,16,19,20,,,,,,,,,,,,
2392290,56526,Russia,4587295876,1776968550000,2026-04-23T18:22:30+00:00,50,2,1,6,7,12,13,14,16,17,,,,,,,,,,,,
2392254,56526,Russia,4587295765,1776967650000,2026-04-23T18:07:30+00:00,50,2,3,6,8,9,10,12,13,20,,,,,,,,,,,,
2392223,56526,Russia,4587295633,1776966750000,2026-04-23T17:52:30+00:00,50,2,2,3,6,10,11,14,15,16,,,,,,,,,,,,
2392192,56526,Russia,4587295519,1776965850000,2026-04-23T17:37:30+00:00,50,4,1,5,7,12,15,16,17,18,,,,,,,,,,,,
2392162,56526,Russia,4587295411,1776964950000,2026-04-23T17:22:30+00:00,50,4,2,5,11,13,15,17,18,20,,,,,,,,,,,,
2392041,56526,Russia,4587295297,1776964050000,2026-04-23T17:07:30+00:00,60,,,,,,,,,,,,,,,,,,,,,
2392040,56526,Russia,4587295171,1776963150000,2026-04-23T16:52:30+00:00,60,,,,,,,,,,,,,,,,,,,,,
2392061,56526,Russia,4587295051,1776962250000,2026-04-23T16:37:30+00:00,50,2,1,3,6,7,10,12,13,14,,,,,,,,,,,,
2392028,56526,Russia,4587294940,1776961350000,2026-04-23T16:22:30+00:00,50,3,1,4,7,12,13,17,18,19,,,,,,,,,,,,
2391996,56526,Russia,4587294829,1776960450000,2026-04-23T16:07:30+00:00,50,3,2,3,5,8,10,11,17,18,,,,,,,,,,,,
2391963,56526,Russia,4587294715,1776959550000,2026-04-23T15:52:30+00:00,50,2,1,6,7,8,11,12,13,16,,,,,,,,,,,,
2391931,56526,Russia,4587294592,1776958650000,2026-04-23T15:37:30+00:00,50,2,2,5,10,12,13,15,16,19,,,,,,,,,,,,
2391791,56526,Russia,4587294481,1776957750000,2026-04-23T15:22:30+00:00,60,,,,,,,,,,,,,,,,,,,,,
2391790,56526,Russia,4587294370,1776956850000,2026-04-23T15:07:30+00:00,60,,,,,,,,,,,,,,,,,,,,,
2391789,56526,Russia,4587294253,1776955950000,2026-04-23T14:52:30+00:00,60,,,,,,,,,,,,,,,,,,,,,
2391812,56526,Russia,4587294142,1776955050000,2026-04-23T14:37:30+00:00,50,2,1,6,8,10,12,14,18,20,,,,,,,,,,,,
2391780,56526,Russia,4587294037,1776954150000,2026-04-23T14:22:30+00:00,50,2,5,8,10,12,13,14,15,20,,,,,,,,,,,,
2391748,56526,Russia,4587293926,1776953250000,2026-04-23T14:07:30+00:00,50,4,1,2,4,6,12,14,17,18,,,,,,,,,,,,
2391717,56526,Russia,4587293815,1776952350000,2026-04-23T13:52:30+00:00,50,1,1,3,9,10,16,17,18,20,,,,,,,,,,,,
2391686,56526,Russia,4587293704,1776951450000,2026-04-23T13:37:30+00:00,50,1,5,6,8,10,13,18,19,20,,,,,,,,,,,,
2391572,56526,Russia,4587293602,1776950550000,2026-04-23T13:22:30+00:00,60,,,,,,,,,,,,,,,,,,,,,
2391571,56526,Russia,4587293485,1776949650000,2026-04-23T13:07:30+00:00,60,,,,,,,,,,,,,,,,,,,,,
2391592,56526,Russia,4587293365,1776948750000,2026-04-23T12:52:30+00:00,50,4,5,9,12,15,17,18,19,20,,,,,,,,,,,,
2391559,56526,Russia,4587293254,1776947850000,2026-04-23T12:37:30+00:00,50,2,2,5,6,7,9,16,17,19,,,,,,,,,,,,
2391529,56526,Russia,4587293146,1776946950000,2026-04-23T12:22:30+00:00,50,2,5,7,8,11,12,17,18,19,,,,,,,,,,,,
2391496,56526,Russia,4587293035,1776946050000,2026-04-23T12:07:30+00:00,50,1,2,3,4,6,11,13,14,15,,,,,,,,,,,,
2391464,56526,Russia,4587292918,1776945150000,2026-04-23T11:52:30+00:00,50,2,2,5,11,12,14,18,19,20,,,,,,,,,,,,
2391432,56526,Russia,4587292801,1776944250000,2026-04-23T11:37:30+00:00,50,3,2,5,7,11,13,14,19,20,,,,,,,,,,,,
2391402,56526,Russia,4587292696,1776943350000,2026-04-23T11:22:30+00:00,50,1,2,3,5,6,9,10,16,20,,,,,,,,,,,,
2391371,56526,Russia,4587292585,1776942450000,2026-04-23T11:07:30+00:00,50,3,2,3,7,8,10,12,15,19,,,,,,,,,,,,
2391286,56526,Russia,4587292474,1776941550000,2026-04-23T10:52:30+00:00,60,,,,,,,,,,,,,,,,,,,,,
2391307,56526,Russia,4587292354,1776940650000,2026-04-23T10:37:30+00:00,50,4,2,3,5,7,8,11,17,19,,,,,,,,,,,,
2391162,56526,Russia,4587292246,1776939750000,2026-04-23T10:22:30+00:00,60,,,,,,,,,,,,,,,,,,,,,
2391161,56526,Russia,4587292135,1776938850000,2026-04-23T10:07:30+00:00,60,,,,,,,,,,,,,,,,,,,,,
2391160,56526,Russia,4587292021,1776937950000,2026-04-23T09:52:30+00:00,60,,,,,,,,,,,,,,,,,,,,,
2391183,56526,Russia,4587291907,1776937050000,2026-04-23T09:37:30+00:00,50,3,2,4,5,8,9,13,16,19,,,,,,,,,,,,
2391150,56526,Russia,4587291799,1776936150000,2026-04-23T09:22:30+00:00,50,4,1,4,5,8,11,14,18,20,,,,,,,,,,,,
2391071,56526,Russia,4587291688,1776935250000,2026-04-23T09:07:30+00:00,60,,,,,,,,,,,,,,,,,,,,,
2391090,56526,Russia,4587291574,1776934350000,2026-04-23T08:52:30+00:00,50,3,1,2,4,9,10,11,16,17,,,,,,,,,,,,
2391058,56526,Russia,4587291463,1776933450000,2026-04-23T08:37:30+00:00,50,4,1,3,4,8,10,12,14,18,,,,,,,,,,,,
2391030,56526,Russia,4587291358,1776932550000,2026-04-23T08:22:30+00:00,50,1,4,5,6,7,8,12,17,20,,,,,,,,,,,,
2390999,56526,Russia,4587291247,1776931650000,2026-04-23T08:07:30+00:00,50,2,1,4,6,7,8,10,14,20,,,,,,,,,,,,
2390967,56526,Russia,4587291136,1776930750000,2026-04-23T07:52:30+00:00,50,1,1,3,6,10,16,17,18,19,,,,,,,,,,,,
2390936,56526,Russia,4587291025,1776929850000,2026-04-23T07:37:30+00:00,50,2,1,4,7,11,13,14,15,16,,,,,,,,,,,,
2390795,56526,Russia,4587290920,1776928950000,2026-04-23T07:22:30+00:00,60,,,,,,,,,,,,,,,,,,,,,
2390794,56526,Russia,4587290809,1776928050000,2026-04-23T07:07:30+00:00,60,,,,,,,,,,,,,,,,,,,,,
2390793,56526,Russia,4587290695,1776927150000,2026-04-23T06:52:30+00:00,60,,,,,,,,,,,,,,,,,,,,,
2390815,56526,Russia,4587290584,1776926250000,2026-04-23T06:37:30+00:00,50,4,1,2,7,11,12,13,14,17,,,,,,,,,,,,
2390784,56526,Russia,4587290482,1776925350000,2026-04-23T06:22:30+00:00,50,4,1,4,5,7,10,13,15,19,,,,,,,,,,,,
2390753,56526,Russia,4587290371,1776924450000,2026-04-23T06:07:30+00:00,50,2,1,6,7,15,16,17,18,19,,,,,,,,,,,,
2390725,56526,Russia,4587290269,1776923550000,2026-04-23T05:52:30+00:00,50,4,3,7,12,13,16,17,18,19,,,,,,,,,,,,
2390699,56526,Russia,4587290167,1776922650000,2026-04-23T05:37:30+00:00,50,4,2,4,5,12,13,15,18,19,,,,,,,,,,,,
2390674,56526,Russia,4587290074,1776921750000,2026-04-23T05:22:30+00:00,50,3,1,4,5,6,7,12,15,18,,,,,,,,,,,,
2390645,56526,Russia,4587289972,1776920850000,2026-04-23T05:07:30+00:00,50,3,2,3,5,8,10,14,15,20,,,,,,,,,,,,
2390621,56526,Russia,4587289882,1776919950000,2026-04-23T04:52:30+00:00,50,3,1,7,9,11,13,14,15,17,,,,,,,,,,,,
2390597,56526,Russia,4587289792,1776919050000,2026-04-23T04:37:30+00:00,50,1,4,5,8,10,11,15,18,20,,,,,,,,,,,,
2390577,56526,Russia,4587289714,1776918150000,2026-04-23T04:22:30+00:00,50,4,1,2,4,9,10,15,19,20,,,,,,,,,,,,
2390555,56526,Russia,4587289636,1776917250000,2026-04-23T04:07:30+00:00,50,3,2,5,7,8,10,11,14,15,,,,,,,,,,,,
2390534,56526,Russia,4587289564,1776916350000,2026-04-23T03:52:30+00:00,50,2,1,3,4,5,6,10,16,18,,,,,,,,,,,,
2390510,56526,Russia,4587289486,1776915450000,2026-04-23T03:37:30+00:00,50,1,1,3,5,7,11,12,15,19,,,,,,,,,,,,
2390484,56526,Russia,4587289411,1776914550000,2026-04-23T03:22:30+00:00,50,2,1,6,7,11,12,14,15,19,,,,,,,,,,,,
2390456,56526,Russia,4587289333,1776913650000,2026-04-23T03:07:30+00:00,50,3,4,5,6,9,10,13,15,19,,,,,,,,,,,,
2390432,56526,Russia,4587289261,1776912750000,2026-04-23T02:52:30+00:00,50,2,1,3,4,11,16,17,18,20,,,,,,,,,,,,
2390409,56526,Russia,4587289183,1776911850000,2026-04-23T02:37:30+00:00,50,1,2,6,9,10,15,16,17,20,,,,,,,,,,,,
2390385,56526,Russia,4587289108,1776910950000,2026-04-23T02:22:30+00:00,50,2,1,2,5,11,14,18,19,20,,,,,,,,,,,,
2390357,56526,Russia,4587289030,1776910050000,2026-04-23T02:07:30+00:00,50,2,2,7,9,10,12,15,16,20,,,,,,,,,,,,
2390338,56526,Russia,4587288958,1776909150000,2026-04-23T01:52:30+00:00,50,3,7,8,10,14,15,16,17,20,,,,,,,,,,,,
2390318,56526,Russia,4587288880,1776908250000,2026-04-23T01:37:30+00:00,50,2,1,3,5,8,12,13,14,16,,,,,,,,,,,,
2390298,56526,Russia,4587288805,1776907350000,2026-04-23T01:22:30+00:00,50,3,1,3,5,10,12,13,15,17,,,,,,,,,,,,
2390278,56526,Russia,4587288727,1776906450000,2026-04-23T01:07:30+00:00,50,4,1,3,4,5,7,10,11,13,,,,,,,,,,,,
2390254,56526,Russia,4587288655,1776905550000,2026-04-23T00:52:30+00:00,50,4,2,3,7,8,10,14,18,20,,,,,,,,,,,,
2390233,56526,Russia,4587288577,1776904650000,2026-04-23T00:37:30+00:00,50,1,1,9,10,11,12,13,15,19,,,,,,,,,,,,
2390211,56526,Russia,4587288502,1776903750000,2026-04-23T00:22:30+00:00,50,2,2,10,11,12,13,15,18,20,,,,,,,,,,,,
2390188,56526,Russia,4587288424,1776902850000,2026-04-23T00:07:30+00:00,50,3,1,2,7,8,9,11,19,20,,,,,,,,,,,,
2390166,56526,Russia,4585427362,1776901950000,2026-04-22T23:52:30+00:00,50,2,1,2,5,10,12,15,18,19,,,,,,,,,,,,
2390146,56526,Russia,4585427284,1776901050000,2026-04-22T23:37:30+00:00,50,3,2,3,4,6,9,16,17,19,,,,,,,,,,,,
2390124,56526,Russia,4585427209,1776900150000,2026-04-22T23:22:30+00:00,50,3,2,4,9,13,14,17,18,20,,,,,,,,,,,,
2390104,56526,Russia,4585427131,1776899250000,2026-04-22T23:07:30+00:00,50,4,4,5,8,9,13,14,17,18,,,,,,,,,,,,
2390077,56526,Russia,4585427059,1776898350000,2026-04-22T22:52:30+00:00,50,2,1,3,5,6,7,8,12,16,,,,,,,,,,,,
2390054,56526,Russia,4585426981,1776897450000,2026-04-22T22:37:30+00:00,50,3,3,5,7,12,15,16,17,19,,,,,,,,,,,,
2390032,56526,Russia,4585426906,1776896550000,2026-04-22T22:22:30+00:00,50,1,1,5,9,13,16,17,19,20,,,,,,,,,,,,
2390014,56526,Russia,4585426837,1776895650000,2026-04-22T22:07:30+00:00,50,3,2,9,10,11,12,16,18,20,,,,,,,,,,,,
2390013,56526,Russia,4585426795,1776894750000,2026-04-22T21:52:30+00:00,50,1,4,6,9,10,11,12,19,20,,,,,,,,,,,,
2389962,56526,Russia,4585426771,1776893850000,2026-04-22T21:37:30+00:00,50,4,1,3,4,5,11,12,14,17,,,,,,,,,,,,
2389934,56526,Russia,4585426747,1776892950000,2026-04-22T21:22:30+00:00,50,2,1,7,8,10,15,16,19,20,,,,,,,,,,,,
2389904,56526,Russia,4585426726,1776892050000,2026-04-22T21:07:30+00:00,50,4,2,6,11,13,15,16,18,20,,,,,,,,,,,,
2389873,56526,Russia,4585425502,1776891150000,2026-04-22T20:52:30+00:00,50,3,4,7,8,12,13,15,17,20,,,,,,,,,,,,
2389842,56526,Russia,4585425397,1776890250000,2026-04-22T20:37:30+00:00,50,1,4,5,7,10,12,15,16,18,,,,,,,,,,,,
2389750,56526,Russia,4585425304,1776889350000,2026-04-22T20:22:30+00:00,60,,,,,,,,,,,,,,,,,,,,,
2389782,56526,Russia,4585425196,1776888450000,2026-04-22T20:07:30+00:00,50,2,2,4,6,8,9,12,16,17,,,,,,,,,,,,
2389741,56526,Russia,4585425082,1776887550000,2026-04-22T19:52:30+00:00,50,3,1,3,6,7,8,12,15,19,,,,,,,,,,,,
2389710,56526,Russia,4585424965,1776886650000,2026-04-22T19:37:30+00:00,50,4,1,6,9,10,12,15,16,17,,,,,,,,,,,,
2389555,56526,Russia,4585424857,1776885750000,2026-04-22T19:22:30+00:00,60,,,,,,,,,,,,,,,,,,,,,
2389554,56526,Russia,4585424743,1776884850000,2026-04-22T19:07:30+00:00,60,,,,,,,,,,,,,,,,,,,,,
2389553,56526,Russia,4585424611,1776883950000,2026-04-22T18:52:30+00:00,60,,,,,,,,,,,,,,,,,,,,,
2389578,56526,Russia,4585424488,1776883050000,2026-04-22T18:37:30+00:00,50,4,3,9,10,11,14,15,18,20,,,,,,,,,,,,
2389543,56526,Russia,4585424368,1776882150000,2026-04-22T18:22:30+00:00,50,1,2,4,11,12,13,15,16,20,,,,,,,,,,,,
2389511,56526,Russia,4585424251,1776881250000,2026-04-22T18:07:30+00:00,50,4,2,4,9,11,13,15,16,20,,,,,,,,,,,,
2389477,56526,Russia,4585424125,1776880350000,2026-04-22T17:52:30+00:00,50,1,1,2,5,8,13,15,17,19,,,,,,,,,,,,
2389445,56526,Russia,4585424011,1776879450000,2026-04-22T17:37:30+00:00,50,4,2,5,8,10,11,13,15,19,,,,,,,,,,,,
2389414,56526,Russia,4585423903,1776878550000,2026-04-22T17:22:30+00:00,50,2,3,4,6,7,9,10,12,18,,,,,,,,,,,,
2389290,56526,Russia,4585423789,1776877650000,2026-04-22T17:07:30+00:00,60,,,,,,,,,,,,,,,,,,,,,
2389289,56526,Russia,4585423657,1776876750000,2026-04-22T16:52:30+00:00,60,,,,,,,,,,,,,,,,,,,,,
2389311,56526,Russia,4585423534,1776875850000,2026-04-22T16:37:30+00:00,50,3,2,9,10,13,15,16,18,20,,,,,,,,,,,,
2389277,56526,Russia,4585423420,1776874950000,2026-04-22T16:22:30+00:00,50,2,3,10,12,13,14,18,19,20,,,,,,,,,,,,
2389246,56526,Russia,4585423309,1776874050000,2026-04-22T16:07:30+00:00,50,4,3,5,6,7,12,14,15,16,,,,,,,,,,,,
2389211,56526,Russia,4585423195,1776873150000,2026-04-22T15:52:30+00:00,50,1,3,5,7,9,10,15,17,18,,,,,,,,,,,,
2389179,56526,Russia,4585423075,1776872250000,2026-04-22T15:37:30+00:00,50,3,1,2,4,6,8,10,14,15,,,,,,,,,,,,
2389039,56526,Russia,4585422964,1776871350000,2026-04-22T15:22:30+00:00,60,,,,,,,,,,,,,,,,,,,,,
2389038,56526,Russia,4585422847,1776870450000,2026-04-22T15:07:30+00:00,60,,,,,,,,,,,,,,,,,,,,,
2389037,56526,Russia,4585422727,1776869550000,2026-04-22T14:52:30+00:00,60,,,,,,,,,,,,,,,,,,,,,
2389060,56526,Russia,4585422616,1776868650000,2026-04-22T14:37:30+00:00,50,4,2,4,7,9,10,11,18,19,,,,,,,,,,,,
2389028,56526,Russia,4585422511,1776867750000,2026-04-22T14:22:30+00:00,50,2,4,6,8,10,12,14,19,20,,,,,,,,,,,,
2388997,56526,Russia,4585422400,1776866850000,2026-04-22T14:07:30+00:00,50,2,2,3,6,8,12,14,17,19,,,,,,,,,,,,
2388965,56526,Russia,4585422289,1776865950000,2026-04-22T13:52:30+00:00,50,4,1,6,7,8,11,12,13,17,,,,,,,,,,,,
2388934,56526,Russia,4585422178,1776865050000,2026-04-22T13:37:30+00:00,50,4,1,2,3,9,12,14,16,18,,,,,,,,,,,,
2388821,56526,Russia,4585422076,1776864150000,2026-04-22T13:22:30+00:00,60,,,,,,,,,,,,,,,,,,,,,
2388820,56526,Russia,4585421959,1776863250000,2026-04-22T13:07:30+00:00,60,,,,,,,,,,,,,,,,,,,,,
2388841,56526,Russia,4585421839,1776862350000,2026-04-22T12:52:30+00:00,50,2,1,3,5,6,7,10,14,17,,,,,,,,,,,,
2388808,56526,Russia,4585421728,1776861450000,2026-04-22T12:37:30+00:00,50,3,4,7,9,11,13,14,16,18,,,,,,,,,,,,
2388778,56526,Russia,4585421620,1776860550000,2026-04-22T12:22:30+00:00,50,3,3,6,9,12,15,17,18,19,,,,,,,,,,,,
2388747,56526,Russia,4585421509,1776859650000,2026-04-22T12:07:30+00:00,50,2,1,2,3,7,10,13,14,20,,,,,,,,,,,,
2388714,56526,Russia,4585421392,1776858750000,2026-04-22T11:52:30+00:00,50,3,1,2,4,5,11,14,18,20,,,,,,,,,,,,
2388682,56526,Russia,4585421275,1776857850000,2026-04-22T11:37:30+00:00,50,3,3,6,8,12,13,14,16,17,,,,,,,,,,,,
2388654,56526,Russia,4585421170,1776856950000,2026-04-22T11:22:30+00:00,50,4,1,6,8,11,12,17,18,20,,,,,,,,,,,,
2388622,56526,Russia,4585421059,1776856050000,2026-04-22T11:07:30+00:00,50,4,3,5,9,12,14,15,16,20,,,,,,,,,,,,
2388537,56526,Russia,4585420948,1776855150000,2026-04-22T10:52:30+00:00,60,,,,,,,,,,,,,,,,,,,,,
2388559,56526,Russia,4585420828,1776854250000,2026-04-22T10:37:30+00:00,50,1,2,4,6,7,8,11,14,16,,,,,,,,,,,,
2388415,56526,Russia,4585420723,1776853350000,2026-04-22T10:22:30+00:00,60,,,,,,,,,,,,,,,,,,,,,
2388414,56526,Russia,4585420612,1776852450000,2026-04-22T10:07:30+00:00,60,,,,,,,,,,,,,,,,,,,,,
2388413,56526,Russia,4585420498,1776851550000,2026-04-22T09:52:30+00:00,60,,,,,,,,,,,,,,,,,,,,,
2388436,56526,Russia,4585420387,1776850650000,2026-04-22T09:37:30+00:00,50,4,1,2,7,11,12,17,18,20,,,,,,,,,,,,
2388404,56526,Russia,4585420279,1776849750000,2026-04-22T09:22:30+00:00,50,3,7,9,10,12,15,17,19,20,,,,,,,,,,,,
2388324,56526,Russia,4585420168,1776848850000,2026-04-22T09:07:30+00:00,60,,,,,,,,,,,,,,,,,,,,,
2388342,56526,Russia,4585420054,1776847950000,2026-04-22T08:52:30+00:00,50,4,2,3,5,7,10,13,18,20,,,,,,,,,,,,
2388310,56526,Russia,4585419943,1776847050000,2026-04-22T08:37:30+00:00,50,4,2,3,9,13,15,16,18,19,,,,,,,,,,,,
2388282,56526,Russia,4585419838,1776846150000,2026-04-22T08:22:30+00:00,50,2,7,10,11,14,15,16,17,19,,,,,,,,,,,,
2388251,56526,Russia,4585419727,1776845250000,2026-04-22T08:07:30+00:00,50,2,4,6,8,9,13,15,17,20,,,,,,,,,,,,
2388219,56526,Russia,4585419616,1776844350000,2026-04-22T07:52:30+00:00,50,1,2,3,5,8,10,12,15,16,,,,,,,,,,,,
2388188,56526,Russia,4585419505,1776843450000,2026-04-22T07:37:30+00:00,50,3,1,2,8,12,13,14,16,18,,,,,,,,,,,,
2388048,56526,Russia,4585419397,1776842550000,2026-04-22T07:22:30+00:00,60,,,,,,,,,,,,,,,,,,,,,
2388047,56526,Russia,4585419286,1776841650000,2026-04-22T07:07:30+00:00,60,,,,,,,,,,,,,,,,,,,,,
2388046,56526,Russia,4585419172,1776840750000,2026-04-22T06:52:30+00:00,60,,,,,,,,,,,,,,,,,,,,,
2388068,56526,Russia,4585419061,1776839850000,2026-04-22T06:37:30+00:00,50,1,1,3,5,6,11,13,14,16,,,,,,,,,,,,
2388037,56526,Russia,4585418959,1776838950000,2026-04-22T06:22:30+00:00,50,2,4,5,7,12,13,16,18,20,,,,,,,,,,,,
2388005,56526,Russia,4585418848,1776838050000,2026-04-22T06:07:30+00:00,50,4,2,3,5,9,11,14,18,19,,,,,,,,,,,,
2387978,56526,Russia,4585418746,1776837150000,2026-04-22T05:52:30+00:00,50,3,1,4,6,7,8,11,12,15,,,,,,,,,,,,
2387951,56526,Russia,4585418644,1776836250000,2026-04-22T05:37:30+00:00,50,2,1,5,6,8,9,14,16,17,,,,,,,,,,,,
2387922,56526,Russia,4585418551,1776835350000,2026-04-22T05:22:30+00:00,50,3,1,4,5,9,11,14,15,18,,,,,,,,,,,,
2387897,56526,Russia,4585418449,1776834450000,2026-04-22T05:07:30+00:00,50,3,1,4,10,12,14,15,16,18,,,,,,,,,,,,
2387872,56526,Russia,4585418359,1776833550000,2026-04-22T04:52:30+00:00,50,2,1,3,4,5,16,17,18,19,,,,,,,,,,,,
2387848,56526,Russia,4585418269,1776832650000,2026-04-22T04:37:30+00:00,50,2,1,2,4,6,7,9,12,13,,,,,,,,,,,,
2387828,56526,Russia,4585418191,1776831750000,2026-04-22T04:22:30+00:00,50,4,1,3,7,11,15,16,17,20,,,,,,,,,,,,
2387808,56526,Russia,4585418113,1776830850000,2026-04-22T04:07:30+00:00,50,4,3,5,7,8,9,12,14,16,,,,,,,,,,,,
2387789,56526,Russia,4585418041,1776829950000,2026-04-22T03:52:30+00:00,50,4,6,8,9,12,15,17,18,20,,,,,,,,,,,,
2387766,56526,Russia,4585417963,1776829050000,2026-04-22T03:37:30+00:00,50,3,4,7,8,10,11,15,16,17,,,,,,,,,,,,
2387741,56526,Russia,4585417888,1776828150000,2026-04-22T03:22:30+00:00,50,2,1,3,10,11,13,15,17,18,,,,,,,,,,,,
2387711,56526,Russia,4585417810,1776827250000,2026-04-22T03:07:30+00:00,50,4,2,3,6,7,10,15,17,19,,,,,,,,,,,,
2387690,56526,Russia,4585417738,1776826350000,2026-04-22T02:52:30+00:00,50,1,5,6,8,10,12,13,15,18,,,,,,,,,,,,
2387667,56526,Russia,4585417660,1776825450000,2026-04-22T02:37:30+00:00,50,4,1,3,7,9,11,15,16,19,,,,,,,,,,,,
2387648,56526,Russia,4585417585,1776824550000,2026-04-22T02:22:30+00:00,50,3,1,2,5,7,8,10,14,15,,,,,,,,,,,,
2387618,56526,Russia,4585417507,1776823650000,2026-04-22T02:07:30+00:00,50,1,1,2,7,8,10,13,14,19,,,,,,,,,,,,
2387602,56526,Russia,4585417435,1776822750000,2026-04-22T01:52:30+00:00,50,2,2,3,5,6,9,12,14,17,,,,,,,,,,,,
2387583,56526,Russia,4585417357,1776821850000,2026-04-22T01:37:30+00:00,50,2,1,6,7,9,10,13,17,18,,,,,,,,,,,,
2387564,56526,Russia,4585417282,1776820950000,2026-04-22T01:22:30+00:00,50,1,1,7,8,9,13,14,17,19,,,,,,,,,,,,
2387541,56526,Russia,4585417204,1776820050000,2026-04-22T01:07:30+00:00,50,4,2,3,6,10,15,16,17,19,,,,,,,,,,,,
2387522,56526,Russia,4585417132,1776819150000,2026-04-22T00:52:30+00:00,50,4,1,2,10,11,12,14,19,20,,,,,,,,,,,,
2387500,56526,Russia,4585417054,1776818250000,2026-04-22T00:37:30+00:00,50,2,5,9,13,15,16,17,18,19,,,,,,,,,,,,
2387480,56526,Russia,4585416979,1776817350000,2026-04-22T00:22:30+00:00,50,1,4,7,11,14,15,17,18,19,,,,,,,,,,,,
2387459,56526,Russia,4585416901,1776816450000,2026-04-22T00:07:30+00:00,50,1,1,7,8,10,15,18,19,20,,,,,,,,,,,,
2387439,56526,Russia,4583427664,1776815550000,2026-04-21T23:52:30+00:00,50,4,1,6,8,9,12,15,17,19,,,,,,,,,,,,
2387418,56526,Russia,4583427586,1776814650000,2026-04-21T23:37:30+00:00,50,1,1,3,4,6,10,12,14,16,,,,,,,,,,,,
2387399,56526,Russia,4583427511,1776813750000,2026-04-21T23:22:30+00:00,50,3,1,3,10,11,13,16,17,20,,,,,,,,,,,,
2387374,56526,Russia,4583427433,1776812850000,2026-04-21T23:07:30+00:00,50,3,1,5,6,11,12,13,14,18,,,,,,,,,,,,
2387350,56526,Russia,4583427361,1776811950000,2026-04-21T22:52:30+00:00,50,2,1,5,6,7,8,16,18,19,,,,,,,,,,,,
2387327,56526,Russia,4583427283,1776811050000,2026-04-21T22:37:30+00:00,50,3,1,6,7,9,15,16,18,19,,,,,,,,,,,,
2387320,56526,Russia,4583427208,1776810150000,2026-04-21T22:22:30+00:00,50,2,6,7,10,11,15,16,18,20,,,,,,,,,,,,
2387284,56526,Russia,4583427139,1776809250000,2026-04-21T22:07:30+00:00,50,4,1,2,3,4,11,15,18,19,,,,,,,,,,,,
2387244,56526,Russia,4583427097,1776808350000,2026-04-21T21:52:30+00:00,50,2,1,3,5,6,8,10,13,16,,,,,,,,,,,,
2387221,56526,Russia,4583427073,1776807450000,2026-04-21T21:37:30+00:00,50,4,1,6,9,12,14,16,17,20,,,,,,,,,,,,
2387199,56526,Russia,4583427049,1776806550000,2026-04-21T21:22:30+00:00,50,1,4,5,9,10,11,12,13,18,,,,,,,,,,,,
2387176,56526,Russia,4583427028,1776805650000,2026-04-21T21:07:30+00:00,50,1,2,3,4,6,11,15,16,18,,,,,,,,,,,,
2387146,56526,Russia,4583425813,1776804750000,2026-04-21T20:52:30+00:00,50,3,3,5,6,11,12,13,14,17,,,,,,,,,,,,
2387115,56526,Russia,4583425708,1776803850000,2026-04-21T20:37:30+00:00,50,1,3,7,9,12,13,15,17,18,,,,,,,,,,,,
2387024,56526,Russia,4583425615,1776802950000,2026-04-21T20:22:30+00:00,60,,,,,,,,,,,,,,,,,,,,,
2387048,56526,Russia,4583425507,1776802050000,2026-04-21T20:07:30+00:00,50,4,1,3,5,9,13,14,16,17,,,,,,,,,,,,
2387015,56526,Russia,4583425393,1776801150000,2026-04-21T19:52:30+00:00,50,3,1,8,11,12,14,15,16,19,,,,,,,,,,,,
2386984,56526,Russia,4583425270,1776800250000,2026-04-21T19:37:30+00:00,50,2,6,10,11,12,13,15,16,18,,,,,,,,,,,,
2386830,56526,Russia,4583425162,1776799350000,2026-04-21T19:22:30+00:00,60,,,,,,,,,,,,,,,,,,,,,
2386829,56526,Russia,4583425051,1776798450000,2026-04-21T19:07:30+00:00,60,,,,,,,,,,,,,,,,,,,,,
2386828,56526,Russia,4583424922,1776797550000,2026-04-21T18:52:30+00:00,60,,,,,,,,,,,,,,,,,,,,,
2386854,56526,Russia,4583424802,1776796650000,2026-04-21T18:37:30+00:00,50,2,3,6,8,11,14,17,18,20,,,,,,,,,,,,
2386819,56526,Russia,4583424679,1776795750000,2026-04-21T18:22:30+00:00,50,4,1,2,4,5,7,11,14,19,,,,,,,,,,,,
2386786,56526,Russia,4583424568,1776794850000,2026-04-21T18:07:30+00:00,50,2,8,10,12,14,15,16,17,19,,,,,,,,,,,,
2386750,56526,Russia,4583424433,1776793950000,2026-04-21T17:52:30+00:00,50,3,1,6,9,11,14,16,19,20,,,,,,,,,,,,
2386719,56526,Russia,4583424319,1776793050000,2026-04-21T17:37:30+00:00,50,2,1,4,5,8,14,16,19,20,,,,,,,,,,,,
2386689,56526,Russia,4583424211,1776792150000,2026-04-21T17:22:30+00:00,50,1,1,4,7,9,14,16,17,18,,,,,,,,,,,,
2386567,56526,Russia,4583424097,1776791250000,2026-04-21T17:07:30+00:00,60,,,,,,,,,,,,,,,,,,,,,
2386566,56526,Russia,4583423971,1776790350000,2026-04-21T16:52:30+00:00,60,,,,,,,,,,,,,,,,,,,,,
2386588,56526,Russia,4583423851,1776789450000,2026-04-21T16:37:30+00:00,50,1,2,4,5,6,10,12,16,17,,,,,,,,,,,,
2386555,56526,Russia,4583423740,1776788550000,2026-04-21T16:22:30+00:00,50,2,1,3,11,12,13,15,18,20,,,,,,,,,,,,
2386523,56526,Russia,4583423629,1776787650000,2026-04-21T16:07:30+00:00,50,2,8,9,12,13,17,18,19,20,,,,,,,,,,,,
2386492,56526,Russia,4583423515,1776786750000,2026-04-21T15:52:30+00:00,50,1,2,6,8,10,11,15,19,20,,,,,,,,,,,,
2386458,56526,Russia,4583423386,1776785850000,2026-04-21T15:37:30+00:00,50,3,2,3,7,10,12,16,17,20,,,,,,,,,,,,
2386317,56526,Russia,4583423278,1776784950000,2026-04-21T15:22:30+00:00,60,,,,,,,,,,,,,,,,,,,,,
2386316,56526,Russia,4583423167,1776784050000,2026-04-21T15:07:30+00:00,60,,,,,,,,,,,,,,,,,,,,,
2386315,56526,Russia,4583423050,1776783150000,2026-04-21T14:52:30+00:00,60,,,,,,,,,,,,,,,,,,,,,
2386339,56526,Russia,4583422939,1776782250000,2026-04-21T14:37:30+00:00,50,4,1,6,8,9,11,14,16,19,,,,,,,,,,,,
2386306,56526,Russia,4583422831,1776781350000,2026-04-21T14:22:30+00:00,50,3,2,4,9,10,12,13,14,18,,,,,,,,,,,,
2386275,56526,Russia,4583422720,1776780450000,2026-04-21T14:07:30+00:00,50,4,3,10,11,12,13,15,16,19,,,,,,,,,,,,
2386243,56526,Russia,4583422609,1776779550000,2026-04-21T13:52:30+00:00,50,1,1,3,6,9,10,11,16,17,,,,,,,,,,,,
2386212,56526,Russia,4583422498,1776778650000,2026-04-21T13:37:30+00:00,50,4,3,4,5,9,15,16,18,19,,,,,,,,,,,,
2386098,56526,Russia,4583422396,1776777750000,2026-04-21T13:22:30+00:00,60,,,,,,,,,,,,,,,,,,,,,
2386097,56526,Russia,4583422279,1776776850000,2026-04-21T13:07:30+00:00,60,,,,,,,,,,,,,,,,,,,,,
2386118,56526,Russia,4583422159,1776775950000,2026-04-21T12:52:30+00:00,50,1,1,6,7,8,14,18,19,20,,,,,,,,,,,,
2386085,56526,Russia,4583422048,1776775050000,2026-04-21T12:37:30+00:00,50,2,1,7,8,11,12,14,16,17,,,,,,,,,,,,
2386055,56526,Russia,4583421940,1776774150000,2026-04-21T12:22:30+00:00,50,4,1,4,5,6,11,16,19,20,,,,,,,,,,,,
2386024,56526,Russia,4583421829,1776773250000,2026-04-21T12:07:30+00:00,50,2,3,4,7,8,10,12,15,16,,,,,,,,,,,,
2385991,56526,Russia,4583421712,1776772350000,2026-04-21T11:52:30+00:00,50,1,4,5,6,7,10,11,12,13,,,,,,,,,,,,
2385959,56526,Russia,4583421595,1776771450000,2026-04-21T11:37:30+00:00,50,1,7,8,10,11,15,17,18,20,,,,,,,,,,,,
2385929,56526,Russia,4583421490,1776770550000,2026-04-21T11:22:30+00:00,50,3,4,8,11,12,16,17,18,20,,,,,,,,,,,,
2385898,56526,Russia,4583421379,1776769650000,2026-04-21T11:07:30+00:00,50,3,1,3,5,8,12,13,17,19,,,,,,,,,,,,
2385812,56526,Russia,4583421268,1776768750000,2026-04-21T10:52:30+00:00,60,,,,,,,,,,,,,,,,,,,,,
2385833,56526,Russia,4583421148,1776767850000,2026-04-21T10:37:30+00:00,50,3,2,7,8,11,14,15,18,19,,,,,,,,,,,,
2385691,56526,Russia,4583421043,1776766950000,2026-04-21T10:22:30+00:00,60,,,,,,,,,,,,,,,,,,,,,
2385690,56526,Russia,4583420932,1776766050000,2026-04-21T10:07:30+00:00,60,,,,,,,,,,,,,,,,,,,,,
2385689,56526,Russia,4583420818,1776765150000,2026-04-21T09:52:30+00:00,60,,,,,,,,,,,,,,,,,,,,,
2385712,56526,Russia,4583420707,1776764250000,2026-04-21T09:37:30+00:00,50,1,2,7,9,15,16,18,19,20,,,,,,,,,,,,
2385680,56526,Russia,4583420602,1776763350000,2026-04-21T09:22:30+00:00,50,2,3,4,6,7,8,10,16,20,,,,,,,,,,,,
2385600,56526,Russia,4583420491,1776762450000,2026-04-21T09:07:30+00:00,60,,,,,,,,,,,,,,,,,,,,,
2385619,56526,Russia,4583420377,1776761550000,2026-04-21T08:52:30+00:00,50,4,2,4,9,13,14,15,16,19,,,,,,,,,,,,
2385588,56526,Russia,4583420266,1776760650000,2026-04-21T08:37:30+00:00,50,3,2,3,5,9,11,12,18,19,,,,,,,,,,,,
2385559,56526,Russia,4583420161,1776759750000,2026-04-21T08:22:30+00:00,50,4,4,8,9,12,13,16,17,20,,,,,,,,,,,,
2385527,56526,Russia,4583420050,1776758850000,2026-04-21T08:07:30+00:00,50,2,1,2,6,12,13,15,16,17,,,,,,,,,,,,
2385496,56526,Russia,4583419939,1776757950000,2026-04-21T07:52:30+00:00,50,1,3,5,8,10,12,14,15,19,,,,,,,,,,,,
2385465,56526,Russia,4583419828,1776757050000,2026-04-21T07:37:30+00:00,50,2,1,2,3,8,10,11,18,19,,,,,,,,,,,,
2385325,56526,Russia,4583419723,1776756150000,2026-04-21T07:22:30+00:00,60,,,,,,,,,,,,,,,,,,,,,
2385324,56526,Russia,4583419612,1776755250000,2026-04-21T07:07:30+00:00,60,,,,,,,,,,,,,,,,,,,,,
2385323,56526,Russia,4583419498,1776754350000,2026-04-21T06:52:30+00:00,60,,,,,,,,,,,,,,,,,,,,,
2385345,56526,Russia,4583419387,1776753450000,2026-04-21T06:37:30+00:00,50,3,2,3,4,7,8,16,17,20,,,,,,,,,,,,
2385314,56526,Russia,4583419285,1776752550000,2026-04-21T06:22:30+00:00,50,1,3,6,7,8,9,10,15,16,,,,,,,,,,,,
2385283,56526,Russia,4583419174,1776751650000,2026-04-21T06:07:30+00:00,50,4,1,5,6,7,16,17,19,20,,,,,,,,,,,,
2385255,56526,Russia,4583419072,1776750750000,2026-04-21T05:52:30+00:00,50,4,3,4,5,9,10,11,18,20,,,,,,,,,,,,
2385228,56526,Russia,4583418970,1776749850000,2026-04-21T05:37:30+00:00,50,4,2,4,6,7,8,12,13,16,,,,,,,,,,,,
2385203,56526,Russia,4583418877,1776748950000,2026-04-21T05:22:30+00:00,50,1,2,3,6,9,12,14,16,19,,,,,,,,,,,,
2385174,56526,Russia,4583418775,1776748050000,2026-04-21T05:07:30+00:00,50,1,1,2,4,5,6,11,12,13,,,,,,,,,,,,
2385149,56526,Russia,4583418685,1776747150000,2026-04-21T04:52:30+00:00,50,1,5,7,8,9,11,13,14,19,,,,,,,,,,,,
2385125,56526,Russia,4583418595,1776746250000,2026-04-21T04:37:30+00:00,50,4,2,3,7,8,9,15,19,20,,,,,,,,,,,,
2385105,56526,Russia,4583418517,1776745350000,2026-04-21T04:22:30+00:00,50,4,3,5,6,8,9,11,13,18,,,,,,,,,,,,
2385085,56526,Russia,4583418439,1776744450000,2026-04-21T04:07:30+00:00,50,2,1,3,4,5,6,7,9,15,,,,,,,,,,,,
2385065,56526,Russia,4583418367,1776743550000,2026-04-21T03:52:30+00:00,50,1,2,3,4,6,10,13,15,16,,,,,,,,,,,,
2385042,56526,Russia,4583418289,1776742650000,2026-04-21T03:37:30+00:00,50,2,2,3,5,6,8,15,18,20,,,,,,,,,,,,
2385018,56526,Russia,4583418214,1776741750000,2026-04-21T03:22:30+00:00,50,1,3,5,6,7,8,11,17,18,,,,,,,,,,,,
2384992,56526,Russia,4583418136,1776740850000,2026-04-21T03:07:30+00:00,50,4,6,7,8,9,10,11,12,17,,,,,,,,,,,,
2384967,56526,Russia,4583418064,1776739950000,2026-04-21T02:52:30+00:00,50,3,3,6,7,9,10,11,15,19,,,,,,,,,,,,
2384941,56526,Russia,4583417986,1776739050000,2026-04-21T02:37:30+00:00,50,1,4,8,10,14,15,16,17,19,,,,,,,,,,,,
2384921,56526,Russia,4583417911,1776738150000,2026-04-21T02:22:30+00:00,50,1,1,3,4,6,13,16,18,19,,,,,,,,,,,,
2384898,56526,Russia,4583417833,1776737250000,2026-04-21T02:07:30+00:00,50,1,5,8,10,15,16,17,18,19,,,,,,,,,,,,
2384876,56526,Russia,4583417761,1776736350000,2026-04-21T01:52:30+00:00,50,3,3,4,7,9,10,15,16,19,,,,,,,,,,,,
2384855,56526,Russia,4583417683,1776735450000,2026-04-21T01:37:30+00:00,50,3,2,4,7,8,12,17,18,19,,,,,,,,,,,,
2384835,56526,Russia,4583417608,1776734550000,2026-04-21T01:22:30+00:00,50,4,2,6,8,12,14,16,17,20,,,,,,,,,,,,
2384813,56526,Russia,4583417530,1776733650000,2026-04-21T01:07:30+00:00,50,4,2,3,5,8,9,13,14,19,,,,,,,,,,,,
2384791,56526,Russia,4583417458,1776732750000,2026-04-21T00:52:30+00:00,50,1,2,3,4,5,7,8,15,16,,,,,,,,,,,,
2384771,56526,Russia,4583417380,1776731850000,2026-04-21T00:37:30+00:00,50,2,4,6,10,11,12,15,16,20,,,,,,,,,,,,
2384750,56526,Russia,4583417305,1776730950000,2026-04-21T00:22:30+00:00,50,3,3,4,10,11,12,17,19,20,,,,,,,,,,,,
2384729,56526,Russia,4583417227,1776730050000,2026-04-21T00:07:30+00:00,50,1,1,2,3,12,14,15,19,20,,,,,,,,,,,,
2384708,56526,Russia,4581550492,1776729150000,2026-04-20T23:52:30+00:00,50,4,3,7,9,13,14,16,18,19,,,,,,,,,,,,
2384686,56526,Russia,4581550414,1776728250000,2026-04-20T23:37:30+00:00,50,3,1,2,8,12,13,14,16,18,,,,,,,,,,,,
2384664,56526,Russia,4581550339,1776727350000,2026-04-20T23:22:30+00:00,50,2,1,2,8,9,11,12,17,20,,,,,,,,,,,,
2384640,56526,Russia,4581550261,1776726450000,2026-04-20T23:07:30+00:00,50,3,1,4,10,11,13,14,16,18,,,,,,,,,,,,
2384614,56526,Russia,4581550189,1776725550000,2026-04-20T22:52:30+00:00,50,1,1,3,5,6,9,14,18,19,,,,,,,,,,,,
2384591,56526,Russia,4581550111,1776724650000,2026-04-20T22:37:30+00:00,50,1,1,4,5,7,10,16,19,20,,,,,,,,,,,,
2384569,56526,Russia,4581550036,1776723750000,2026-04-20T22:22:30+00:00,50,4,3,6,8,9,11,15,19,20,,,,,,,,,,,,
2384549,56526,Russia,4581549967,1776722850000,2026-04-20T22:07:30+00:00,50,2,1,3,4,7,11,15,16,19,,,,,,,,,,,,
2384529,56526,Russia,4581549925,1776721950000,2026-04-20T21:52:30+00:00,50,4,1,4,7,8,9,10,19,20,,,,,,,,,,,,
2384499,56526,Russia,4581549901,1776721050000,2026-04-20T21:37:30+00:00,50,3,6,7,12,13,14,18,19,20,,,,,,,,,,,,
2384471,56526,Russia,4581549877,1776720150000,2026-04-20T21:22:30+00:00,50,2,2,4,7,8,9,11,12,14,,,,,,,,,,,,
2384440,56526,Russia,4581549856,1776719250000,2026-04-20T21:07:30+00:00,50,1,2,5,6,9,16,18,19,20,,,,,,,,,,,,
2384410,56526,Russia,4581548629,1776718350000,2026-04-20T20:52:30+00:00,50,2,3,4,5,10,11,12,16,18,,,,,,,,,,,,
2384379,56526,Russia,4581548524,1776717450000,2026-04-20T20:37:30+00:00,50,3,1,3,6,11,14,15,18,20,,,,,,,,,,,,
2384290,56526,Russia,4581548431,1776716550000,2026-04-20T20:22:30+00:00,60,,,,,,,,,,,,,,,,,,,,,
2384308,56526,Russia,4581548323,1776715650000,2026-04-20T20:07:30+00:00,50,4,2,3,5,8,11,15,16,17,,,,,,,,,,,,
2384281,56526,Russia,4581548209,1776714750000,2026-04-20T19:52:30+00:00,50,2,4,5,6,8,13,16,17,18,,,,,,,,,,,,
2384249,56526,Russia,4581548089,1776713850000,2026-04-20T19:37:30+00:00,50,4,2,3,4,6,9,12,17,19,,,,,,,,,,,,
2384099,56526,Russia,4581547981,1776712950000,2026-04-20T19:22:30+00:00,60,,,,,,,,,,,,,,,,,,,,,
2384098,56526,Russia,4581547870,1776712050000,2026-04-20T19:07:30+00:00,60,,,,,,,,,,,,,,,,,,,,,
2384097,56526,Russia,4581547753,1776711150000,2026-04-20T18:52:30+00:00,60,,,,,,,,,,,,,,,,,,,,,
2384122,56526,Russia,4581547636,1776710250000,2026-04-20T18:37:30+00:00,50,3,2,3,4,6,7,13,15,17,,,,,,,,,,,,
2384088,56526,Russia,4581547516,1776709350000,2026-04-20T18:22:30+00:00,50,3,5,6,7,8,10,15,16,17,,,,,,,,,,,,
2384056,56526,Russia,4581547399,1776708450000,2026-04-20T18:07:30+00:00,50,3,3,7,8,14,15,16,17,19,,,,,,,,,,,,
2384022,56526,Russia,4581547273,1776707550000,2026-04-20T17:52:30+00:00,50,3,4,6,8,10,12,13,17,19,,,,,,,,,,,,
2383990,56526,Russia,4581547159,1776706650000,2026-04-20T17:37:30+00:00,50,3,1,2,6,14,16,17,18,20,,,,,,,,,,,,
2383960,56526,Russia,4581547051,1776705750000,2026-04-20T17:22:30+00:00,50,3,1,5,12,14,15,16,18,19,,,,,,,,,,,,
2383839,56526,Russia,4581546937,1776704850000,2026-04-20T17:07:30+00:00,60,,,,,,,,,,,,,,,,,,,,,
2383838,56526,Russia,4581546811,1776703950000,2026-04-20T16:52:30+00:00,60,,,,,,,,,,,,,,,,,,,,,
2383861,56526,Russia,4581546691,1776703050000,2026-04-20T16:37:30+00:00,50,2,1,3,4,9,14,15,17,20,,,,,,,,,,,,
2383827,56526,Russia,4581546580,1776702150000,2026-04-20T16:22:30+00:00,50,3,7,10,11,13,16,17,19,20,,,,,,,,,,,,
2383796,56526,Russia,4581546469,1776701250000,2026-04-20T16:07:30+00:00,50,1,6,7,9,14,15,16,19,20,,,,,,,,,,,,
2383761,56526,Russia,4581546355,1776700350000,2026-04-20T15:52:30+00:00,50,3,6,10,12,13,16,17,18,19,,,,,,,,,,,,
2383730,56526,Russia,4581546232,1776699450000,2026-04-20T15:37:30+00:00,50,1,1,2,6,11,13,15,17,20,,,,,,,,,,,,
2383590,56526,Russia,4581546124,1776698550000,2026-04-20T15:22:30+00:00,60,,,,,,,,,,,,,,,,,,,,,
2383589,56526,Russia,4581546013,1776697650000,2026-04-20T15:07:30+00:00,60,,,,,,,,,,,,,,,,,,,,,
2383588,56526,Russia,4581545896,1776696750000,2026-04-20T14:52:30+00:00,60,,,,,,,,,,,,,,,,,,,,,
2383611,56526,Russia,4581545785,1776695850000,2026-04-20T14:37:30+00:00,50,2,3,4,8,10,11,16,17,19,,,,,,,,,,,,
2383579,56526,Russia,4581545680,1776694950000,2026-04-20T14:22:30+00:00,50,3,3,5,8,10,12,14,15,16,,,,,,,,,,,,
2383548,56526,Russia,4581545569,1776694050000,2026-04-20T14:07:30+00:00,50,4,1,2,5,7,11,12,13,20,,,,,,,,,,,,
2383516,56526,Russia,4581545458,1776693150000,2026-04-20T13:52:30+00:00,50,3,3,5,6,7,9,10,11,14,,,,,,,,,,,,
2383485,56526,Russia,4581545347,1776692250000,2026-04-20T13:37:30+00:00,50,4,1,3,5,6,11,13,14,20,,,,,,,,,,,,
2383371,56526,Russia,4581545245,1776691350000,2026-04-20T13:22:30+00:00,60,,,,,,,,,,,,,,,,,,,,,
2383370,56526,Russia,4581545128,1776690450000,2026-04-20T13:07:30+00:00,60,,,,,,,,,,,,,,,,,,,,,
2383391,56526,Russia,4581545005,1776689550000,2026-04-20T12:52:30+00:00,50,3,1,4,5,7,14,15,19,20,,,,,,,,,,,,
2383358,56526,Russia,4581544894,1776688650000,2026-04-20T12:37:30+00:00,50,2,2,4,5,8,9,12,13,19,,,,,,,,,,,,
2383328,56526,Russia,4581544786,1776687750000,2026-04-20T12:22:30+00:00,50,2,3,5,7,8,10,11,14,19,,,,,,,,,,,,
2383297,56526,Russia,4581544675,1776686850000,2026-04-20T12:07:30+00:00,50,2,2,5,7,8,10,13,15,20,,,,,,,,,,,,
2383264,56526,Russia,4581544558,1776685950000,2026-04-20T11:52:30+00:00,50,2,8,12,13,14,15,16,17,20,,,,,,,,,,,,
2383232,56526,Russia,4581544441,1776685050000,2026-04-20T11:37:30+00:00,50,3,3,5,7,8,11,15,18,19,,,,,,,,,,,,
2383202,56526,Russia,4581544336,1776684150000,2026-04-20T11:22:30+00:00,50,4,2,5,6,8,12,13,16,18,,,,,,,,,,,,
2383170,56526,Russia,4581544225,1776683250000,2026-04-20T11:07:30+00:00,50,2,1,2,8,9,13,15,18,19,,,,,,,,,,,,
2383083,56526,Russia,4581544114,1776682350000,2026-04-20T10:52:30+00:00,60,,,,,,,,,,,,,,,,,,,,,
2383106,56526,Russia,4581543994,1776681450000,2026-04-20T10:37:30+00:00,50,4,2,3,5,6,10,12,16,18,,,,,,,,,,,,
2382961,56526,Russia,4581543886,1776680550000,2026-04-20T10:22:30+00:00,60,,,,,,,,,,,,,,,,,,,,,
2382960,56526,Russia,4581543775,1776679650000,2026-04-20T10:07:30+00:00,60,,,,,,,,,,,,,,,,,,,,,
2382959,56526,Russia,4581543661,1776678750000,2026-04-20T09:52:30+00:00,60,,,,,,,,,,,,,,,,,,,,,
2382982,56526,Russia,4581543547,1776677850000,2026-04-20T09:37:30+00:00,50,1,2,6,7,9,12,15,16,19,,,,,,,,,,,,
2382950,56526,Russia,4581543439,1776676950000,2026-04-20T09:22:30+00:00,50,2,1,3,6,9,10,17,18,19,,,,,,,,,,,,
2382870,56526,Russia,4581543328,1776676050000,2026-04-20T09:07:30+00:00,60,,,,,,,,,,,,,,,,,,,,,
2382889,56526,Russia,4581543214,1776675150000,2026-04-20T08:52:30+00:00,50,4,2,3,9,12,14,15,17,18,,,,,,,,,,,,
2382858,56526,Russia,4581543103,1776674250000,2026-04-20T08:37:30+00:00,50,2,5,7,8,9,10,13,14,18,,,,,,,,,,,,
2382829,56526,Russia,4581542998,1776673350000,2026-04-20T08:22:30+00:00,50,2,1,2,3,4,7,11,14,18,,,,,,,,,,,,
2382798,56526,Russia,4581542887,1776672450000,2026-04-20T08:07:30+00:00,50,1,2,4,8,14,17,18,19,20,,,,,,,,,,,,
2382766,56526,Russia,4581542776,1776671550000,2026-04-20T07:52:30+00:00,50,4,3,4,8,12,13,15,18,19,,,,,,,,,,,,
2382735,56526,Russia,4581542665,1776670650000,2026-04-20T07:37:30+00:00,50,3,7,9,10,12,13,14,16,20,,,,,,,,,,,,
2382595,56526,Russia,4581542560,1776669750000,2026-04-20T07:22:30+00:00,60,,,,,,,,,,,,,,,,,,,,,
2382594,56526,Russia,4581542449,1776668850000,2026-04-20T07:07:30+00:00,60,,,,,,,,,,,,,,,,,,,,,
2382593,56526,Russia,4581542335,1776667950000,2026-04-20T06:52:30+00:00,60,,,,,,,,,,,,,,,,,,,,,
2382615,56526,Russia,4581542224,1776667050000,2026-04-20T06:37:30+00:00,50,2,1,2,3,11,13,14,15,16,,,,,,,,,,,,
2382584,56526,Russia,4581542122,1776666150000,2026-04-20T06:22:30+00:00,50,3,1,8,11,13,14,18,19,20,,,,,,,,,,,,
2382553,56526,Russia,4581542011,1776665250000,2026-04-20T06:07:30+00:00,50,1,3,5,10,11,14,17,18,19,,,,,,,,,,,,
2382525,56526,Russia,4581541909,1776664350000,2026-04-20T05:52:30+00:00,50,2,1,2,5,10,11,13,16,20,,,,,,,,,,,,
2382498,56526,Russia,4581541807,1776663450000,2026-04-20T05:37:30+00:00,50,1,4,6,9,11,12,17,18,19,,,,,,,,,,,,
2382473,56526,Russia,4581541714,1776662550000,2026-04-20T05:22:30+00:00,50,3,2,3,8,9,10,11,15,16,,,,,,,,,,,,
2382444,56526,Russia,4581541612,1776661650000,2026-04-20T05:07:30+00:00,50,3,1,3,6,8,9,13,17,18,,,,,,,,,,,,
2382420,56526,Russia,4581541522,1776660750000,2026-04-20T04:52:30+00:00,50,3,6,7,10,14,16,17,18,20,,,,,,,,,,,,
2382396,56526,Russia,4581541432,1776659850000,2026-04-20T04:37:30+00:00,50,3,3,5,7,12,13,14,15,17,,,,,,,,,,,,
2382376,56526,Russia,4581541354,1776658950000,2026-04-20T04:22:30+00:00,50,4,3,4,6,8,12,13,18,20,,,,,,,,,,,,
2382356,56526,Russia,4581541276,1776658050000,2026-04-20T04:07:30+00:00,50,4,1,3,6,7,10,12,14,18,,,,,,,,,,,,
2382338,56526,Russia,4581541204,1776657150000,2026-04-20T03:52:30+00:00,50,1,1,2,3,13,14,17,18,19,,,,,,,,,,,,
2382317,56526,Russia,4581541126,1776656250000,2026-04-20T03:37:30+00:00,50,1,4,6,8,13,15,16,18,20,,,,,,,,,,,,
2382296,56526,Russia,4581541051,1776655350000,2026-04-20T03:22:30+00:00,50,1,3,4,7,9,10,11,15,20,,,,,,,,,,,,
2382268,56526,Russia,4581540973,1776654450000,2026-04-20T03:07:30+00:00,50,4,7,8,9,10,12,14,15,17,,,,,,,,,,,,
2382247,56526,Russia,4581540901,1776653550000,2026-04-20T02:52:30+00:00,50,4,2,3,5,9,10,11,16,20,,,,,,,,,,,,
2382226,56526,Russia,4581540823,1776652650000,2026-04-20T02:37:30+00:00,50,2,2,5,10,13,16,17,18,19,,,,,,,,,,,,
2382203,56526,Russia,4581540748,1776651750000,2026-04-20T02:22:30+00:00,50,4,1,5,9,12,14,16,17,20,,,,,,,,,,,,
2382180,56526,Russia,4581540670,1776650850000,2026-04-20T02:07:30+00:00,50,3,1,3,5,9,16,17,19,20,,,,,,,,,,,,
2382159,56526,Russia,4581540598,1776649950000,2026-04-20T01:52:30+00:00,50,2,2,3,7,8,10,11,12,18,,,,,,,,,,,,
2382137,56526,Russia,4581540520,1776649050000,2026-04-20T01:37:30+00:00,50,2,3,4,6,8,10,16,19,20,,,,,,,,,,,,
2382118,56526,Russia,4581540445,1776648150000,2026-04-20T01:22:30+00:00,50,1,4,5,6,7,8,11,18,20,,,,,,,,,,,,
2382096,56526,Russia,4581540367,1776647250000,2026-04-20T01:07:30+00:00,50,2,1,6,8,9,14,15,16,20,,,,,,,,,,,,
2382073,56526,Russia,4581540295,1776646350000,2026-04-20T00:52:30+00:00,50,1,3,8,10,12,14,15,17,18,,,,,,,,,,,,
2382052,56526,Russia,4581540217,1776645450000,2026-04-20T00:37:30+00:00,50,1,2,3,4,10,13,15,18,20,,,,,,,,,,,,
2382032,56526,Russia,4581540142,1776644550000,2026-04-20T00:22:30+00:00,50,1,4,6,7,8,11,14,15,20,,,,,,,,,,,,
2382009,56526,Russia,4581540064,1776643650000,2026-04-20T00:07:30+00:00,50,2,1,6,8,10,11,14,17,18,,,,,,,,,,,,
2381990,56526,Russia,4579295920,1776642750000,2026-04-19T23:52:30+00:00,50,4,3,5,6,9,11,12,16,19,,,,,,,,,,,,
2381971,56526,Russia,4579295842,1776641850000,2026-04-19T23:37:30+00:00,50,2,4,6,7,9,12,13,14,15,,,,,,,,,,,,
2381939,56526,Russia,4579295767,1776640950000,2026-04-19T23:22:30+00:00,50,3,2,5,8,14,15,17,19,20,,,,,,,,,,,,
2381928,56526,Russia,4579295689,1776640050000,2026-04-19T23:07:30+00:00,50,1,4,6,7,8,9,11,16,18,,,,,,,,,,,,
2381904,56526,Russia,4579295617,1776639150000,2026-04-19T22:52:30+00:00,50,2,1,2,3,5,9,13,15,17,,,,,,,,,,,,
2381881,56526,Russia,4579295539,1776638250000,2026-04-19T22:37:30+00:00,50,4,1,3,6,9,11,17,19,20,,,,,,,,,,,,
2381859,56526,Russia,4579295464,1776637350000,2026-04-19T22:22:30+00:00,50,4,2,3,11,14,15,17,19,20,,,,,,,,,,,,
2381839,56526,Russia,4579295395,1776636450000,2026-04-19T22:07:30+00:00,50,3,1,3,4,8,11,13,19,20,,,,,,,,,,,,
2381819,56526,Russia,4579295353,1776635550000,2026-04-19T21:52:30+00:00,50,1,1,2,3,4,5,8,13,17,,,,,,,,,,,,
2381789,56526,Russia,4579295329,1776634650000,2026-04-19T21:37:30+00:00,50,4,3,4,5,6,16,17,18,19,,,,,,,,,,,,
2381761,56526,Russia,4579295305,1776633750000,2026-04-19T21:22:30+00:00,50,2,1,4,7,11,12,14,15,17,,,,,,,,,,,,
2381731,56526,Russia,4579295284,1776632850000,2026-04-19T21:07:30+00:00,50,2,10,11,12,13,15,16,17,19,,,,,,,,,,,,
2381700,56526,Russia,4579294078,1776631950000,2026-04-19T20:52:30+00:00,50,1,2,3,4,5,7,13,14,18,,,,,,,,,,,,
2381658,56526,Russia,4579293973,1776631050000,2026-04-19T20:37:30+00:00,50,4,1,4,7,8,10,11,12,14,,,,,,,,,,,,
2381581,56526,Russia,4579293880,1776630150000,2026-04-19T20:22:30+00:00,60,,,,,,,,,,,,,,,,,,,,,
2381599,56526,Russia,4579293772,1776629250000,2026-04-19T20:07:30+00:00,50,1,1,2,4,6,10,17,19,20,,,,,,,,,,,,
2381572,56526,Russia,4579293658,1776628350000,2026-04-19T19:52:30+00:00,50,3,1,5,6,8,13,15,16,17,,,,,,,,,,,,
2381541,56526,Russia,4579293541,1776627450000,2026-04-19T19:37:30+00:00,50,3,2,5,7,8,9,13,14,17,,,,,,,,,,,,
2381391,56526,Russia,4579293430,1776626550000,2026-04-19T19:22:30+00:00,60,,,,,,,,,,,,,,,,,,,,,
2381390,56526,Russia,4579293319,1776625650000,2026-04-19T19:07:30+00:00,60,,,,,,,,,,,,,,,,,,,,,
2381389,56526,Russia,4579293199,1776624750000,2026-04-19T18:52:30+00:00,60,,,,,,,,,,,,,,,,,,,,,
2381414,56526,Russia,4579293085,1776623850000,2026-04-19T18:37:30+00:00,50,3,3,5,6,11,12,17,19,20,,,,,,,,,,,,
2381380,56526,Russia,4579292968,1776622950000,2026-04-19T18:22:30+00:00,50,3,1,4,8,11,12,13,14,20,,,,,,,,,,,,
2381348,56526,Russia,4579292857,1776622050000,2026-04-19T18:07:30+00:00,50,1,2,4,8,9,10,11,14,19,,,,,,,,,,,,
2381314,56526,Russia,4579292731,1776621150000,2026-04-19T17:52:30+00:00,50,2,3,10,11,12,14,15,16,17,,,,,,,,,,,,
2381282,56526,Russia,4579292617,1776620250000,2026-04-19T17:37:30+00:00,50,2,4,5,6,8,13,15,16,19,,,,,,,,,,,,
2381253,56526,Russia,4579292512,1776619350000,2026-04-19T17:22:30+00:00,50,4,2,4,5,11,13,16,17,19,,,,,,,,,,,,
2381131,56526,Russia,4579292395,1776618450000,2026-04-19T17:07:30+00:00,60,,,,,,,,,,,,,,,,,,,,,
2381130,56526,Russia,4579292269,1776617550000,2026-04-19T16:52:30+00:00,60,,,,,,,,,,,,,,,,,,,,,
2381152,56526,Russia,4579292149,1776616650000,2026-04-19T16:37:30+00:00,50,3,1,2,3,4,5,6,13,20,,,,,,,,,,,,
2381120,56526,Russia,4579292038,1776615750000,2026-04-19T16:22:30+00:00,50,4,2,4,7,9,13,15,18,19,,,,,,,,,,,,
2381085,56526,Russia,4579291927,1776614850000,2026-04-19T16:07:30+00:00,50,3,2,8,10,11,12,13,16,20,,,,,,,,,,,,
2381054,56526,Russia,4579291813,1776613950000,2026-04-19T15:52:30+00:00,50,4,2,4,6,10,13,14,16,17,,,,,,,,,,,,
2381022,56526,Russia,4579291693,1776613050000,2026-04-19T15:37:30+00:00,50,3,4,6,7,8,10,12,13,20,,,,,,,,,,,,
2380881,56526,Russia,4579291579,1776612150000,2026-04-19T15:22:30+00:00,60,,,,,,,,,,,,,,,,,,,,,
2380880,56526,Russia,4579291468,1776611250000,2026-04-19T15:07:30+00:00,60,,,,,,,,,,,,,,,,,,,,,
2380879,56526,Russia,4579291354,1776610350000,2026-04-19T14:52:30+00:00,60,,,,,,,,,,,,,,,,,,,,,
2380902,56526,Russia,4579291243,1776609450000,2026-04-19T14:37:30+00:00,50,4,1,12,13,14,16,17,18,20,,,,,,,,,,,,
2380870,56526,Russia,4579291138,1776608550000,2026-04-19T14:22:30+00:00,50,1,1,2,4,7,9,10,15,20,,,,,,,,,,,,
2380838,56526,Russia,4579291027,1776607650000,2026-04-19T14:07:30+00:00,50,4,1,2,3,7,10,12,17,19,,,,,,,,,,,,
2380807,56526,Russia,4579290916,1776606750000,2026-04-19T13:52:30+00:00,50,1,1,2,3,7,14,16,18,19,,,,,,,,,,,,
2380776,56526,Russia,4579290805,1776605850000,2026-04-19T13:37:30+00:00,50,3,4,5,8,12,14,16,17,19,,,,,,,,,,,,
2380663,56526,Russia,4579290703,1776604950000,2026-04-19T13:22:30+00:00,60,,,,,,,,,,,,,,,,,,,,,
2380662,56526,Russia,4579290586,1776604050000,2026-04-19T13:07:30+00:00,60,,,,,,,,,,,,,,,,,,,,,
2380683,56526,Russia,4579290466,1776603150000,2026-04-19T12:52:30+00:00,50,3,1,2,5,9,15,16,17,19,,,,,,,,,,,,
2380650,56526,Russia,4579290355,1776602250000,2026-04-19T12:37:30+00:00,50,2,2,4,7,12,13,16,18,20,,,,,,,,,,,,
2380620,56526,Russia,4579290247,1776601350000,2026-04-19T12:22:30+00:00,50,1,2,7,10,15,16,17,18,20,,,,,,,,,,,,
2380588,56526,Russia,4579290136,1776600450000,2026-04-19T12:07:30+00:00,50,4,3,5,8,10,14,15,16,17,,,,,,,,,,,,
2380556,56526,Russia,4579290019,1776599550000,2026-04-19T11:52:30+00:00,50,3,3,6,9,10,11,15,19,20,,,,,,,,,,,,
2380524,56526,Russia,4579289902,1776598650000,2026-04-19T11:37:30+00:00,50,3,2,5,6,7,9,13,14,20,,,,,,,,,,,,
2380495,56526,Russia,4579289797,1776597750000,2026-04-19T11:22:30+00:00,50,1,1,4,5,7,9,10,11,20,,,,,,,,,,,,
2380463,56526,Russia,4579289686,1776596850000,2026-04-19T11:07:30+00:00,50,1,2,4,9,12,14,15,16,18,,,,,,,,,,,,
2380378,56526,Russia,4579289575,1776595950000,2026-04-19T10:52:30+00:00,60,,,,,,,,,,,,,,,,,,,,,
2380399,56526,Russia,4579289455,1776595050000,2026-04-19T10:37:30+00:00,50,4,1,4,5,8,10,15,16,20,,,,,,,,,,,,
2380257,56526,Russia,4579289350,1776594150000,2026-04-19T10:22:30+00:00,60,,,,,,,,,,,,,,,,,,,,,
2380256,56526,Russia,4579289239,1776593250000,2026-04-19T10:07:30+00:00,60,,,,,,,,,,,,,,,,,,,,,
2380255,56526,Russia,4579289125,1776592350000,2026-04-19T09:52:30+00:00,60,,,,,,,,,,,,,,,,,,,,,
2380278,56526,Russia,4579289014,1776591450000,2026-04-19T09:37:30+00:00,50,2,3,5,7,10,11,13,14,20,,,,,,,,,,,,
2380246,56526,Russia,4579288909,1776590550000,2026-04-19T09:22:30+00:00,50,3,2,3,5,6,8,9,14,16,,,,,,,,,,,,
2380165,56526,Russia,4579288798,1776589650000,2026-04-19T09:07:30+00:00,60,,,,,,,,,,,,,,,,,,,,,
2380184,56526,Russia,4579288684,1776588750000,2026-04-19T08:52:30+00:00,50,3,1,2,3,5,7,8,16,17,,,,,,,,,,,,
2380152,56526,Russia,4579288573,1776587850000,2026-04-19T08:37:30+00:00,50,3,8,9,11,12,14,16,18,20,,,,,,,,,,,,
2380124,56526,Russia,4579288468,1776586950000,2026-04-19T08:22:30+00:00,50,3,7,8,10,11,12,13,14,20,,,,,,,,,,,,
2380093,56526,Russia,4579288357,1776586050000,2026-04-19T08:07:30+00:00,50,3,2,3,12,13,14,15,17,18,,,,,,,,,,,,
2380061,56526,Russia,4579288246,1776585150000,2026-04-19T07:52:30+00:00,50,2,3,5,9,10,11,12,16,17,,,,,,,,,,,,
2380030,56526,Russia,4579288135,1776584250000,2026-04-19T07:37:30+00:00,50,3,2,4,10,12,13,17,19,20,,,,,,,,,,,,
2379890,56526,Russia,4579288030,1776583350000,2026-04-19T07:22:30+00:00,60,,,,,,,,,,,,,,,,,,,,,
2379889,56526,Russia,4579287919,1776582450000,2026-04-19T07:07:30+00:00,60,,,,,,,,,,,,,,,,,,,,,
2379888,56526,Russia,4579287805,1776581550000,2026-04-19T06:52:30+00:00,60,,,,,,,,,,,,,,,,,,,,,
2379910,56526,Russia,4579287694,1776580650000,2026-04-19T06:37:30+00:00,50,4,2,7,9,13,15,16,18,19,,,,,,,,,,,,
2379879,56526,Russia,4579287592,1776579750000,2026-04-19T06:22:30+00:00,50,3,1,2,5,7,9,17,18,19,,,,,,,,,,,,
2379848,56526,Russia,4579287481,1776578850000,2026-04-19T06:07:30+00:00,50,1,4,5,7,10,11,12,17,19,,,,,,,,,,,,
2379820,56526,Russia,4579287379,1776577950000,2026-04-19T05:52:30+00:00,50,4,1,8,10,12,15,16,18,20,,,,,,,,,,,,
2379793,56526,Russia,4579287277,1776577050000,2026-04-19T05:37:30+00:00,50,3,2,3,4,9,11,12,13,15,,,,,,,,,,,,
2379768,56526,Russia,4579287184,1776576150000,2026-04-19T05:22:30+00:00,50,4,2,3,6,7,8,14,17,20,,,,,,,,,,,,
2379740,56526,Russia,4579287082,1776575250000,2026-04-19T05:07:30+00:00,50,2,4,5,7,8,10,11,14,19,,,,,,,,,,,,
2379714,56526,Russia,4579286992,1776574350000,2026-04-19T04:52:30+00:00,50,2,1,6,7,8,14,15,17,19,,,,,,,,,,,,
2379690,56526,Russia,4579286902,1776573450000,2026-04-19T04:37:30+00:00,50,1,5,6,10,11,15,16,17,19,,,,,,,,,,,,
2379669,56526,Russia,4579286824,1776572550000,2026-04-19T04:22:30+00:00,50,4,1,2,3,5,7,10,17,19,,,,,,,,,,,,
2379647,56526,Russia,4579286746,1776571650000,2026-04-19T04:07:30+00:00,50,1,6,7,8,9,13,14,15,19,,,,,,,,,,,,
2379628,56526,Russia,4579286674,1776570750000,2026-04-19T03:52:30+00:00,50,2,2,4,6,7,9,16,18,20,,,,,,,,,,,,
2379607,56526,Russia,4579286596,1776569850000,2026-04-19T03:37:30+00:00,50,2,5,9,10,11,13,14,17,19,,,,,,,,,,,,
2379580,56526,Russia,4579286521,1776568950000,2026-04-19T03:22:30+00:00,50,2,1,2,3,4,7,9,13,14,,,,,,,,,,,,
2379552,56526,Russia,4579286443,1776568050000,2026-04-19T03:07:30+00:00,50,4,3,4,5,8,10,12,14,19,,,,,,,,,,,,
2379525,56526,Russia,4579286371,1776567150000,2026-04-19T02:52:30+00:00,50,1,1,6,7,8,10,14,16,19,,,,,,,,,,,,
2379503,56526,Russia,4579286293,1776566250000,2026-04-19T02:37:30+00:00,50,2,8,9,13,14,15,17,18,19,,,,,,,,,,,,
2379473,56526,Russia,4579286218,1776565350000,2026-04-19T02:22:30+00:00,50,2,2,3,4,10,12,16,17,20,,,,,,,,,,,,
2379451,56526,Russia,4579286140,1776564450000,2026-04-19T02:07:30+00:00,50,4,7,9,11,14,15,17,19,20,,,,,,,,,,,,
2379431,56526,Russia,4579286068,1776563550000,2026-04-19T01:52:30+00:00,50,2,2,3,7,9,13,14,17,19,,,,,,,,,,,,
2379410,56526,Russia,4579285990,1776562650000,2026-04-19T01:37:30+00:00,50,3,4,9,10,12,13,14,18,20,,,,,,,,,,,,
2379390,56526,Russia,4579285915,1776561750000,2026-04-19T01:22:30+00:00,50,2,1,2,6,7,11,13,15,17,,,,,,,,,,,,
2379370,56526,Russia,4579285837,1776560850000,2026-04-19T01:07:30+00:00,50,1,1,2,5,7,8,10,11,14,,,,,,,,,,,,
2379346,56526,Russia,4579285765,1776559950000,2026-04-19T00:52:30+00:00,50,1,2,8,9,11,13,14,16,18,,,,,,,,,,,,
2379324,56526,Russia,4579285687,1776559050000,2026-04-19T00:37:30+00:00,50,1,1,4,11,12,13,16,17,20,,,,,,,,,,,,
2379304,56526,Russia,4579285612,1776558150000,2026-04-19T00:22:30+00:00,50,1,2,6,9,10,12,16,17,19,,,,,,,,,,,,
2379283,56526,Russia,4579285534,1776557250000,2026-04-19T00:07:30+00:00,50,4,2,3,7,8,11,13,14,17,,,,,,,,,,,,
2379260,56526,Russia,4577418424,1776556350000,2026-04-18T23:52:30+00:00,50,4,4,6,10,11,12,15,16,17,,,,,,,,,,,,
2379238,56526,Russia,4577418346,1776555450000,2026-04-18T23:37:30+00:00,50,4,4,8,10,12,13,18,19,20,,,,,,,,,,,,
2379215,56526,Russia,4577418271,1776554550000,2026-04-18T23:22:30+00:00,50,3,6,9,11,12,14,15,16,18,,,,,,,,,,,,
2379193,56526,Russia,4577418193,1776553650000,2026-04-18T23:07:30+00:00,50,1,2,3,4,6,9,15,17,20,,,,,,,,,,,,
2379171,56526,Russia,4577418121,1776552750000,2026-04-18T22:52:30+00:00,50,3,1,3,6,11,13,16,17,20,,,,,,,,,,,,
2379148,56526,Russia,4577418043,1776551850000,2026-04-18T22:37:30+00:00,50,4,7,8,9,10,14,16,18,19,,,,,,,,,,,,
2379127,56526,Russia,4577417968,1776550950000,2026-04-18T22:22:30+00:00,50,4,2,4,5,6,7,9,17,19,,,,,,,,,,,,
2379106,56526,Russia,4577417899,1776550050000,2026-04-18T22:07:30+00:00,50,1,5,6,7,8,11,14,18,19,,,,,,,,,,,,
2379086,56526,Russia,4577417857,1776549150000,2026-04-18T21:52:30+00:00,50,3,4,6,9,11,16,17,19,20,,,,,,,,,,,,
2379056,56526,Russia,4577417833,1776548250000,2026-04-18T21:37:30+00:00,50,2,4,6,13,15,16,17,19,20,,,,,,,,,,,,
2379028,56526,Russia,4577417809,1776547350000,2026-04-18T21:22:30+00:00,50,4,3,6,7,8,13,17,19,20,,,,,,,,,,,,
2378998,56526,Russia,4577417788,1776546450000,2026-04-18T21:07:30+00:00,50,4,3,7,8,10,11,14,18,19,,,,,,,,,,,,
2378967,56526,Russia,4577416570,1776545550000,2026-04-18T20:52:30+00:00,50,3,5,6,11,12,13,15,18,19,,,,,,,,,,,,
2378936,56526,Russia,4577416465,1776544650000,2026-04-18T20:37:30+00:00,50,2,1,3,5,7,12,15,17,18,,,,,,,,,,,,
2378845,56526,Russia,4577416372,1776543750000,2026-04-18T20:22:30+00:00,60,,,,,,,,,,,,,,,,,,,,,
2378863,56526,Russia,4577416264,1776542850000,2026-04-18T20:07:30+00:00,50,2,4,10,15,16,17,18,19,20,,,,,,,,,,,,
2378836,56526,Russia,4577416150,1776541950000,2026-04-18T19:52:30+00:00,50,2,1,2,3,5,10,11,14,16,,,,,,,,,,,,
2378799,56526,Russia,4577416024,1776541050000,2026-04-18T19:37:30+00:00,50,3,2,6,10,13,14,16,19,20,,,,,,,,,,,,
2378643,56526,Russia,4577415916,1776540150000,2026-04-18T19:22:30+00:00,60,,,,,,,,,,,,,,,,,,,,,
2378642,56526,Russia,4577415799,1776539250000,2026-04-18T19:07:30+00:00,60,,,,,,,,,,,,,,,,,,,,,
2378641,56526,Russia,4577415670,1776538350000,2026-04-18T18:52:30+00:00,60,,,,,,,,,,,,,,,,,,,,,
2378666,56526,Russia,4577415547,1776537450000,2026-04-18T18:37:30+00:00,50,4,5,6,7,10,11,13,15,20,,,,,,,,,,,,
2378629,56526,Russia,4577415424,1776536550000,2026-04-18T18:22:30+00:00,50,1,4,8,9,11,12,16,18,19,,,,,,,,,,,,
2378596,56526,Russia,4577415307,1776535650000,2026-04-18T18:07:30+00:00,50,2,2,3,5,9,10,18,19,20,,,,,,,,,,,,
2378562,56526,Russia,4577415172,1776534750000,2026-04-18T17:52:30+00:00,50,1,2,4,6,7,9,12,14,19,,,,,,,,,,,,
2378531,56526,Russia,4577415058,1776533850000,2026-04-18T17:37:30+00:00,50,1,5,9,10,12,13,16,17,18,,,,,,,,,,,,
2378497,56526,Russia,4577414947,1776532950000,2026-04-18T17:22:30+00:00,50,1,3,6,9,10,12,13,19,20,,,,,,,,,,,,
2378359,56526,Russia,4577414833,1776532050000,2026-04-18T17:07:30+00:00,60,,,,,,,,,,,,,,,,,,,,,
2378358,56526,Russia,4577414704,1776531150000,2026-04-18T16:52:30+00:00,60,,,,,,,,,,,,,,,,,,,,,
2378396,56526,Russia,4577414584,1776530250000,2026-04-18T16:37:30+00:00,50,3,3,9,10,11,13,16,18,19,,,,,,,,,,,,
2378352,56526,Russia,4577414473,1776529350000,2026-04-18T16:22:30+00:00,50,1,1,2,3,4,8,14,18,20,,,,,,,,,,,,
2378329,56526,Russia,4577414356,1776528450000,2026-04-18T16:07:30+00:00,50,4,2,4,6,14,15,16,17,19,,,,,,,,,,,,
2378297,56526,Russia,4577414239,1776527550000,2026-04-18T15:52:30+00:00,50,4,4,5,6,7,15,16,18,19,,,,,,,,,,,,
2378265,56526,Russia,4577414116,1776526650000,2026-04-18T15:37:30+00:00,50,2,2,3,6,10,12,13,17,19,,,,,,,,,,,,
2378121,56526,Russia,4577414005,1776525750000,2026-04-18T15:22:30+00:00,60,,,,,,,,,,,,,,,,,,,,,
2378120,56526,Russia,4577413894,1776524850000,2026-04-18T15:07:30+00:00,60,,,,,,,,,,,,,,,,,,,,,
2378119,56526,Russia,4577413771,1776523950000,2026-04-18T14:52:30+00:00,60,,,,,,,,,,,,,,,,,,,,,
2378142,56526,Russia,4577413660,1776523050000,2026-04-18T14:37:30+00:00,50,4,1,3,6,9,14,15,17,19,,,,,,,,,,,,
2378110,56526,Russia,4577413555,1776522150000,2026-04-18T14:22:30+00:00,50,4,2,4,10,11,12,15,17,20,,,,,,,,,,,,
2378078,56526,Russia,4577413444,1776521250000,2026-04-18T14:07:30+00:00,50,2,1,3,9,10,12,18,19,20,,,,,,,,,,,,
2378047,56526,Russia,4577413333,1776520350000,2026-04-18T13:52:30+00:00,50,1,2,4,8,10,11,12,17,19,,,,,,,,,,,,
2378016,56526,Russia,4577413222,1776519450000,2026-04-18T13:37:30+00:00,50,1,2,6,8,12,14,16,17,18,,,,,,,,,,,,
2377902,56526,Russia,4577413114,1776518550000,2026-04-18T13:22:30+00:00,60,,,,,,,,,,,,,,,,,,,,,
2377901,56526,Russia,4577412997,1776517650000,2026-04-18T13:07:30+00:00,60,,,,,,,,,,,,,,,,,,,,,
2377922,56526,Russia,4577412877,1776516750000,2026-04-18T12:52:30+00:00,50,1,3,4,5,6,9,10,13,20,,,,,,,,,,,,
2377888,56526,Russia,4577412766,1776515850000,2026-04-18T12:37:30+00:00,50,1,4,6,8,9,10,12,13,18,,,,,,,,,,,,
2377859,56526,Russia,4577412658,1776514950000,2026-04-18T12:22:30+00:00,50,3,1,2,5,6,8,10,14,15,,,,,,,,,,,,
2377828,56526,Russia,4577412547,1776514050000,2026-04-18T12:07:30+00:00,50,4,3,4,5,6,8,16,18,19,,,,,,,,,,,,
2377796,56526,Russia,4577412430,1776513150000,2026-04-18T11:52:30+00:00,50,1,2,4,5,7,16,17,18,19,,,,,,,,,,,,
2377764,56526,Russia,4577412313,1776512250000,2026-04-18T11:37:30+00:00,50,1,1,2,4,6,9,12,15,20,,,,,,,,,,,,
2377733,56526,Russia,4577412205,1776511350000,2026-04-18T11:22:30+00:00,50,1,1,7,9,11,12,15,16,20,,,,,,,,,,,,
2377701,56526,Russia,4577412094,1776510450000,2026-04-18T11:07:30+00:00,50,3,6,8,9,10,12,15,16,20,,,,,,,,,,,,
2377616,56526,Russia,4577411983,1776509550000,2026-04-18T10:52:30+00:00,60,,,,,,,,,,,,,,,,,,,,,
2377637,56526,Russia,4577411863,1776508650000,2026-04-18T10:37:30+00:00,50,1,2,3,9,10,13,14,16,18,,,,,,,,,,,,
2377495,56526,Russia,4577411758,1776507750000,2026-04-18T10:22:30+00:00,60,,,,,,,,,,,,,,,,,,,,,
2377494,56526,Russia,4577411647,1776506850000,2026-04-18T10:07:30+00:00,60,,,,,,,,,,,,,,,,,,,,,
2377493,56526,Russia,4577411533,1776505950000,2026-04-18T09:52:30+00:00,60,,,,,,,,,,,,,,,,,,,,,
2377516,56526,Russia,4577411422,1776505050000,2026-04-18T09:37:30+00:00,50,1,1,3,4,5,8,12,17,20,,,,,,,,,,,,
2377484,56526,Russia,4577411314,1776504150000,2026-04-18T09:22:30+00:00,50,2,1,7,8,10,11,14,18,20,,,,,,,,,,,,
2377400,56526,Russia,4577411203,1776503250000,2026-04-18T09:07:30+00:00,60,,,,,,,,,,,,,,,,,,,,,
2377421,56526,Russia,4577411089,1776502350000,2026-04-18T08:52:30+00:00,50,2,2,3,4,8,13,14,15,17,,,,,,,,,,,,
2377388,56526,Russia,4577410978,1776501450000,2026-04-18T08:37:30+00:00,50,2,1,2,4,6,7,8,12,17,,,,,,,,,,,,
2377360,56526,Russia,4577410873,1776500550000,2026-04-18T08:22:30+00:00,50,1,3,4,6,11,12,13,15,18,,,,,,,,,,,,
2377329,56526,Russia,4577410762,1776499650000,2026-04-18T08:07:30+00:00,50,4,1,6,7,10,13,17,18,20,,,,,,,,,,,,
2377298,56526,Russia,4577410651,1776498750000,2026-04-18T07:52:30+00:00,50,3,1,4,5,9,10,13,18,19,,,,,,,,,,,,
2377267,56526,Russia,4577410540,1776497850000,2026-04-18T07:37:30+00:00,50,3,2,5,7,9,10,14,16,20,,,,,,,,,,,,
2377126,56526,Russia,4577410432,1776496950000,2026-04-18T07:22:30+00:00,60,,,,,,,,,,,,,,,,,,,,,
2377125,56526,Russia,4577410321,1776496050000,2026-04-18T07:07:30+00:00,60,,,,,,,,,,,,,,,,,,,,,
2377124,56526,Russia,4577410207,1776495150000,2026-04-18T06:52:30+00:00,60,,,,,,,,,,,,,,,,,,,,,
2377147,56526,Russia,4577410096,1776494250000,2026-04-18T06:37:30+00:00,50,3,1,3,6,8,9,16,19,20,,,,,,,,,,,,
2377115,56526,Russia,4577409994,1776493350000,2026-04-18T06:22:30+00:00,50,1,9,10,11,12,15,16,18,20,,,,,,,,,,,,
2377083,56526,Russia,4577409883,1776492450000,2026-04-18T06:07:30+00:00,50,3,1,4,11,13,14,16,18,19,,,,,,,,,,,,
2377056,56526,Russia,4577409781,1776491550000,2026-04-18T05:52:30+00:00,50,1,3,5,12,13,14,15,17,20,,,,,,,,,,,,
2377029,56526,Russia,4577409679,1776490650000,2026-04-18T05:37:30+00:00,50,4,2,10,13,14,15,16,17,20,,,,,,,,,,,,
2377004,56526,Russia,4577409586,1776489750000,2026-04-18T05:22:30+00:00,50,4,2,5,8,10,11,12,13,18,,,,,,,,,,,,
2376976,56526,Russia,4577409484,1776488850000,2026-04-18T05:07:30+00:00,50,3,2,4,6,8,11,12,17,19,,,,,,,,,,,,
2376952,56526,Russia,4577409394,1776487950000,2026-04-18T04:52:30+00:00,50,4,6,8,10,11,14,16,17,18,,,,,,,,,,,,
2376928,56526,Russia,4577409304,1776487050000,2026-04-18T04:37:30+00:00,50,2,2,5,6,8,9,13,14,20,,,,,,,,,,,,
2376908,56526,Russia,4577409226,1776486150000,2026-04-18T04:22:30+00:00,50,3,2,3,7,8,11,12,15,20,,,,,,,,,,,,
2376885,56526,Russia,4577409148,1776485250000,2026-04-18T04:07:30+00:00,50,3,1,3,4,7,9,11,13,20,,,,,,,,,,,,
2376869,56526,Russia,4577409076,1776484350000,2026-04-18T03:52:30+00:00,50,4,1,2,5,10,14,15,19,20,,,,,,,,,,,,
2376846,56526,Russia,4577408998,1776483450000,2026-04-18T03:37:30+00:00,50,4,5,8,10,11,12,15,16,20,,,,,,,,,,,,
2376819,56526,Russia,4577408923,1776482550000,2026-04-18T03:22:30+00:00,50,4,3,5,6,8,12,15,16,20,,,,,,,,,,,,
2376794,56526,Russia,4577408845,1776481650000,2026-04-18T03:07:30+00:00,50,1,3,4,5,7,9,11,14,19,,,,,,,,,,,,
2376774,56526,Russia,4577408773,1776480750000,2026-04-18T02:52:30+00:00,50,3,3,4,6,9,11,12,16,17,,,,,,,,,,,,
2376750,56526,Russia,4577408695,1776479850000,2026-04-18T02:37:30+00:00,50,2,2,5,6,7,8,9,14,18,,,,,,,,,,,,
2376727,56526,Russia,4577408620,1776478950000,2026-04-18T02:22:30+00:00,50,3,5,12,13,15,16,17,18,20,,,,,,,,,,,,
2376706,56526,Russia,4577408542,1776478050000,2026-04-18T02:07:30+00:00,50,4,2,3,4,5,7,11,12,17,,,,,,,,,,,,
2376685,56526,Russia,4577408470,1776477150000,2026-04-18T01:52:30+00:00,50,4,6,7,9,10,11,12,15,19,,,,,,,,,,,,
2376664,56526,Russia,4577408392,1776476250000,2026-04-18T01:37:30+00:00,50,1,1,3,4,5,9,10,13,18,,,,,,,,,,,,
2376644,56526,Russia,4577408317,1776475350000,2026-04-18T01:22:30+00:00,50,2,4,6,8,10,12,16,17,20,,,,,,,,,,,,
2376621,56526,Russia,4577408239,1776474450000,2026-04-18T01:07:30+00:00,50,2,1,5,6,8,9,12,15,20,,,,,,,,,,,,
2376602,56526,Russia,4577408167,1776473550000,2026-04-18T00:52:30+00:00,50,1,1,2,3,8,9,11,13,17,,,,,,,,,,,,
2376582,56526,Russia,4577408089,1776472650000,2026-04-18T00:37:30+00:00,50,2,1,3,5,6,10,13,15,16,,,,,,,,,,,,
2376562,56526,Russia,4577408014,1776471750000,2026-04-18T00:22:30+00:00,50,1,3,5,6,10,11,12,15,18,,,,,,,,,,,,
2376541,56526,Russia,4577407936,1776470850000,2026-04-18T00:07:30+00:00,50,3,1,3,4,7,11,12,15,19,,,,,,,,,,,,
2376520,56526,Russia,4575332347,1776469950000,2026-04-17T23:52:30+00:00,50,2,1,2,3,5,9,14,15,20,,,,,,,,,,,,
2376500,56526,Russia,4575332269,1776469050000,2026-04-17T23:37:30+00:00,50,4,1,5,7,9,16,17,18,20,,,,,,,,,,,,
2376476,56526,Russia,4575332194,1776468150000,2026-04-17T23:22:30+00:00,50,2,3,4,5,6,9,14,15,18,,,,,,,,,,,,
2376456,56526,Russia,4575332116,1776467250000,2026-04-17T23:07:30+00:00,50,2,3,4,5,6,8,12,17,20,,,,,,,,,,,,
2376428,56526,Russia,4575332044,1776466350000,2026-04-17T22:52:30+00:00,50,1,1,2,3,4,6,8,9,11,,,,,,,,,,,,
2376405,56526,Russia,4575331966,1776465450000,2026-04-17T22:37:30+00:00,50,2,2,3,9,13,14,16,18,20,,,,,,,,,,,,
2376383,56526,Russia,4575331891,1776464550000,2026-04-17T22:22:30+00:00,50,2,1,2,10,11,12,13,14,19,,,,,,,,,,,,
2376363,56526,Russia,4575331822,1776463650000,2026-04-17T22:07:30+00:00,50,1,1,3,10,11,12,15,19,20,,,,,,,,,,,,
2376343,56526,Russia,4575331780,1776462750000,2026-04-17T21:52:30+00:00,50,4,2,4,7,8,15,16,18,19,,,,,,,,,,,,
2376313,56526,Russia,4575331756,1776461850000,2026-04-17T21:37:30+00:00,50,3,1,12,14,15,16,17,18,20,,,,,,,,,,,,
2376285,56526,Russia,4575331732,1776460950000,2026-04-17T21:22:30+00:00,50,4,4,8,10,11,12,13,15,16,,,,,,,,,,,,
2376253,56526,Russia,4575331711,1776460050000,2026-04-17T21:07:30+00:00,50,4,3,5,9,10,11,18,19,20,,,,,,,,,,,,
2376223,56526,Russia,4575330493,1776459150000,2026-04-17T20:52:30+00:00,50,2,4,5,6,7,9,14,18,19,,,,,,,,,,,,
2376192,56526,Russia,4575330388,1776458250000,2026-04-17T20:37:30+00:00,50,2,2,3,4,9,10,14,15,20,,,,,,,,,,,,
2376104,56526,Russia,4575330295,1776457350000,2026-04-17T20:22:30+00:00,60,,,,,,,,,,,,,,,,,,,,,
2376129,56526,Russia,4575330187,1776456450000,2026-04-17T20:07:30+00:00,50,4,2,5,6,11,14,15,16,20,,,,,,,,,,,,
2376095,56526,Russia,4575330073,1776455550000,2026-04-17T19:52:30+00:00,50,3,2,3,8,11,12,13,14,17,,,,,,,,,,,,
2376064,56526,Russia,4575329956,1776454650000,2026-04-17T19:37:30+00:00,50,2,1,2,4,5,6,13,14,20,,,,,,,,,,,,
2375911,56526,Russia,4575329848,1776453750000,2026-04-17T19:22:30+00:00,60,,,,,,,,,,,,,,,,,,,,,
2375910,56526,Russia,4575329737,1776452850000,2026-04-17T19:07:30+00:00,60,,,,,,,,,,,,,,,,,,,,,
2375909,56526,Russia,4575329611,1776451950000,2026-04-17T18:52:30+00:00,60,,,,,,,,,,,,,,,,,,,,,
2375933,56526,Russia,4575329491,1776451050000,2026-04-17T18:37:30+00:00,50,4,2,5,9,10,13,15,17,20,,,,,,,,,,,,
2375900,56526,Russia,4575329371,1776450150000,2026-04-17T18:22:30+00:00,50,4,2,3,4,9,10,12,17,18,,,,,,,,,,,,
2375866,56526,Russia,4575329260,1776449250000,2026-04-17T18:07:30+00:00,50,3,2,6,8,10,14,15,17,20,,,,,,,,,,,,
2375832,56526,Russia,4575329125,1776448350000,2026-04-17T17:52:30+00:00,50,2,1,3,6,11,13,15,17,18,,,,,,,,,,,,
2375801,56526,Russia,4575329011,1776447450000,2026-04-17T17:37:30+00:00,50,2,1,5,7,8,11,13,16,18,,,,,,,,,,,,
2375770,56526,Russia,4575328903,1776446550000,2026-04-17T17:22:30+00:00,50,3,5,9,10,13,15,18,19,20,,,,,,,,,,,,
2375649,56526,Russia,4575328789,1776445650000,2026-04-17T17:07:30+00:00,60,,,,,,,,,,,,,,,,,,,,,
2375648,56526,Russia,4575328663,1776444750000,2026-04-17T16:52:30+00:00,60,,,,,,,,,,,,,,,,,,,,,
2375670,56526,Russia,4575328543,1776443850000,2026-04-17T16:37:30+00:00,50,2,3,7,8,10,11,18,19,20,,,,,,,,,,,,
2375637,56526,Russia,4575328432,1776442950000,2026-04-17T16:22:30+00:00,50,4,1,2,3,7,8,16,17,20,,,,,,,,,,,,
2375606,56526,Russia,4575328321,1776442050000,2026-04-17T16:07:30+00:00,50,3,3,9,10,13,14,16,19,20,,,,,,,,,,,,
2375574,56526,Russia,4575328207,1776441150000,2026-04-17T15:52:30+00:00,50,1,1,2,3,4,6,8,9,19,,,,,,,,,,,,
2375542,56526,Russia,4575328078,1776440250000,2026-04-17T15:37:30+00:00,50,3,4,5,11,13,15,16,17,20,,,,,,,,,,,,
2375399,56526,Russia,4575327970,1776439350000,2026-04-17T15:22:30+00:00,60,,,,,,,,,,,,,,,,,,,,,
2375398,56526,Russia,4575327859,1776438450000,2026-04-17T15:07:30+00:00,60,,,,,,,,,,,,,,,,,,,,,
2375397,56526,Russia,4575327742,1776437550000,2026-04-17T14:52:30+00:00,60,,,,,,,,,,,,,,,,,,,,,
2375420,56526,Russia,4575327631,1776436650000,2026-04-17T14:37:30+00:00,50,1,6,7,9,11,14,15,18,20,,,,,,,,,,,,
2375388,56526,Russia,4575327523,1776435750000,2026-04-17T14:22:30+00:00,50,1,4,10,12,13,14,15,17,19,,,,,,,,,,,,
2375356,56526,Russia,4575327412,1776434850000,2026-04-17T14:07:30+00:00,50,3,1,2,3,4,8,15,19,20,,,,,,,,,,,,
2375325,56526,Russia,4575327301,1776433950000,2026-04-17T13:52:30+00:00,50,2,6,7,8,9,14,15,16,18,,,,,,,,,,,,
2375294,56526,Russia,4575327190,1776433050000,2026-04-17T13:37:30+00:00,50,3,1,4,5,6,7,8,13,17,,,,,,,,,,,,
2375181,56526,Russia,4575327088,1776432150000,2026-04-17T13:22:30+00:00,60,,,,,,,,,,,,,,,,,,,,,
2375180,56526,Russia,4575326971,1776431250000,2026-04-17T13:07:30+00:00,60,,,,,,,,,,,,,,,,,,,,,
2375201,56526,Russia,4575326851,1776430350000,2026-04-17T12:52:30+00:00,50,4,2,12,13,14,15,16,17,20,,,,,,,,,,,,
2375168,56526,Russia,4575326740,1776429450000,2026-04-17T12:37:30+00:00,50,2,4,7,11,12,14,15,16,17,,,,,,,,,,,,
2375138,56526,Russia,4575326632,1776428550000,2026-04-17T12:22:30+00:00,50,4,1,3,4,9,12,17,18,19,,,,,,,,,,,,
2375105,56526,Russia,4575326521,1776427650000,2026-04-17T12:07:30+00:00,50,1,2,4,7,9,11,15,16,19,,,,,,,,,,,,
2375073,56526,Russia,4575326404,1776426750000,2026-04-17T11:52:30+00:00,50,1,1,6,10,12,14,17,18,20,,,,,,,,,,,,
2375042,56526,Russia,4575326287,1776425850000,2026-04-17T11:37:30+00:00,50,2,3,5,7,11,12,16,18,19,,,,,,,,,,,,
2375011,56526,Russia,4575326182,1776424950000,2026-04-17T11:22:30+00:00,50,4,1,2,4,6,7,11,14,17,,,,,,,,,,,,
2374979,56526,Russia,4575326071,1776424050000,2026-04-17T11:07:30+00:00,50,3,3,6,8,12,14,16,17,20,,,,,,,,,,,,
2374895,56526,Russia,4575325960,1776423150000,2026-04-17T10:52:30+00:00,60,,,,,,,,,,,,,,,,,,,,,
2374916,56526,Russia,4575325840,1776422250000,2026-04-17T10:37:30+00:00,50,4,1,6,9,11,14,15,16,19,,,,,,,,,,,,
2374773,56526,Russia,4575325735,1776421350000,2026-04-17T10:22:30+00:00,60,,,,,,,,,,,,,,,,,,,,,
2374772,56526,Russia,4575325624,1776420450000,2026-04-17T10:07:30+00:00,60,,,,,,,,,,,,,,,,,,,,,
2374771,56526,Russia,4575325510,1776419550000,2026-04-17T09:52:30+00:00,60,,,,,,,,,,,,,,,,,,,,,
2374794,56526,Russia,4575325396,1776418650000,2026-04-17T09:37:30+00:00,50,1,5,6,13,14,15,16,17,20,,,,,,,,,,,,
2374762,56526,Russia,4575325288,1776417750000,2026-04-17T09:22:30+00:00,50,3,3,4,9,10,12,15,17,20,,,,,,,,,,,,
2374682,56526,Russia,4575325177,1776416850000,2026-04-17T09:07:30+00:00,60,,,,,,,,,,,,,,,,,,,,,
2374701,56526,Russia,4575325063,1776415950000,2026-04-17T08:52:30+00:00,50,3,3,4,6,8,9,16,17,18,,,,,,,,,,,,
2374670,56526,Russia,4575324952,1776415050000,2026-04-17T08:37:30+00:00,50,3,3,4,5,9,13,15,16,18,,,,,,,,,,,,
2374641,56526,Russia,4575324847,1776414150000,2026-04-17T08:22:30+00:00,50,4,2,5,8,9,15,16,19,20,,,,,,,,,,,,
2374610,56526,Russia,4575324736,1776413250000,2026-04-17T08:07:30+00:00,50,1,1,3,9,13,16,18,19,20,,,,,,,,,,,,
2374578,56526,Russia,4575324625,1776412350000,2026-04-17T07:52:30+00:00,50,1,2,5,7,12,13,16,17,18,,,,,,,,,,,,
2374547,56526,Russia,4575324514,1776411450000,2026-04-17T07:37:30+00:00,50,4,1,6,7,11,12,14,17,19,,,,,,,,,,,,
2374407,56526,Russia,4575324409,1776410550000,2026-04-17T07:22:30+00:00,60,,,,,,,,,,,,,,,,,,,,,
2374406,56526,Russia,4575324298,1776409650000,2026-04-17T07:07:30+00:00,60,,,,,,,,,,,,,,,,,,,,,
2374405,56526,Russia,4575324184,1776408750000,2026-04-17T06:52:30+00:00,60,,,,,,,,,,,,,,,,,,,,,
2374427,56526,Russia,4575324073,1776407850000,2026-04-17T06:37:30+00:00,50,4,3,4,5,7,12,13,18,19,,,,,,,,,,,,
2374396,56526,Russia,4575323971,1776406950000,2026-04-17T06:22:30+00:00,50,1,2,5,8,9,10,14,15,16,,,,,,,,,,,,
2374364,56526,Russia,4575323860,1776406050000,2026-04-17T06:07:30+00:00,50,2,7,8,11,12,14,16,17,20,,,,,,,,,,,,
2374336,56526,Russia,4575323758,1776405150000,2026-04-17T05:52:30+00:00,50,3,2,7,8,9,11,18,19,20,,,,,,,,,,,,
2374310,56526,Russia,4575323656,1776404250000,2026-04-17T05:37:30+00:00,50,3,4,6,10,13,14,15,16,20,,,,,,,,,,,,
2374285,56526,Russia,4575323563,1776403350000,2026-04-17T05:22:30+00:00,50,2,2,3,4,7,8,16,19,20,,,,,,,,,,,,
2374256,56526,Russia,4575323461,1776402450000,2026-04-17T05:07:30+00:00,50,4,6,7,8,9,10,12,16,18,,,,,,,,,,,,
2374232,56526,Russia,4575323371,1776401550000,2026-04-17T04:52:30+00:00,50,2,6,7,8,10,11,13,14,15,,,,,,,,,,,,
2374208,56526,Russia,4575323281,1776400650000,2026-04-17T04:37:30+00:00,50,4,2,3,6,8,9,13,14,20,,,,,,,,,,,,
2374188,56526,Russia,4575323203,1776399750000,2026-04-17T04:22:30+00:00,50,1,1,4,8,10,14,15,17,20,,,,,,,,,,,,
2374168,56526,Russia,4575323125,1776398850000,2026-04-17T04:07:30+00:00,50,1,4,5,10,12,13,17,18,20,,,,,,,,,,,,
2374150,56526,Russia,4575323053,1776397950000,2026-04-17T03:52:30+00:00,50,3,3,4,7,8,10,11,17,20,,,,,,,,,,,,
2374129,56526,Russia,4575322975,1776397050000,2026-04-17T03:37:30+00:00,50,4,2,6,8,11,16,18,19,20,,,,,,,,,,,,
2374109,56526,Russia,4575322900,1776396150000,2026-04-17T03:22:30+00:00,50,2,1,5,6,7,9,16,17,19,,,,,,,,,,,,
2374075,56526,Russia,4575322822,1776395250000,2026-04-17T03:07:30+00:00,50,1,1,3,11,13,14,15,17,19,,,,,,,,,,,,
2374055,56526,Russia,4575322750,1776394350000,2026-04-17T02:52:30+00:00,50,4,7,8,9,10,17,18,19,20,,,,,,,,,,,,
2374033,56526,Russia,4575322672,1776393450000,2026-04-17T02:37:30+00:00,50,4,1,2,4,8,9,11,16,19,,,,,,,,,,,,
2374010,56526,Russia,4575322597,1776392550000,2026-04-17T02:22:30+00:00,50,3,3,5,6,7,9,13,17,18,,,,,,,,,,,,
2373987,56526,Russia,4575322519,1776391650000,2026-04-17T02:07:30+00:00,50,3,2,3,4,10,12,14,15,19,,,,,,,,,,,,
2373966,56526,Russia,4575322447,1776390750000,2026-04-17T01:52:30+00:00,50,2,5,6,9,10,12,16,18,19,,,,,,,,,,,,
2373945,56526,Russia,4575322369,1776389850000,2026-04-17T01:37:30+00:00,50,3,1,4,6,9,10,16,17,20,,,,,,,,,,,,
2373923,56526,Russia,4575322294,1776388950000,2026-04-17T01:22:30+00:00,50,2,3,7,9,12,15,17,19,20,,,,,,,,,,,,
2373903,56526,Russia,4575322216,1776388050000,2026-04-17T01:07:30+00:00,50,3,1,2,6,7,12,15,16,18,,,,,,,,,,,,
2373881,56526,Russia,4575322144,1776387150000,2026-04-17T00:52:30+00:00,50,2,1,3,7,8,12,14,16,18,,,,,,,,,,,,
2373861,56526,Russia,4575322066,1776386250000,2026-04-17T00:37:30+00:00,50,1,1,2,3,7,10,11,18,19,,,,,,,,,,,,
2373841,56526,Russia,4575321991,1776385350000,2026-04-17T00:22:30+00:00,50,3,1,4,5,7,13,14,16,18,,,,,,,,,,,,
2373821,56526,Russia,4575321913,1776384450000,2026-04-17T00:07:30+00:00,50,3,6,9,10,11,12,15,18,19,,,,,,,,,,,,
2373799,56526,Russia,4573526917,1776383550000,2026-04-16T23:52:30+00:00,50,4,1,2,3,6,8,12,18,20,,,,,,,,,,,,
2373779,56526,Russia,4573526863,1776382650000,2026-04-16T23:37:30+00:00,50,4,3,4,6,7,13,15,17,18,,,,,,,,,,,,
2373754,56526,Russia,4573526809,1776381750000,2026-04-16T23:22:30+00:00,50,4,2,5,6,8,11,15,18,19,,,,,,,,,,,,
2373736,56526,Russia,4573526755,1776380850000,2026-04-16T23:07:30+00:00,50,2,2,5,8,14,16,17,19,20,,,,,,,,,,,,
2373708,56526,Russia,4573526704,1776379950000,2026-04-16T22:52:30+00:00,50,1,2,4,5,9,15,17,19,20,,,,,,,,,,,,
2373684,56526,Russia,4573526650,1776379050000,2026-04-16T22:37:30+00:00,50,2,1,5,7,8,16,17,18,19,,,,,,,,,,,,
2373662,56526,Russia,4573526596,1776378150000,2026-04-16T22:22:30+00:00,50,3,3,4,7,12,13,14,15,20,,,,,,,,,,,,
2373643,56526,Russia,4573526551,1776377250000,2026-04-16T22:07:30+00:00,50,4,3,8,10,12,16,17,18,19,,,,,,,,,,,,
2373623,56526,Russia,4573526521,1776376350000,2026-04-16T21:52:30+00:00,50,1,1,2,4,5,7,10,11,12,,,,,,,,,,,,
2373593,56526,Russia,4573526497,1776375450000,2026-04-16T21:37:30+00:00,50,3,1,3,5,9,13,15,16,19,,,,,,,,,,,,
2373561,56526,Russia,4573526473,1776374550000,2026-04-16T21:22:30+00:00,50,2,5,11,12,14,16,17,18,20,,,,,,,,,,,,
2373531,56526,Russia,4573526452,1776373650000,2026-04-16T21:07:30+00:00,50,2,1,3,6,10,11,12,17,19,,,,,,,,,,,,
2373500,56526,Russia,4573525234,1776372750000,2026-04-16T20:52:30+00:00,50,4,5,6,7,10,14,18,19,20,,,,,,,,,,,,
2373469,56526,Russia,4573525129,1776371850000,2026-04-16T20:37:30+00:00,50,1,5,7,9,12,13,14,15,18,,,,,,,,,,,,
2373382,56526,Russia,4573525036,1776370950000,2026-04-16T20:22:30+00:00,60,,,,,,,,,,,,,,,,,,,,,
2373406,56526,Russia,4573524928,1776370050000,2026-04-16T20:07:30+00:00,50,3,1,3,4,8,10,14,15,17,,,,,,,,,,,,
2373373,56526,Russia,4573524814,1776369150000,2026-04-16T19:52:30+00:00,50,3,1,3,11,12,15,16,17,18,,,,,,,,,,,,
2373341,56526,Russia,4573524688,1776368250000,2026-04-16T19:37:30+00:00,50,3,1,4,5,6,7,8,18,20,,,,,,,,,,,,
2373190,56526,Russia,4573524580,1776367350000,2026-04-16T19:22:30+00:00,60,,,,,,,,,,,,,,,,,,,,,
2373189,56526,Russia,4573524469,1776366450000,2026-04-16T19:07:30+00:00,60,,,,,,,,,,,,,,,,,,,,,
2373188,56526,Russia,4573524349,1776365550000,2026-04-16T18:52:30+00:00,60,,,,,,,,,,,,,,,,,,,,,
2373212,56526,Russia,4573524232,1776364650000,2026-04-16T18:37:30+00:00,50,2,4,6,7,10,12,16,17,20,,,,,,,,,,,,
2373179,56526,Russia,4573524112,1776363750000,2026-04-16T18:22:30+00:00,50,1,3,10,11,14,15,16,18,20,,,,,,,,,,,,
2373148,56526,Russia,4573524001,1776362850000,2026-04-16T18:07:30+00:00,50,4,2,3,5,7,8,15,19,20,,,,,,,,,,,,
2373112,56526,Russia,4573523869,1776361950000,2026-04-16T17:52:30+00:00,50,1,1,2,5,7,8,11,17,19,,,,,,,,,,,,
2373080,56526,Russia,4573523755,1776361050000,2026-04-16T17:37:30+00:00,50,3,1,5,6,8,11,13,16,19,,,,,,,,,,,,
2373050,56526,Russia,4573523647,1776360150000,2026-04-16T17:22:30+00:00,50,1,2,3,4,5,8,9,12,15,,,,,,,,,,,,
2372929,56526,Russia,4573523533,1776359250000,2026-04-16T17:07:30+00:00,60,,,,,,,,,,,,,,,,,,,,,
2372928,56526,Russia,4573523407,1776358350000,2026-04-16T16:52:30+00:00,60,,,,,,,,,,,,,,,,,,,,,
2372950,56526,Russia,4573523287,1776357450000,2026-04-16T16:37:30+00:00,50,2,1,2,3,7,9,10,13,19,,,,,,,,,,,,
2372918,56526,Russia,4573523176,1776356550000,2026-04-16T16:22:30+00:00,50,1,3,4,5,11,12,15,16,18,,,,,,,,,,,,
2372886,56526,Russia,4573523065,1776355650000,2026-04-16T16:07:30+00:00,50,2,1,3,5,6,7,11,19,20,,,,,,,,,,,,
2372854,56526,Russia,4573522951,1776354750000,2026-04-16T15:52:30+00:00,50,1,1,8,10,14,16,17,18,19,,,,,,,,,,,,
2372821,56526,Russia,4573522828,1776353850000,2026-04-16T15:37:30+00:00,50,1,6,7,11,13,15,18,19,20,,,,,,,,,,,,
2372678,56526,Russia,4573522717,1776352950000,2026-04-16T15:22:30+00:00,60,,,,,,,,,,,,,,,,,,,,,
2372677,56526,Russia,4573522606,1776352050000,2026-04-16T15:07:30+00:00,60,,,,,,,,,,,,,,,,,,,,,
2372676,56526,Russia,4573522489,1776351150000,2026-04-16T14:52:30+00:00,60,,,,,,,,,,,,,,,,,,,,,
2372700,56526,Russia,4573522378,1776350250000,2026-04-16T14:37:30+00:00,50,2,1,5,6,10,12,14,19,20,,,,,,,,,,,,
2372667,56526,Russia,4573522273,1776349350000,2026-04-16T14:22:30+00:00,50,2,6,8,10,11,15,16,18,20,,,,,,,,,,,,
2372635,56526,Russia,4573522162,1776348450000,2026-04-16T14:07:30+00:00,50,4,2,3,7,10,12,14,15,16,,,,,,,,,,,,
2372604,56526,Russia,4573522051,1776347550000,2026-04-16T13:52:30+00:00,50,2,4,5,7,11,13,14,15,17,,,,,,,,,,,,
2372573,56526,Russia,4573521940,1776346650000,2026-04-16T13:37:30+00:00,50,2,1,8,9,13,14,15,17,19,,,,,,,,,,,,
2372460,56526,Russia,4573521838,1776345750000,2026-04-16T13:22:30+00:00,60,,,,,,,,,,,,,,,,,,,,,
2372459,56526,Russia,4573521721,1776344850000,2026-04-16T13:07:30+00:00,60,,,,,,,,,,,,,,,,,,,,,
2372480,56526,Russia,4573521601,1776343950000,2026-04-16T12:52:30+00:00,50,2,1,3,4,9,10,11,19,20,,,,,,,,,,,,
2372447,56526,Russia,4573521490,1776343050000,2026-04-16T12:37:30+00:00,50,3,1,4,6,7,11,12,17,19,,,,,,,,,,,,
2372417,56526,Russia,4573521382,1776342150000,2026-04-16T12:22:30+00:00,50,4,4,5,7,9,10,11,17,20,,,,,,,,,,,,
2372386,56526,Russia,4573521271,1776341250000,2026-04-16T12:07:30+00:00,50,4,1,2,3,6,7,9,11,14,,,,,,,,,,,,
2372353,56526,Russia,4573521154,1776340350000,2026-04-16T11:52:30+00:00,50,3,2,3,5,6,7,9,12,16,,,,,,,,,,,,
2372321,56526,Russia,4573521037,1776339450000,2026-04-16T11:37:30+00:00,50,1,4,9,12,13,14,15,18,19,,,,,,,,,,,,
2372290,56526,Russia,4573520932,1776338550000,2026-04-16T11:22:30+00:00,50,2,3,4,9,10,12,14,15,16,,,,,,,,,,,,
2372257,56526,Russia,4573520821,1776337650000,2026-04-16T11:07:30+00:00,50,3,2,6,8,10,13,14,17,20,,,,,,,,,,,,
2372173,56526,Russia,4573520710,1776336750000,2026-04-16T10:52:30+00:00,60,,,,,,,,,,,,,,,,,,,,,
2372195,56526,Russia,4573520590,1776335850000,2026-04-16T10:37:30+00:00,50,2,7,8,10,13,16,17,18,20,,,,,,,,,,,,
2372051,56526,Russia,4573520482,1776334950000,2026-04-16T10:22:30+00:00,60,,,,,,,,,,,,,,,,,,,,,
2372050,56526,Russia,4573520371,1776334050000,2026-04-16T10:07:30+00:00,60,,,,,,,,,,,,,,,,,,,,,
2372049,56526,Russia,4573520257,1776333150000,2026-04-16T09:52:30+00:00,60,,,,,,,,,,,,,,,,,,,,,
2372072,56526,Russia,4573520143,1776332250000,2026-04-16T09:37:30+00:00,50,4,3,4,8,13,14,15,19,20,,,,,,,,,,,,
2372039,56526,Russia,4573520035,1776331350000,2026-04-16T09:22:30+00:00,50,3,1,3,7,8,9,11,15,17,,,,,,,,,,,,
2371959,56526,Russia,4573519924,1776330450000,2026-04-16T09:07:30+00:00,60,,,,,,,,,,,,,,,,,,,,,
2371978,56526,Russia,4573519810,1776329550000,2026-04-16T08:52:30+00:00,50,2,1,7,11,12,13,16,19,20,,,,,,,,,,,,
2371946,56526,Russia,4573519699,1776328650000,2026-04-16T08:37:30+00:00,50,3,5,6,8,10,14,16,17,19,,,,,,,,,,,,
2371918,56526,Russia,4573519594,1776327750000,2026-04-16T08:22:30+00:00,50,4,1,2,5,8,10,11,15,18,,,,,,,,,,,,
2371886,56526,Russia,4573519483,1776326850000,2026-04-16T08:07:30+00:00,50,4,3,7,8,11,12,13,15,18,,,,,,,,,,,,
2371855,56526,Russia,4573519372,1776325950000,2026-04-16T07:52:30+00:00,50,2,9,13,14,15,16,18,19,20,,,,,,,,,,,,
2371824,56526,Russia,4573519261,1776325050000,2026-04-16T07:37:30+00:00,50,1,1,4,7,14,16,17,18,19,,,,,,,,,,,,
2371681,56526,Russia,4573519156,1776324150000,2026-04-16T07:22:30+00:00,60,,,,,,,,,,,,,,,,,,,,,
2371680,56526,Russia,4573519045,1776323250000,2026-04-16T07:07:30+00:00,60,,,,,,,,,,,,,,,,,,,,,
2371679,56526,Russia,4573518931,1776322350000,2026-04-16T06:52:30+00:00,60,,,,,,,,,,,,,,,,,,,,,
2371701,56526,Russia,4573518820,1776321450000,2026-04-16T06:37:30+00:00,50,1,1,2,3,6,7,8,12,20,,,,,,,,,,,,
2371670,56526,Russia,4573518718,1776320550000,2026-04-16T06:22:30+00:00,50,4,1,3,5,6,7,9,15,20,,,,,,,,,,,,
2371639,56526,Russia,4573518607,1776319650000,2026-04-16T06:07:30+00:00,50,1,2,4,5,14,15,16,17,20,,,,,,,,,,,,
2371611,56526,Russia,4573518505,1776318750000,2026-04-16T05:52:30+00:00,50,4,1,2,5,6,7,9,16,18,,,,,,,,,,,,
2371584,56526,Russia,4573518403,1776317850000,2026-04-16T05:37:30+00:00,50,3,1,6,8,10,12,17,18,20,,,,,,,,,,,,
2371559,56526,Russia,4573518310,1776316950000,2026-04-16T05:22:30+00:00,50,4,1,5,7,9,10,11,13,14,,,,,,,,,,,,
2371531,56526,Russia,4573518208,1776316050000,2026-04-16T05:07:30+00:00,50,3,2,3,4,6,10,12,13,18,,,,,,,,,,,,
2371506,56526,Russia,4573518118,1776315150000,2026-04-16T04:52:30+00:00,50,4,4,6,8,10,11,12,13,17,,,,,,,,,,,,
2371482,56526,Russia,4573518028,1776314250000,2026-04-16T04:37:30+00:00,50,4,2,3,5,6,9,11,16,18,,,,,,,,,,,,
2371462,56526,Russia,4573517950,1776313350000,2026-04-16T04:22:30+00:00,50,4,1,6,7,9,12,14,17,19,,,,,,,,,,,,
2371442,56526,Russia,4573517872,1776312450000,2026-04-16T04:07:30+00:00,50,3,3,4,5,8,11,14,15,20,,,,,,,,,,,,
2371420,56526,Russia,4573517800,1776311550000,2026-04-16T03:52:30+00:00,50,3,6,11,12,13,14,15,19,20,,,,,,,,,,,,
2371399,56526,Russia,4573517722,1776310650000,2026-04-16T03:37:30+00:00,50,1,3,7,8,10,11,12,18,20,,,,,,,,,,,,
2371375,56526,Russia,4573517647,1776309750000,2026-04-16T03:22:30+00:00,50,3,1,2,12,13,14,16,17,20,,,,,,,,,,,,
2371344,56526,Russia,4573517569,1776308850000,2026-04-16T03:07:30+00:00,50,1,1,7,9,10,11,14,15,19,,,,,,,,,,,,
2371321,56526,Russia,4573517497,1776307950000,2026-04-16T02:52:30+00:00,50,3,1,5,9,11,12,14,15,16,,,,,,,,,,,,
2371300,56526,Russia,4573517419,1776307050000,2026-04-16T02:37:30+00:00,50,1,1,3,4,6,11,15,19,20,,,,,,,,,,,,
2371271,56526,Russia,4573517344,1776306150000,2026-04-16T02:22:30+00:00,50,4,1,3,5,6,8,10,11,12,,,,,,,,,,,,
2371246,56526,Russia,4573517266,1776305250000,2026-04-16T02:07:30+00:00,50,3,1,6,7,10,11,12,15,20,,,,,,,,,,,,
2371225,56526,Russia,4573517194,1776304350000,2026-04-16T01:52:30+00:00,50,1,2,3,4,9,10,11,15,20,,,,,,,,,,,,
2371206,56526,Russia,4573517116,1776303450000,2026-04-16T01:37:30+00:00,50,4,4,6,9,10,12,14,17,20,,,,,,,,,,,,
2371186,56526,Russia,4573517041,1776302550000,2026-04-16T01:22:30+00:00,50,3,3,4,5,8,12,14,16,20,,,,,,,,,,,,
2371166,56526,Russia,4573516963,1776301650000,2026-04-16T01:07:30+00:00,50,1,1,3,5,7,9,12,17,20,,,,,,,,,,,,
2371142,56526,Russia,4573516891,1776300750000,2026-04-16T00:52:30+00:00,50,1,1,2,3,7,12,15,19,20,,,,,,,,,,,,
2371120,56526,Russia,4573516813,1776299850000,2026-04-16T00:37:30+00:00,50,3,1,2,3,9,11,12,14,16,,,,,,,,,,,,
2371101,56526,Russia,4573516738,1776298950000,2026-04-16T00:22:30+00:00,50,4,2,6,8,14,15,16,17,20,,,,,,,,,,,,
2371079,56526,Russia,4573516660,1776298050000,2026-04-16T00:07:30+00:00,50,3,7,8,10,12,15,16,18,19,,,,,,,,,,,,
2371058,56526,Russia,4571507797,1776297150000,2026-04-15T23:52:30+00:00,50,4,3,7,8,10,11,12,13,15,,,,,,,,,,,,
2371035,56526,Russia,4571507719,1776296250000,2026-04-15T23:37:30+00:00,50,3,2,3,4,6,11,13,18,20,,,,,,,,,,,,
2371009,56526,Russia,4571507644,1776295350000,2026-04-15T23:22:30+00:00,50,3,4,7,8,9,12,16,17,18,,,,,,,,,,,,
2370991,56526,Russia,4571507566,1776294450000,2026-04-15T23:07:30+00:00,50,2,4,5,10,12,13,16,19,20,,,,,,,,,,,,
2370964,56526,Russia,4571507494,1776293550000,2026-04-15T22:52:30+00:00,50,1,1,2,7,9,11,15,16,18,,,,,,,,,,,,
2370941,56526,Russia,4571507416,1776292650000,2026-04-15T22:37:30+00:00,50,3,1,4,6,11,16,17,18,19,,,,,,,,,,,,
2370919,56526,Russia,4571507341,1776291750000,2026-04-15T22:22:30+00:00,50,4,3,4,6,8,15,16,17,19,,,,,,,,,,,,
2370899,56526,Russia,4571507272,1776290850000,2026-04-15T22:07:30+00:00,50,4,4,6,9,11,15,16,17,18,,,,,,,,,,,,
2370879,56526,Russia,4571507230,1776289950000,2026-04-15T21:52:30+00:00,50,1,2,5,6,8,9,12,15,17,,,,,,,,,,,,
2370849,56526,Russia,4571507206,1776289050000,2026-04-15T21:37:30+00:00,50,3,1,2,4,6,14,17,18,19,,,,,,,,,,,,
2370820,56526,Russia,4571507182,1776288150000,2026-04-15T21:22:30+00:00,50,4,1,4,8,11,16,17,18,19,,,,,,,,,,,,
2370791,56526,Russia,4571507161,1776287250000,2026-04-15T21:07:30+00:00,50,2,1,2,3,7,8,9,10,15,,,,,,,,,,,,
2370760,56526,Russia,4571505937,1776286350000,2026-04-15T20:52:30+00:00,50,1,2,6,7,10,12,16,18,19,,,,,,,,,,,,
2370729,56526,Russia,4571505832,1776285450000,2026-04-15T20:37:30+00:00,50,4,3,7,8,9,13,14,15,16,,,,,,,,,,,,
2370640,56526,Russia,4571505739,1776284550000,2026-04-15T20:22:30+00:00,60,,,,,,,,,,,,,,,,,,,,,
2370667,56526,Russia,4571505631,1776283650000,2026-04-15T20:07:30+00:00,50,1,4,7,8,10,13,14,17,19,,,,,,,,,,,,
2370626,56526,Russia,4571505517,1776282750000,2026-04-15T19:52:30+00:00,50,2,1,2,3,7,8,9,10,18,,,,,,,,,,,,
2370597,56526,Russia,4571505400,1776281850000,2026-04-15T19:37:30+00:00,50,1,5,6,8,10,16,17,19,20,,,,,,,,,,,,
2370440,56526,Russia,4571505292,1776280950000,2026-04-15T19:22:30+00:00,60,,,,,,,,,,,,,,,,,,,,,
2370439,56526,Russia,4571505178,1776280050000,2026-04-15T19:07:30+00:00,60,,,,,,,,,,,,,,,,,,,,,
2370438,56526,Russia,4571505043,1776279150000,2026-04-15T18:52:30+00:00,60,,,,,,,,,,,,,,,,,,,,,
2370464,56526,Russia,4571504920,1776278250000,2026-04-15T18:37:30+00:00,50,3,1,2,3,8,10,12,13,16,,,,,,,,,,,,
2370428,56526,Russia,4571504800,1776277350000,2026-04-15T18:22:30+00:00,50,3,2,4,7,11,13,14,16,18,,,,,,,,,,,,
2370396,56526,Russia,4571504683,1776276450000,2026-04-15T18:07:30+00:00,50,4,3,5,7,11,12,13,15,18,,,,,,,,,,,,
2370362,56526,Russia,4571504557,1776275550000,2026-04-15T17:52:30+00:00,50,3,5,6,7,8,9,12,16,20,,,,,,,,,,,,
2370330,56526,Russia,4571504443,1776274650000,2026-04-15T17:37:30+00:00,50,2,3,6,8,9,12,14,17,19,,,,,,,,,,,,
2370296,56526,Russia,4571504335,1776273750000,2026-04-15T17:22:30+00:00,50,4,1,5,8,10,14,15,16,19,,,,,,,,,,,,
2370176,56526,Russia,4571504221,1776272850000,2026-04-15T17:07:30+00:00,60,,,,,,,,,,,,,,,,,,,,,
2370175,56526,Russia,4571504089,1776271950000,2026-04-15T16:52:30+00:00,60,,,,,,,,,,,,,,,,,,,,,
2370197,56526,Russia,4571503966,1776271050000,2026-04-15T16:37:30+00:00,50,4,4,5,8,9,10,11,16,17,,,,,,,,,,,,
2370163,56526,Russia,4571503852,1776270150000,2026-04-15T16:22:30+00:00,50,1,1,2,4,8,10,15,16,18,,,,,,,,,,,,
2370132,56526,Russia,4571503741,1776269250000,2026-04-15T16:07:30+00:00,50,2,4,6,8,10,11,14,16,20,,,,,,,,,,,,
2370099,56526,Russia,4571503627,1776268350000,2026-04-15T15:52:30+00:00,50,3,1,5,6,7,11,13,15,18,,,,,,,,,,,,
2370067,56526,Russia,4571503507,1776267450000,2026-04-15T15:37:30+00:00,50,3,2,8,11,12,13,16,17,18,,,,,,,,,,,,
2369925,56526,Russia,4571503396,1776266550000,2026-04-15T15:22:30+00:00,60,,,,,,,,,,,,,,,,,,,,,
2369924,56526,Russia,4571503279,1776265650000,2026-04-15T15:07:30+00:00,60,,,,,,,,,,,,,,,,,,,,,
2369923,56526,Russia,4571503159,1776264750000,2026-04-15T14:52:30+00:00,60,,,,,,,,,,,,,,,,,,,,,
2369946,56526,Russia,4571503048,1776263850000,2026-04-15T14:37:30+00:00,50,2,7,8,9,11,15,16,18,20,,,,,,,,,,,,
2369914,56526,Russia,4571502943,1776262950000,2026-04-15T14:22:30+00:00,50,2,4,5,6,8,10,12,14,15,,,,,,,,,,,,
2369844,56526,Russia,4571502832,1776262050000,2026-04-15T14:07:30+00:00,50,4,5,7,9,10,11,14,18,19,,,,,,,,,,,,
2369823,56526,Russia,4571502721,1776261150000,2026-04-15T13:52:30+00:00,50,1,1,4,8,9,10,13,14,19,,,,,,,,,,,,
2369780,56526,Russia,4571502610,1776260250000,2026-04-15T13:37:30+00:00,50,1,6,10,12,14,15,16,17,18,,,,,,,,,,,,
2369707,56526,Russia,4571502508,1776259350000,2026-04-15T13:22:30+00:00,60,,,,,,,,,,,,,,,,,,,,,
2369706,56526,Russia,4571502391,1776258450000,2026-04-15T13:07:30+00:00,60,,,,,,,,,,,,,,,,,,,,,
2369727,56526,Russia,4571502271,1776257550000,2026-04-15T12:52:30+00:00,50,3,1,3,6,8,10,11,16,17,,,,,,,,,,,,
2369694,56526,Russia,4571502160,1776256650000,2026-04-15T12:37:30+00:00,50,1,2,5,7,8,9,11,12,13,,,,,,,,,,,,
2369664,56526,Russia,4571502052,1776255750000,2026-04-15T12:22:30+00:00,50,2,4,5,7,11,13,18,19,20,,,,,,,,,,,,
2369632,56526,Russia,4571501941,1776254850000,2026-04-15T12:07:30+00:00,50,1,1,7,11,14,16,17,18,19,,,,,,,,,,,,
2369599,56526,Russia,4571501824,1776253950000,2026-04-15T11:52:30+00:00,50,1,1,4,5,7,9,14,15,20,,,,,,,,,,,,
2369567,56526,Russia,4571501707,1776253050000,2026-04-15T11:37:30+00:00,50,1,2,7,8,9,12,14,17,18,,,,,,,,,,,,
2369538,56526,Russia,4571501602,1776252150000,2026-04-15T11:22:30+00:00,50,2,5,6,7,8,12,13,18,20,,,,,,,,,,,,
2369505,56526,Russia,4571501491,1776251250000,2026-04-15T11:07:30+00:00,50,3,3,6,7,9,10,11,17,18,,,,,,,,,,,,
2369422,56526,Russia,4571501380,1776250350000,2026-04-15T10:52:30+00:00,60,,,,,,,,,,,,,,,,,,,,,
2369443,56526,Russia,4571501260,1776249450000,2026-04-15T10:37:30+00:00,50,2,2,5,6,9,10,17,18,20,,,,,,,,,,,,
2369298,56526,Russia,4571501155,1776248550000,2026-04-15T10:22:30+00:00,60,,,,,,,,,,,,,,,,,,,,,
2369297,56526,Russia,4571501044,1776247650000,2026-04-15T10:07:30+00:00,60,,,,,,,,,,,,,,,,,,,,,
2369296,56526,Russia,4571500930,1776246750000,2026-04-15T09:52:30+00:00,60,,,,,,,,,,,,,,,,,,,,,
2369320,56526,Russia,4571500819,1776245850000,2026-04-15T09:37:30+00:00,50,4,3,5,6,9,11,12,15,16,,,,,,,,,,,,
2369286,56526,Russia,4571500711,1776244950000,2026-04-15T09:22:30+00:00,50,4,2,5,6,8,13,14,15,19,,,,,,,,,,,,
2369206,56526,Russia,4571500600,1776244050000,2026-04-15T09:07:30+00:00,60,,,,,,,,,,,,,,,,,,,,,
2369226,56526,Russia,4571500486,1776243150000,2026-04-15T08:52:30+00:00,50,3,4,6,10,12,14,16,17,20,,,,,,,,,,,,
2369194,56526,Russia,4571500375,1776242250000,2026-04-15T08:37:30+00:00,50,3,4,5,7,9,10,13,19,20,,,,,,,,,,,,
2369165,56526,Russia,4571500270,1776241350000,2026-04-15T08:22:30+00:00,50,3,1,4,5,11,13,14,15,20,,,,,,,,,,,,
2369134,56526,Russia,4571500159,1776240450000,2026-04-15T08:07:30+00:00,50,3,1,2,4,7,8,15,18,20,,,,,,,,,,,,
2369103,56526,Russia,4571500048,1776239550000,2026-04-15T07:52:30+00:00,50,3,1,4,5,6,8,11,17,19,,,,,,,,,,,,
2369070,56526,Russia,4571499937,1776238650000,2026-04-15T07:37:30+00:00,50,2,1,2,4,6,9,15,16,20,,,,,,,,,,,,
2368930,56526,Russia,4571499829,1776237750000,2026-04-15T07:22:30+00:00,60,,,,,,,,,,,,,,,,,,,,,
2368929,56526,Russia,4571499718,1776236850000,2026-04-15T07:07:30+00:00,60,,,,,,,,,,,,,,,,,,,,,
2368928,56526,Russia,4571499604,1776235950000,2026-04-15T06:52:30+00:00,60,,,,,,,,,,,,,,,,,,,,,
2368950,56526,Russia,4571499493,1776235050000,2026-04-15T06:37:30+00:00,50,4,2,10,12,13,14,17,18,19,,,,,,,,,,,,
2368919,56526,Russia,4571499391,1776234150000,2026-04-15T06:22:30+00:00,50,2,2,5,7,9,13,16,17,20,,,,,,,,,,,,
2368888,56526,Russia,4571499280,1776233250000,2026-04-15T06:07:30+00:00,50,3,1,4,5,7,9,10,12,19,,,,,,,,,,,,
2368860,56526,Russia,4571499178,1776232350000,2026-04-15T05:52:30+00:00,50,3,2,3,6,11,13,14,16,20,,,,,,,,,,,,
2368833,56526,Russia,4571499076,1776231450000,2026-04-15T05:37:30+00:00,50,2,4,5,6,9,13,17,18,19,,,,,,,,,,,,
2368808,56526,Russia,4571498983,1776230550000,2026-04-15T05:22:30+00:00,50,4,3,4,5,6,7,8,12,14,,,,,,,,,,,,
2368779,56526,Russia,4571498881,1776229650000,2026-04-15T05:07:30+00:00,50,3,1,2,3,9,12,16,17,20,,,,,,,,,,,,
2368755,56526,Russia,4571498791,1776228750000,2026-04-15T04:52:30+00:00,50,2,1,2,3,4,10,12,14,20,,,,,,,,,,,,
2368731,56526,Russia,4571498701,1776227850000,2026-04-15T04:37:30+00:00,50,3,2,4,5,7,8,10,13,16,,,,,,,,,,,,
2368711,56526,Russia,4571498623,1776226950000,2026-04-15T04:22:30+00:00,50,2,1,4,6,7,10,13,15,19,,,,,,,,,,,,
2368691,56526,Russia,4571498545,1776226050000,2026-04-15T04:07:30+00:00,50,3,2,3,4,5,7,12,13,15,,,,,,,,,,,,
2368673,56526,Russia,4571498473,1776225150000,2026-04-15T03:52:30+00:00,50,2,3,5,6,8,10,16,19,20,,,,,,,,,,,,
2368651,56526,Russia,4571498395,1776224250000,2026-04-15T03:37:30+00:00,50,3,3,4,5,7,10,12,18,20,,,,,,,,,,,,
2368630,56526,Russia,4571498320,1776223350000,2026-04-15T03:22:30+00:00,50,2,2,4,9,10,12,13,15,20,,,,,,,,,,,,
2368601,56526,Russia,4571498242,1776222450000,2026-04-15T03:07:30+00:00,50,2,1,3,6,11,12,14,16,17,,,,,,,,,,,,
2368578,56526,Russia,4571498170,1776221550000,2026-04-15T02:52:30+00:00,50,3,3,6,9,12,13,15,16,20,,,,,,,,,,,,
2368558,56526,Russia,4571498092,1776220650000,2026-04-15T02:37:30+00:00,50,3,1,2,4,5,10,11,15,17,,,,,,,,,,,,
2368535,56526,Russia,4571498017,1776219750000,2026-04-15T02:22:30+00:00,50,4,3,4,10,11,13,14,18,19,,,,,,,,,,,,
2368512,56526,Russia,4571497939,1776218850000,2026-04-15T02:07:30+00:00,50,3,5,6,8,9,10,13,16,17,,,,,,,,,,,,
2368491,56526,Russia,4571497867,1776217950000,2026-04-15T01:52:30+00:00,50,2,1,3,5,8,9,12,17,19,,,,,,,,,,,,
2368470,56526,Russia,4571497789,1776217050000,2026-04-15T01:37:30+00:00,50,1,3,5,7,8,9,12,19,20,,,,,,,,,,,,
2368448,56526,Russia,4571497714,1776216150000,2026-04-15T01:22:30+00:00,50,2,1,2,5,13,14,16,17,20,,,,,,,,,,,,
2368428,56526,Russia,4571497636,1776215250000,2026-04-15T01:07:30+00:00,50,3,2,3,4,5,8,10,12,15,,,,,,,,,,,,
2368406,56526,Russia,4571497564,1776214350000,2026-04-15T00:52:30+00:00,50,1,1,5,8,10,11,12,15,18,,,,,,,,,,,,
2368386,56526,Russia,4571497486,1776213450000,2026-04-15T00:37:30+00:00,50,4,2,5,10,13,15,17,19,20,,,,,,,,,,,,
2368366,56526,Russia,4571497411,1776212550000,2026-04-15T00:22:30+00:00,50,3,3,4,5,6,7,11,14,17,,,,,,,,,,,,
2368347,56526,Russia,4571497333,1776211650000,2026-04-15T00:07:30+00:00,50,4,1,6,7,9,12,13,14,16,,,,,,,,,,,,
2368323,56526,Russia,4569748144,1776210750000,2026-04-14T23:52:30+00:00,50,2,6,9,10,13,15,16,19,20,,,,,,,,,,,,
2368304,56526,Russia,4569748066,1776209850000,2026-04-14T23:37:30+00:00,50,1,1,8,11,12,15,18,19,20,,,,,,,,,,,,
2368283,56526,Russia,4569747991,1776208950000,2026-04-14T23:22:30+00:00,50,2,3,4,6,7,8,11,14,18,,,,,,,,,,,,
2368257,56526,Russia,4569747913,1776208050000,2026-04-14T23:07:30+00:00,50,3,1,4,10,11,13,16,17,18,,,,,,,,,,,,
2368234,56526,Russia,4569747841,1776207150000,2026-04-14T22:52:30+00:00,50,1,3,5,10,11,13,16,17,18,,,,,,,,,,,,
2368211,56526,Russia,4569747763,1776206250000,2026-04-14T22:37:30+00:00,50,1,1,2,5,6,10,12,13,18,,,,,,,,,,,,
2368189,56526,Russia,4569747688,1776205350000,2026-04-14T22:22:30+00:00,50,2,1,2,7,9,12,16,19,20,,,,,,,,,,,,
2368169,56526,Russia,4569747619,1776204450000,2026-04-14T22:07:30+00:00,50,3,4,5,7,9,11,15,19,20,,,,,,,,,,,,
2368149,56526,Russia,4569747577,1776203550000,2026-04-14T21:52:30+00:00,50,4,1,6,8,10,14,15,16,19,,,,,,,,,,,,
2368119,56526,Russia,4569747553,1776202650000,2026-04-14T21:37:30+00:00,50,3,1,5,6,7,11,14,17,18,,,,,,,,,,,,
2368091,56526,Russia,4569747529,1776201750000,2026-04-14T21:22:30+00:00,50,1,1,6,8,12,13,16,18,20,,,,,,,,,,,,
2368060,56526,Russia,4569747508,1776200850000,2026-04-14T21:07:30+00:00,50,2,5,8,9,10,11,12,14,19,,,,,,,,,,,,
2368030,56526,Russia,4569746293,1776199950000,2026-04-14T20:52:30+00:00,50,4,1,4,6,9,10,11,13,16,,,,,,,,,,,,
2367999,56526,Russia,4569746188,1776199050000,2026-04-14T20:37:30+00:00,50,1,1,4,5,8,9,10,14,20,,,,,,,,,,,,
2367907,56526,Russia,4569746095,1776198150000,2026-04-14T20:22:30+00:00,60,,,,,,,,,,,,,,,,,,,,,
2367932,56526,Russia,4569745987,1776197250000,2026-04-14T20:07:30+00:00,50,2,4,5,6,11,12,16,19,20,,,,,,,,,,,,
2367898,56526,Russia,4569745873,1776196350000,2026-04-14T19:52:30+00:00,50,1,1,9,10,12,14,16,17,19,,,,,,,,,,,,
2367867,56526,Russia,4569745750,1776195450000,2026-04-14T19:37:30+00:00,50,1,1,2,4,7,11,14,16,17,,,,,,,,,,,,
2367712,56526,Russia,4569745642,1776194550000,2026-04-14T19:22:30+00:00,60,,,,,,,,,,,,,,,,,,,,,
2367711,56526,Russia,4569745531,1776193650000,2026-04-14T19:07:30+00:00,60,,,,,,,,,,,,,,,,,,,,,
2367710,56526,Russia,4569745402,1776192750000,2026-04-14T18:52:30+00:00,60,,,,,,,,,,,,,,,,,,,,,
2367735,56526,Russia,4569745282,1776191850000,2026-04-14T18:37:30+00:00,50,1,3,6,7,9,14,15,18,19,,,,,,,,,,,,
2367701,56526,Russia,4569745159,1776190950000,2026-04-14T18:22:30+00:00,50,1,2,4,5,6,7,9,12,14,,,,,,,,,,,,
2367668,56526,Russia,4569745048,1776190050000,2026-04-14T18:07:30+00:00,50,2,3,4,5,7,8,12,13,17,,,,,,,,,,,,
2367633,56526,Russia,4569744913,1776189150000,2026-04-14T17:52:30+00:00,50,4,3,4,8,12,13,14,19,20,,,,,,,,,,,,
2367602,56526,Russia,4569744799,1776188250000,2026-04-14T17:37:30+00:00,50,3,1,3,8,11,13,15,17,19,,,,,,,,,,,,
2367571,56526,Russia,4569744691,1776187350000,2026-04-14T17:22:30+00:00,50,1,4,8,11,12,13,14,16,19,,,,,,,,,,,,
2367443,56526,Russia,4569744577,1776186450000,2026-04-14T17:07:30+00:00,60,,,,,,,,,,,,,,,,,,,,,
2367442,56526,Russia,4569744451,1776185550000,2026-04-14T16:52:30+00:00,60,,,,,,,,,,,,,,,,,,,,,
2367469,56526,Russia,4569744331,1776184650000,2026-04-14T16:37:30+00:00,50,4,6,9,12,13,16,17,19,20,,,,,,,,,,,,
2367434,56526,Russia,4569744220,1776183750000,2026-04-14T16:22:30+00:00,50,1,4,5,6,7,8,10,11,17,,,,,,,,,,,,
2367407,56526,Russia,4569744109,1776182850000,2026-04-14T16:07:30+00:00,50,2,2,7,10,16,17,18,19,20,,,,,,,,,,,,
2367375,56526,Russia,4569743995,1776181950000,2026-04-14T15:52:30+00:00,50,1,2,9,10,13,14,15,17,20,,,,,,,,,,,,
2367343,56526,Russia,4569743866,1776181050000,2026-04-14T15:37:30+00:00,50,4,1,2,5,10,11,13,15,16,,,,,,,,,,,,
2367202,56526,Russia,4569743758,1776180150000,2026-04-14T15:22:30+00:00,60,,,,,,,,,,,,,,,,,,,,,
2367201,56526,Russia,4569743647,1776179250000,2026-04-14T15:07:30+00:00,60,,,,,,,,,,,,,,,,,,,,,
2367200,56526,Russia,4569743530,1776178350000,2026-04-14T14:52:30+00:00,60,,,,,,,,,,,,,,,,,,,,,
2367224,56526,Russia,4569743419,1776177450000,2026-04-14T14:37:30+00:00,50,4,1,3,4,6,10,12,14,17,,,,,,,,,,,,
2367191,56526,Russia,4569743311,1776176550000,2026-04-14T14:22:30+00:00,50,3,1,2,4,5,8,12,14,20,,,,,,,,,,,,
2367160,56526,Russia,4569743200,1776175650000,2026-04-14T14:07:30+00:00,50,1,1,4,5,8,12,14,17,18,,,,,,,,,,,,
2367128,56526,Russia,4569743089,1776174750000,2026-04-14T13:52:30+00:00,50,3,6,8,10,13,16,17,18,20,,,,,,,,,,,,
2367097,56526,Russia,4569742978,1776173850000,2026-04-14T13:37:30+00:00,50,1,2,3,6,10,12,14,15,18,,,,,,,,,,,,
2366983,56526,Russia,4569742876,1776172950000,2026-04-14T13:22:30+00:00,60,,,,,,,,,,,,,,,,,,,,,
2366982,56526,Russia,4569742759,1776172050000,2026-04-14T13:07:30+00:00,60,,,,,,,,,,,,,,,,,,,,,
2367003,56526,Russia,4569742639,1776171150000,2026-04-14T12:52:30+00:00,50,2,5,6,10,11,13,15,16,18,,,,,,,,,,,,
2366970,56526,Russia,4569742528,1776170250000,2026-04-14T12:37:30+00:00,50,4,3,6,9,11,13,15,17,18,,,,,,,,,,,,
2366940,56526,Russia,4569742420,1776169350000,2026-04-14T12:22:30+00:00,50,3,2,4,6,8,10,12,15,17,,,,,,,,,,,,
2366909,56526,Russia,4569742309,1776168450000,2026-04-14T12:07:30+00:00,50,1,1,3,7,8,10,11,12,13,,,,,,,,,,,,
2366875,56526,Russia,4569742192,1776167550000,2026-04-14T11:52:30+00:00,50,2,1,2,4,5,8,12,13,17,,,,,,,,,,,,
2366844,56526,Russia,4569742075,1776166650000,2026-04-14T11:37:30+00:00,50,4,1,2,7,14,16,18,19,20,,,,,,,,,,,,
2366815,56526,Russia,4569741970,1776165750000,2026-04-14T11:22:30+00:00,50,3,2,5,6,12,13,16,17,19,,,,,,,,,,,,
2366782,56526,Russia,4569741859,1776164850000,2026-04-14T11:07:30+00:00,50,3,1,2,5,6,7,8,12,16,,,,,,,,,,,,
2366697,56526,Russia,4569741748,1776163950000,2026-04-14T10:52:30+00:00,60,,,,,,,,,,,,,,,,,,,,,
2366719,56526,Russia,4569741628,1776163050000,2026-04-14T10:37:30+00:00,50,3,2,3,7,9,11,12,15,18,,,,,,,,,,,,
2366576,56526,Russia,4569741523,1776162150000,2026-04-14T10:22:30+00:00,60,,,,,,,,,,,,,,,,,,,,,
2366575,56526,Russia,4569741412,1776161250000,2026-04-14T10:07:30+00:00,60,,,,,,,,,,,,,,,,,,,,,
2366574,56526,Russia,4569741298,1776160350000,2026-04-14T09:52:30+00:00,60,,,,,,,,,,,,,,,,,,,,,
2366597,56526,Russia,4569741187,1776159450000,2026-04-14T09:37:30+00:00,50,3,2,3,7,9,16,17,18,19,,,,,,,,,,,,
2366565,56526,Russia,4569741082,1776158550000,2026-04-14T09:22:30+00:00,50,3,1,2,4,5,7,10,12,13,,,,,,,,,,,,
2366485,56526,Russia,4569740971,1776157650000,2026-04-14T09:07:30+00:00,60,,,,,,,,,,,,,,,,,,,,,
2366504,56526,Russia,4569740857,1776156750000,2026-04-14T08:52:30+00:00,50,2,1,2,5,6,8,10,14,15,,,,,,,,,,,,
2366473,56526,Russia,4569740746,1776155850000,2026-04-14T08:37:30+00:00,50,4,1,7,8,9,10,11,15,19,,,,,,,,,,,,
2366444,56526,Russia,4569740641,1776154950000,2026-04-14T08:22:30+00:00,50,2,2,3,4,10,13,14,17,20,,,,,,,,,,,,
2366412,56526,Russia,4569740530,1776154050000,2026-04-14T08:07:30+00:00,50,4,4,5,7,8,9,12,15,17,,,,,,,,,,,,
2366381,56526,Russia,4569740419,1776153150000,2026-04-14T07:52:30+00:00,50,1,3,4,6,7,8,12,15,20,,,,,,,,,,,,
2366350,56526,Russia,4569740308,1776152250000,2026-04-14T07:37:30+00:00,50,3,1,4,5,7,10,15,16,20,,,,,,,,,,,,
2366210,56526,Russia,4569740203,1776151350000,2026-04-14T07:22:30+00:00,60,,,,,,,,,,,,,,,,,,,,,
2366209,56526,Russia,4569740092,1776150450000,2026-04-14T07:07:30+00:00,60,,,,,,,,,,,,,,,,,,,,,
2366208,56526,Russia,4569739978,1776149550000,2026-04-14T06:52:30+00:00,60,,,,,,,,,,,,,,,,,,,,,
2366230,56526,Russia,4569739867,1776148650000,2026-04-14T06:37:30+00:00,50,4,1,2,3,4,6,9,15,17,,,,,,,,,,,,
2366199,56526,Russia,4569739765,1776147750000,2026-04-14T06:22:30+00:00,50,3,1,3,5,7,8,10,17,18,,,,,,,,,,,,
2366167,56526,Russia,4569739654,1776146850000,2026-04-14T06:07:30+00:00,50,1,2,5,6,7,9,10,12,15,,,,,,,,,,,,
2366139,56526,Russia,4569739552,1776145950000,2026-04-14T05:52:30+00:00,50,4,4,8,10,11,14,15,16,19,,,,,,,,,,,,
2366105,56526,Russia,4569739450,1776145050000,2026-04-14T05:37:30+00:00,50,2,5,7,9,12,13,14,17,19,,,,,,,,,,,,
2366087,56526,Russia,4569739357,1776144150000,2026-04-14T05:22:30+00:00,50,4,4,8,9,10,14,18,19,20,,,,,,,,,,,,
2366058,56526,Russia,4569739255,1776143250000,2026-04-14T05:07:30+00:00,50,2,1,2,4,5,12,14,15,20,,,,,,,,,,,,
2366034,56526,Russia,4569739165,1776142350000,2026-04-14T04:52:30+00:00,50,1,5,6,8,11,14,16,17,19,,,,,,,,,,,,
2366010,56526,Russia,4569739075,1776141450000,2026-04-14T04:37:30+00:00,50,4,1,2,4,5,7,15,16,18,,,,,,,,,,,,
2365988,56526,Russia,4569738997,1776140550000,2026-04-14T04:22:30+00:00,50,1,1,2,6,8,12,13,15,18,,,,,,,,,,,,
2365968,56526,Russia,4569738919,1776139650000,2026-04-14T04:07:30+00:00,50,4,1,3,9,10,11,15,16,18,,,,,,,,,,,,
2365949,56526,Russia,4569738847,1776138750000,2026-04-14T03:52:30+00:00,50,2,5,6,7,9,11,15,19,20,,,,,,,,,,,,
2365928,56526,Russia,4569738769,1776137850000,2026-04-14T03:37:30+00:00,50,4,2,5,6,11,14,16,17,20,,,,,,,,,,,,
2365905,56526,Russia,4569738694,1776136950000,2026-04-14T03:22:30+00:00,50,1,3,7,9,11,13,15,16,18,,,,,,,,,,,,
2365875,56526,Russia,4569738616,1776136050000,2026-04-14T03:07:30+00:00,50,4,1,2,3,10,12,15,17,18,,,,,,,,,,,,
2365852,56526,Russia,4569738544,1776135150000,2026-04-14T02:52:30+00:00,50,4,1,2,5,6,14,15,16,17,,,,,,,,,,,,
2365832,56526,Russia,4569738466,1776134250000,2026-04-14T02:37:30+00:00,50,4,3,5,6,7,9,11,16,19,,,,,,,,,,,,
2365805,56526,Russia,4569738391,1776133350000,2026-04-14T02:22:30+00:00,50,2,1,10,12,13,14,15,16,19,,,,,,,,,,,,
2365781,56526,Russia,4569738313,1776132450000,2026-04-14T02:07:30+00:00,50,1,2,3,4,5,8,15,16,17,,,,,,,,,,,,
2365750,56526,Russia,4569738241,1776131550000,2026-04-14T01:52:30+00:00,50,4,3,6,8,9,11,17,19,20,,,,,,,,,,,,
2365732,56526,Russia,4569738163,1776130650000,2026-04-14T01:37:30+00:00,50,1,1,2,7,8,10,13,17,18,,,,,,,,,,,,
2365710,56526,Russia,4569738088,1776129750000,2026-04-14T01:22:30+00:00,50,1,1,2,4,13,14,15,17,20,,,,,,,,,,,,
2365697,56526,Russia,4569738010,1776128850000,2026-04-14T01:07:30+00:00,50,1,2,5,7,8,9,13,18,20,,,,,,,,,,,,
2365676,56526,Russia,4569737938,1776127950000,2026-04-14T00:52:30+00:00,50,2,2,8,9,10,11,12,15,17,,,,,,,,,,,,
2365656,56526,Russia,4569737860,1776127050000,2026-04-14T00:37:30+00:00,50,4,6,7,12,13,14,16,19,20,,,,,,,,,,,,
2365637,56526,Russia,4569737785,1776126150000,2026-04-14T00:22:30+00:00,50,4,2,4,5,12,13,14,16,18,,,,,,,,,,,,
2365616,56526,Russia,4569737707,1776125250000,2026-04-14T00:07:30+00:00,50,2,3,4,5,13,16,17,18,20,,,,,,,,,,,,
2365593,56526,Russia,4567991035,1776124350000,2026-04-13T23:52:30+00:00,50,1,3,6,8,10,11,12,13,20,,,,,,,,,,,,
2365571,56526,Russia,4567990957,1776123450000,2026-04-13T23:37:30+00:00,50,3,2,5,11,12,13,14,15,20,,,,,,,,,,,,
2365549,56526,Russia,4567990882,1776122550000,2026-04-13T23:22:30+00:00,50,2,2,4,6,11,12,15,18,20,,,,,,,,,,,,
2365523,56526,Russia,4567990804,1776121650000,2026-04-13T23:07:30+00:00,50,3,4,9,10,12,15,16,19,20,,,,,,,,,,,,
2365499,56526,Russia,4567990732,1776120750000,2026-04-13T22:52:30+00:00,50,4,2,5,6,7,8,9,14,20,,,,,,,,,,,,
2365476,56526,Russia,4567990654,1776119850000,2026-04-13T22:37:30+00:00,50,1,2,6,12,15,16,18,19,20,,,,,,,,,,,,
2365454,56526,Russia,4567990579,1776118950000,2026-04-13T22:22:30+00:00,50,4,2,3,7,11,12,13,14,20,,,,,,,,,,,,
2365436,56526,Russia,4567990510,1776118050000,2026-04-13T22:07:30+00:00,50,3,1,3,4,11,12,16,18,20,,,,,,,,,,,,
2365414,56526,Russia,4567990468,1776117150000,2026-04-13T21:52:30+00:00,50,1,1,2,4,8,12,17,19,20,,,,,,,,,,,,
2365384,56526,Russia,4567990444,1776116250000,2026-04-13T21:37:30+00:00,50,4,3,4,6,8,9,12,17,18,,,,,,,,,,,,
2365355,56526,Russia,4567990420,1776115350000,2026-04-13T21:22:30+00:00,50,1,6,7,9,11,15,17,18,20,,,,,,,,,,,,
2365326,56526,Russia,4567990399,1776114450000,2026-04-13T21:07:30+00:00,50,1,2,3,9,10,12,17,18,20,,,,,,,,,,,,
2365295,56526,Russia,4567989172,1776113550000,2026-04-13T20:52:30+00:00,50,1,1,3,5,7,8,9,11,18,,,,,,,,,,,,
2365264,56526,Russia,4567989067,1776112650000,2026-04-13T20:37:30+00:00,50,3,5,8,10,14,15,16,17,19,,,,,,,,,,,,
2365175,56526,Russia,4567988974,1776111750000,2026-04-13T20:22:30+00:00,60,,,,,,,,,,,,,,,,,,,,,
2365197,56526,Russia,4567988866,1776110850000,2026-04-13T20:07:30+00:00,50,4,1,4,7,9,13,15,17,20,,,,,,,,,,,,
2365166,56526,Russia,4567988752,1776109950000,2026-04-13T19:52:30+00:00,50,1,2,5,7,10,11,12,13,16,,,,,,,,,,,,
2365134,56526,Russia,4567988632,1776109050000,2026-04-13T19:37:30+00:00,50,1,4,7,8,10,13,15,18,19,,,,,,,,,,,,
2364983,56526,Russia,4567988524,1776108150000,2026-04-13T19:22:30+00:00,60,,,,,,,,,,,,,,,,,,,,,
2364982,56526,Russia,4567988413,1776107250000,2026-04-13T19:07:30+00:00,60,,,,,,,,,,,,,,,,,,,,,
2364981,56526,Russia,4567988296,1776106350000,2026-04-13T18:52:30+00:00,60,,,,,,,,,,,,,,,,,,,,,
2365005,56526,Russia,4567988179,1776105450000,2026-04-13T18:37:30+00:00,50,4,3,4,5,7,10,13,17,18,,,,,,,,,,,,
2364972,56526,Russia,4567988059,1776104550000,2026-04-13T18:22:30+00:00,50,4,2,7,8,11,13,14,15,17,,,,,,,,,,,,
2364941,56526,Russia,4567987942,1776103650000,2026-04-13T18:07:30+00:00,50,3,2,5,7,8,9,15,19,20,,,,,,,,,,,,
2364907,56526,Russia,4567987816,1776102750000,2026-04-13T17:52:30+00:00,50,4,1,2,7,10,11,12,13,20,,,,,,,,,,,,
2364876,56526,Russia,4567987702,1776101850000,2026-04-13T17:37:30+00:00,50,1,1,7,8,10,13,14,17,19,,,,,,,,,,,,
2364845,56526,Russia,4567987594,1776100950000,2026-04-13T17:22:30+00:00,50,1,2,3,6,8,12,15,16,18,,,,,,,,,,,,
2364724,56526,Russia,4567987480,1776100050000,2026-04-13T17:07:30+00:00,60,,,,,,,,,,,,,,,,,,,,,
2364723,56526,Russia,4567987354,1776099150000,2026-04-13T16:52:30+00:00,60,,,,,,,,,,,,,,,,,,,,,
2364745,56526,Russia,4567987234,1776098250000,2026-04-13T16:37:30+00:00,50,3,6,7,8,10,12,16,18,20,,,,,,,,,,,,
2364712,56526,Russia,4567987123,1776097350000,2026-04-13T16:22:30+00:00,50,3,1,3,5,13,15,17,18,19,,,,,,,,,,,,
2364679,56526,Russia,4567987012,1776096450000,2026-04-13T16:07:30+00:00,50,1,1,3,4,6,10,13,14,18,,,,,,,,,,,,
2364649,56526,Russia,4567986898,1776095550000,2026-04-13T15:52:30+00:00,50,4,3,4,5,6,7,8,9,20,,,,,,,,,,,,
2364617,56526,Russia,4567986775,1776094650000,2026-04-13T15:37:30+00:00,50,1,1,3,5,6,10,11,14,15,,,,,,,,,,,,
2364476,56526,Russia,4567986667,1776093750000,2026-04-13T15:22:30+00:00,60,,,,,,,,,,,,,,,,,,,,,
2364475,56526,Russia,4567986556,1776092850000,2026-04-13T15:07:30+00:00,60,,,,,,,,,,,,,,,,,,,,,
2364474,56526,Russia,4567986439,1776091950000,2026-04-13T14:52:30+00:00,60,,,,,,,,,,,,,,,,,,,,,
2364497,56526,Russia,4567986328,1776091050000,2026-04-13T14:37:30+00:00,50,2,1,2,4,5,9,10,14,18,,,,,,,,,,,,
2364465,56526,Russia,4567986223,1776090150000,2026-04-13T14:22:30+00:00,50,3,1,4,7,8,12,13,16,18,,,,,,,,,,,,
2364433,56526,Russia,4567986112,1776089250000,2026-04-13T14:07:30+00:00,50,1,1,2,3,5,6,9,16,19,,,,,,,,,,,,
2364402,56526,Russia,4567986001,1776088350000,2026-04-13T13:52:30+00:00,50,2,4,5,7,9,14,16,17,18,,,,,,,,,,,,
2364372,56526,Russia,4567985890,1776087450000,2026-04-13T13:37:30+00:00,50,3,1,4,5,7,9,13,17,19,,,,,,,,,,,,
2364246,56526,Russia,4567985788,1776086550000,2026-04-13T13:22:30+00:00,60,,,,,,,,,,,,,,,,,,,,,
2364245,56526,Russia,4567985671,1776085650000,2026-04-13T13:07:30+00:00,60,,,,,,,,,,,,,,,,,,,,,
2364266,56526,Russia,4567985548,1776084750000,2026-04-13T12:52:30+00:00,50,3,3,4,6,7,9,10,11,15,,,,,,,,,,,,
2364233,56526,Russia,4567985437,1776083850000,2026-04-13T12:37:30+00:00,50,3,1,4,6,9,12,15,16,19,,,,,,,,,,,,
2364200,56526,Russia,4567985329,1776082950000,2026-04-13T12:22:30+00:00,50,1,6,7,9,10,14,16,17,19,,,,,,,,,,,,
2364172,56526,Russia,4567985218,1776082050000,2026-04-13T12:07:30+00:00,50,2,1,3,5,6,11,13,15,16,,,,,,,,,,,,
2364138,56526,Russia,4567985101,1776081150000,2026-04-13T11:52:30+00:00,50,2,2,4,6,7,8,13,16,17,,,,,,,,,,,,
2364107,56526,Russia,4567984984,1776080250000,2026-04-13T11:37:30+00:00,50,3,1,5,6,8,13,15,18,19,,,,,,,,,,,,
2364077,56526,Russia,4567984879,1776079350000,2026-04-13T11:22:30+00:00,50,1,3,7,8,10,11,12,16,19,,,,,,,,,,,,
2364044,56526,Russia,4567984768,1776078450000,2026-04-13T11:07:30+00:00,50,3,1,2,3,7,8,17,18,19,,,,,,,,,,,,
2363958,56526,Russia,4567984657,1776077550000,2026-04-13T10:52:30+00:00,60,,,,,,,,,,,,,,,,,,,,,
2363978,56526,Russia,4567984537,1776076650000,2026-04-13T10:37:30+00:00,50,4,4,7,8,9,10,15,16,18,,,,,,,,,,,,
2363845,56526,Russia,4567984429,1776075750000,2026-04-13T10:22:30+00:00,60,,,,,,,,,,,,,,,,,,,,,
2363844,56526,Russia,4567984318,1776074850000,2026-04-13T10:07:30+00:00,60,,,,,,,,,,,,,,,,,,,,,
2363843,56526,Russia,4567984204,1776073950000,2026-04-13T09:52:30+00:00,60,,,,,,,,,,,,,,,,,,,,,
2363862,56526,Russia,4567984090,1776073050000,2026-04-13T09:37:30+00:00,50,1,1,2,5,7,8,10,12,15,,,,,,,,,,,,
2363836,56526,Russia,4567983982,1776072150000,2026-04-13T09:22:30+00:00,50,4,2,5,6,7,10,17,19,20,,,,,,,,,,,,
2363757,56526,Russia,4567983871,1776071250000,2026-04-13T09:07:30+00:00,60,,,,,,,,,,,,,,,,,,,,,
2363776,56526,Russia,4567983757,1776070350000,2026-04-13T08:52:30+00:00,50,1,3,5,6,9,11,12,18,20,,,,,,,,,,,,
2363745,56526,Russia,4567983646,1776069450000,2026-04-13T08:37:30+00:00,50,2,2,4,7,11,15,18,19,20,,,,,,,,,,,,
2363716,56526,Russia,4567983541,1776068550000,2026-04-13T08:22:30+00:00,50,1,1,2,4,5,6,11,14,17,,,,,,,,,,,,
2363684,56526,Russia,4567983430,1776067650000,2026-04-13T08:07:30+00:00,50,4,1,5,6,8,10,14,17,20,,,,,,,,,,,,
2363653,56526,Russia,4567983319,1776066750000,2026-04-13T07:52:30+00:00,50,4,2,4,5,10,13,15,16,18,,,,,,,,,,,,
2363622,56526,Russia,4567983208,1776065850000,2026-04-13T07:37:30+00:00,50,2,1,7,8,9,11,12,14,19,,,,,,,,,,,,
2363482,56526,Russia,4567983103,1776064950000,2026-04-13T07:22:30+00:00,60,,,,,,,,,,,,,,,,,,,,,
2363481,56526,Russia,4567982992,1776064050000,2026-04-13T07:07:30+00:00,60,,,,,,,,,,,,,,,,,,,,,
2363480,56526,Russia,4567982878,1776063150000,2026-04-13T06:52:30+00:00,60,,,,,,,,,,,,,,,,,,,,,
2363502,56526,Russia,4567982767,1776062250000,2026-04-13T06:37:30+00:00,50,2,2,4,5,6,7,8,12,17,,,,,,,,,,,,
2363471,56526,Russia,4567982665,1776061350000,2026-04-13T06:22:30+00:00,50,3,1,2,3,5,6,9,13,14,,,,,,,,,,,,
2363440,56526,Russia,4567982554,1776060450000,2026-04-13T06:07:30+00:00,50,4,4,6,10,11,12,13,17,19,,,,,,,,,,,,
2363412,56526,Russia,4567982452,1776059550000,2026-04-13T05:52:30+00:00,50,3,1,9,10,11,13,14,15,20,,,,,,,,,,,,
2363385,56526,Russia,4567982350,1776058650000,2026-04-13T05:37:30+00:00,50,3,1,2,3,5,7,18,19,20,,,,,,,,,,,,
2363360,56526,Russia,4567982257,1776057750000,2026-04-13T05:22:30+00:00,50,4,1,3,4,5,9,12,13,18,,,,,,,,,,,,
2363331,56526,Russia,4567982155,1776056850000,2026-04-13T05:07:30+00:00,50,2,2,4,5,9,12,15,18,19,,,,,,,,,,,,
2363307,56526,Russia,4567982065,1776055950000,2026-04-13T04:52:30+00:00,50,2,1,3,8,12,14,16,17,20,,,,,,,,,,,,
2363283,56526,Russia,4567981975,1776055050000,2026-04-13T04:37:30+00:00,50,1,1,3,4,8,10,16,18,19,,,,,,,,,,,,
2363263,56526,Russia,4567981897,1776054150000,2026-04-13T04:22:30+00:00,50,3,2,4,8,9,11,12,13,20,,,,,,,,,,,,
2363243,56526,Russia,4567981819,1776053250000,2026-04-13T04:07:30+00:00,50,3,4,5,6,8,9,15,16,20,,,,,,,,,,,,
2363225,56526,Russia,4567981747,1776052350000,2026-04-13T03:52:30+00:00,50,3,3,5,9,10,12,14,16,17,,,,,,,,,,,,
2363204,56526,Russia,4567981669,1776051450000,2026-04-13T03:37:30+00:00,50,2,1,2,3,6,10,11,14,19,,,,,,,,,,,,
2363174,56526,Russia,4567981594,1776050550000,2026-04-13T03:22:30+00:00,50,2,1,3,4,8,10,13,15,17,,,,,,,,,,,,
2363153,56526,Russia,4567981516,1776049650000,2026-04-13T03:07:30+00:00,50,1,1,7,10,11,15,16,17,19,,,,,,,,,,,,
2363133,56526,Russia,4567981444,1776048750000,2026-04-13T02:52:30+00:00,50,4,4,5,6,8,13,14,16,17,,,,,,,,,,,,
2363113,56526,Russia,4567981366,1776047850000,2026-04-13T02:37:30+00:00,50,2,1,2,4,6,9,14,15,18,,,,,,,,,,,,
2363074,56526,Russia,4567981291,1776046950000,2026-04-13T02:22:30+00:00,50,1,2,5,7,11,13,14,15,17,,,,,,,,,,,,
2363061,56526,Russia,4567981213,1776046050000,2026-04-13T02:07:30+00:00,50,3,2,3,8,9,10,12,13,19,,,,,,,,,,,,
2363046,56526,Russia,4567981141,1776045150000,2026-04-13T01:52:30+00:00,50,3,1,3,8,9,14,15,17,19,,,,,,,,,,,,
2363025,56526,Russia,4567981063,1776044250000,2026-04-13T01:37:30+00:00,50,3,2,5,10,13,14,18,19,20,,,,,,,,,,,,
2363004,56526,Russia,4567980988,1776043350000,2026-04-13T01:22:30+00:00,50,3,2,5,7,8,9,13,17,19,,,,,,,,,,,,
2362983,56526,Russia,4567980910,1776042450000,2026-04-13T01:07:30+00:00,50,3,4,5,9,14,15,16,19,20,,,,,,,,,,,,
2362960,56526,Russia,4567980838,1776041550000,2026-04-13T00:52:30+00:00,50,3,1,3,8,9,13,18,19,20,,,,,,,,,,,,
2362940,56526,Russia,4567980760,1776040650000,2026-04-13T00:37:30+00:00,50,2,1,4,11,12,14,15,17,19,,,,,,,,,,,,
2362920,56526,Russia,4567980685,1776039750000,2026-04-13T00:22:30+00:00,50,2,2,3,6,11,12,15,17,19,,,,,,,,,,,,
2362898,56526,Russia,4567980607,1776038850000,2026-04-13T00:07:30+00:00,50,3,1,2,7,8,14,16,19,20,,,,,,,,,,,,
2362879,56526,Russia,4566001738,1776037950000,2026-04-12T23:52:30+00:00,50,1,1,3,4,8,14,18,19,20,,,,,,,,,,,,
2362859,56526,Russia,4566001660,1776037050000,2026-04-12T23:37:30+00:00,50,4,1,5,9,12,14,15,19,20,,,,,,,,,,,,
2362837,56526,Russia,4566001585,1776036150000,2026-04-12T23:22:30+00:00,50,1,3,7,8,9,11,16,18,20,,,,,,,,,,,,
2362817,56526,Russia,4566001507,1776035250000,2026-04-12T23:07:30+00:00,50,2,1,3,4,7,9,10,13,14,,,,,,,,,,,,
2362792,56526,Russia,4566001435,1776034350000,2026-04-12T22:52:30+00:00,50,1,1,2,3,8,12,15,16,19,,,,,,,,,,,,
2362769,56526,Russia,4566001357,1776033450000,2026-04-12T22:37:30+00:00,50,2,1,2,8,9,13,14,16,20,,,,,,,,,,,,
2362747,56526,Russia,4566001282,1776032550000,2026-04-12T22:22:30+00:00,50,2,3,6,8,9,10,11,12,14,,,,,,,,,,,,
2362727,56526,Russia,4566001213,1776031650000,2026-04-12T22:07:30+00:00,50,2,3,4,5,6,8,10,14,19,,,,,,,,,,,,
2362707,56526,Russia,4566001171,1776030750000,2026-04-12T21:52:30+00:00,50,2,3,5,7,10,12,15,16,17,,,,,,,,,,,,
2362677,56526,Russia,4566001147,1776029850000,2026-04-12T21:37:30+00:00,50,1,2,4,5,12,13,14,17,20,,,,,,,,,,,,
2362649,56526,Russia,4566001123,1776028950000,2026-04-12T21:22:30+00:00,50,3,2,3,8,9,10,15,18,19,,,,,,,,,,,,
2362619,56526,Russia,4566001102,1776028050000,2026-04-12T21:07:30+00:00,50,1,3,7,9,10,11,13,14,18,,,,,,,,,,,,
2362588,56526,Russia,4565999896,1776027150000,2026-04-12T20:52:30+00:00,50,3,1,4,8,9,10,16,18,20,,,,,,,,,,,,
2362557,56526,Russia,4565999791,1776026250000,2026-04-12T20:37:30+00:00,50,2,3,4,7,8,10,14,16,17,,,,,,,,,,,,
2362469,56526,Russia,4565999698,1776025350000,2026-04-12T20:22:30+00:00,60,,,,,,,,,,,,,,,,,,,,,
2362493,56526,Russia,4565999590,1776024450000,2026-04-12T20:07:30+00:00,50,2,1,8,12,14,17,18,19,20,,,,,,,,,,,,
2362460,56526,Russia,4565999476,1776023550000,2026-04-12T19:52:30+00:00,50,1,1,2,3,6,11,13,17,18,,,,,,,,,,,,
2362429,56526,Russia,4565999359,1776022650000,2026-04-12T19:37:30+00:00,50,2,1,2,3,8,11,16,17,19,,,,,,,,,,,,
2362281,56526,Russia,4565999248,1776021750000,2026-04-12T19:22:30+00:00,60,,,,,,,,,,,,,,,,,,,,,
2362280,56526,Russia,4565999137,1776020850000,2026-04-12T19:07:30+00:00,60,,,,,,,,,,,,,,,,,,,,,
2362279,56526,Russia,4565999017,1776019950000,2026-04-12T18:52:30+00:00,60,,,,,,,,,,,,,,,,,,,,,
2362304,56526,Russia,4565998903,1776019050000,2026-04-12T18:37:30+00:00,50,2,2,4,5,8,9,14,18,20,,,,,,,,,,,,
2362270,56526,Russia,4565998786,1776018150000,2026-04-12T18:22:30+00:00,50,1,2,5,11,12,14,15,16,17,,,,,,,,,,,,
2362228,56526,Russia,4565998675,1776017250000,2026-04-12T18:07:30+00:00,50,4,1,2,4,5,7,11,17,19,,,,,,,,,,,,
2362204,56526,Russia,4565998549,1776016350000,2026-04-12T17:52:30+00:00,50,2,2,3,6,8,11,13,15,17,,,,,,,,,,,,
2362173,56526,Russia,4565998435,1776015450000,2026-04-12T17:37:30+00:00,50,4,2,3,4,9,10,11,12,14,,,,,,,,,,,,
2362142,56526,Russia,4565998330,1776014550000,2026-04-12T17:22:30+00:00,50,1,1,4,5,7,12,13,14,20,,,,,,,,,,,,
2362021,56526,Russia,4565998213,1776013650000,2026-04-12T17:07:30+00:00,60,,,,,,,,,,,,,,,,,,,,,
2362020,56526,Russia,4565998087,1776012750000,2026-04-12T16:52:30+00:00,60,,,,,,,,,,,,,,,,,,,,,
2362043,56526,Russia,4565997967,1776011850000,2026-04-12T16:37:30+00:00,50,2,5,7,8,9,13,18,19,20,,,,,,,,,,,,
2362009,56526,Russia,4565997856,1776010950000,2026-04-12T16:22:30+00:00,50,4,4,8,9,12,13,15,16,20,,,,,,,,,,,,
2361978,56526,Russia,4565997745,1776010050000,2026-04-12T16:07:30+00:00,50,4,3,6,11,12,15,16,18,19,,,,,,,,,,,,
2361944,56526,Russia,4565997631,1776009150000,2026-04-12T15:52:30+00:00,50,3,2,4,10,13,17,18,19,20,,,,,,,,,,,,
2361912,56526,Russia,4565997511,1776008250000,2026-04-12T15:37:30+00:00,50,2,2,3,4,9,11,14,16,19,,,,,,,,,,,,
2361773,56526,Russia,4565997397,1776007350000,2026-04-12T15:22:30+00:00,60,,,,,,,,,,,,,,,,,,,,,
2361772,56526,Russia,4565997286,1776006450000,2026-04-12T15:07:30+00:00,60,,,,,,,,,,,,,,,,,,,,,
2361771,56526,Russia,4565997172,1776005550000,2026-04-12T14:52:30+00:00,60,,,,,,,,,,,,,,,,,,,,,
2361792,56526,Russia,4565997061,1776004650000,2026-04-12T14:37:30+00:00,50,1,1,3,5,10,13,15,16,20,,,,,,,,,,,,
2361758,56526,Russia,4565996956,1776003750000,2026-04-12T14:22:30+00:00,50,3,4,6,8,9,10,11,13,14,,,,,,,,,,,,
2361731,56526,Russia,4565996845,1776002850000,2026-04-12T14:07:30+00:00,50,1,3,5,6,7,10,12,13,18,,,,,,,,,,,,
2361699,56526,Russia,4565996734,1776001950000,2026-04-12T13:52:30+00:00,50,4,1,2,8,10,11,12,13,16,,,,,,,,,,,,
2361667,56526,Russia,4565996623,1776001050000,2026-04-12T13:37:30+00:00,50,3,1,2,5,6,12,14,19,20,,,,,,,,,,,,
2361555,56526,Russia,4565996521,1776000150000,2026-04-12T13:22:30+00:00,60,,,,,,,,,,,,,,,,,,,,,
2361554,56526,Russia,4565996404,1775999250000,2026-04-12T13:07:30+00:00,60,,,,,,,,,,,,,,,,,,,,,
2361575,56526,Russia,4565996284,1775998350000,2026-04-12T12:52:30+00:00,50,1,1,3,5,6,9,13,18,20,,,,,,,,,,,,
2361541,56526,Russia,4565996173,1775997450000,2026-04-12T12:37:30+00:00,50,3,1,5,7,9,13,15,18,19,,,,,,,,,,,,
2361512,56526,Russia,4565996065,1775996550000,2026-04-12T12:22:30+00:00,50,1,5,6,7,8,11,13,15,19,,,,,,,,,,,,
2361479,56526,Russia,4565995954,1775995650000,2026-04-12T12:07:30+00:00,50,4,1,7,12,13,16,17,18,20,,,,,,,,,,,,
2361447,56526,Russia,4565995837,1775994750000,2026-04-12T11:52:30+00:00,50,4,2,6,8,14,15,17,18,20,,,,,,,,,,,,
2361415,56526,Russia,4565995720,1775993850000,2026-04-12T11:37:30+00:00,50,4,5,7,10,11,12,16,17,19,,,,,,,,,,,,
2361385,56526,Russia,4565995615,1775992950000,2026-04-12T11:22:30+00:00,50,3,6,10,11,13,14,16,17,19,,,,,,,,,,,,
2361354,56526,Russia,4565995504,1775992050000,2026-04-12T11:07:30+00:00,50,3,1,6,7,8,10,14,17,20,,,,,,,,,,,,
2361268,56526,Russia,4565995393,1775991150000,2026-04-12T10:52:30+00:00,60,,,,,,,,,,,,,,,,,,,,,
2361291,56526,Russia,4565995273,1775990250000,2026-04-12T10:37:30+00:00,50,4,2,3,4,6,8,10,12,14,,,,,,,,,,,,
2361148,56526,Russia,4565995168,1775989350000,2026-04-12T10:22:30+00:00,60,,,,,,,,,,,,,,,,,,,,,
2361147,56526,Russia,4565995057,1775988450000,2026-04-12T10:07:30+00:00,60,,,,,,,,,,,,,,,,,,,,,
2361146,56526,Russia,4565994943,1775987550000,2026-04-12T09:52:30+00:00,60,,,,,,,,,,,,,,,,,,,,,
2361169,56526,Russia,4565994832,1775986650000,2026-04-12T09:37:30+00:00,50,1,3,4,5,6,10,14,18,19,,,,,,,,,,,,
2361137,56526,Russia,4565994727,1775985750000,2026-04-12T09:22:30+00:00,50,1,1,3,7,8,11,12,14,19,,,,,,,,,,,,
2361057,56526,Russia,4565994616,1775984850000,2026-04-12T09:07:30+00:00,60,,,,,,,,,,,,,,,,,,,,,
2361076,56526,Russia,4565994502,1775983950000,2026-04-12T08:52:30+00:00,50,2,2,5,9,11,13,14,17,19,,,,,,,,,,,,
2361045,56526,Russia,4565994391,1775983050000,2026-04-12T08:37:30+00:00,50,3,3,4,10,12,15,17,19,20,,,,,,,,,,,,
2361016,56526,Russia,4565994286,1775982150000,2026-04-12T08:22:30+00:00,50,3,2,5,9,12,13,15,17,20,,,,,,,,,,,,
2360984,56526,Russia,4565994175,1775981250000,2026-04-12T08:07:30+00:00,50,1,2,3,6,9,10,13,19,20,,,,,,,,,,,,
2360953,56526,Russia,4565994064,1775980350000,2026-04-12T07:52:30+00:00,50,1,1,5,6,10,12,15,18,20,,,,,,,,,,,,
2360922,56526,Russia,4565993953,1775979450000,2026-04-12T07:37:30+00:00,50,3,1,2,7,8,9,14,18,19,,,,,,,,,,,,
2360781,56526,Russia,4565993848,1775978550000,2026-04-12T07:22:30+00:00,60,,,,,,,,,,,,,,,,,,,,,
2360780,56526,Russia,4565993737,1775977650000,2026-04-12T07:07:30+00:00,60,,,,,,,,,,,,,,,,,,,,,
2360779,56526,Russia,4565993623,1775976750000,2026-04-12T06:52:30+00:00,60,,,,,,,,,,,,,,,,,,,,,
2360802,56526,Russia,4565993512,1775975850000,2026-04-12T06:37:30+00:00,50,2,4,5,9,10,13,16,17,19,,,,,,,,,,,,
2360770,56526,Russia,4565993410,1775974950000,2026-04-12T06:22:30+00:00,50,1,2,8,10,11,13,15,17,18,,,,,,,,,,,,
2360738,56526,Russia,4565993299,1775974050000,2026-04-12T06:07:30+00:00,50,1,1,2,9,10,11,14,18,20,,,,,,,,,,,,
2360711,56526,Russia,4565993197,1775973150000,2026-04-12T05:52:30+00:00,50,2,6,8,11,13,14,17,19,20,,,,,,,,,,,,
2360684,56526,Russia,4565993095,1775972250000,2026-04-12T05:37:30+00:00,50,1,3,6,7,8,13,14,17,18,,,,,,,,,,,,
2360659,56526,Russia,4565993002,1775971350000,2026-04-12T05:22:30+00:00,50,1,1,2,5,6,11,12,13,19,,,,,,,,,,,,
2360630,56526,Russia,4565992900,1775970450000,2026-04-12T05:07:30+00:00,50,2,2,6,11,12,15,17,19,20,,,,,,,,,,,,
2360605,56526,Russia,4565992810,1775969550000,2026-04-12T04:52:30+00:00,50,3,2,3,8,11,12,14,15,17,,,,,,,,,,,,
2360580,56526,Russia,4565992720,1775968650000,2026-04-12T04:37:30+00:00,50,4,1,5,6,8,9,14,18,19,,,,,,,,,,,,
2360560,56526,Russia,4565992642,1775967750000,2026-04-12T04:22:30+00:00,50,3,6,7,10,11,12,15,17,18,,,,,,,,,,,,
2360542,56526,Russia,4565992564,1775966850000,2026-04-12T04:07:30+00:00,50,1,1,7,9,11,13,16,17,20,,,,,,,,,,,,
2360517,56526,Russia,4565992492,1775965950000,2026-04-12T03:52:30+00:00,50,3,2,4,5,7,9,12,14,16,,,,,,,,,,,,
2360487,56526,Russia,4565992414,1775965050000,2026-04-12T03:37:30+00:00,50,2,1,3,5,9,10,13,15,17,,,,,,,,,,,,
2360463,56526,Russia,4565992339,1775964150000,2026-04-12T03:22:30+00:00,50,4,1,4,7,10,13,15,19,20,,,,,,,,,,,,
2360435,56526,Russia,4565992261,1775963250000,2026-04-12T03:07:30+00:00,50,1,5,7,8,10,16,17,18,20,,,,,,,,,,,,
2360415,56526,Russia,4565992189,1775962350000,2026-04-12T02:52:30+00:00,50,4,6,7,8,10,11,14,18,20,,,,,,,,,,,,
2360385,56526,Russia,4565992111,1775961450000,2026-04-12T02:37:30+00:00,50,2,2,6,9,12,13,16,17,18,,,,,,,,,,,,
2360366,56526,Russia,4565992036,1775960550000,2026-04-12T02:22:30+00:00,50,3,1,2,4,5,9,10,11,12,,,,,,,,,,,,
2360345,56526,Russia,4565991958,1775959650000,2026-04-12T02:07:30+00:00,50,1,5,7,10,12,14,16,19,20,,,,,,,,,,,,
2360323,56526,Russia,4565991886,1775958750000,2026-04-12T01:52:30+00:00,50,1,4,6,7,8,10,11,14,16,,,,,,,,,,,,
2360302,56526,Russia,4565991808,1775957850000,2026-04-12T01:37:30+00:00,50,1,4,5,6,10,11,14,15,18,,,,,,,,,,,,
2360282,56526,Russia,4565991733,1775956950000,2026-04-12T01:22:30+00:00,50,1,1,4,5,8,9,14,18,19,,,,,,,,,,,,
2360259,56526,Russia,4565991655,1775956050000,2026-04-12T01:07:30+00:00,50,2,7,8,9,10,12,13,14,18,,,,,,,,,,,,
2360238,56526,Russia,4565991583,1775955150000,2026-04-12T00:52:30+00:00,50,4,5,6,7,10,11,12,16,19,,,,,,,,,,,,
2360218,56526,Russia,4565991505,1775954250000,2026-04-12T00:37:30+00:00,50,3,6,7,9,12,15,17,18,19,,,,,,,,,,,,
2360196,56526,Russia,4565991430,1775953350000,2026-04-12T00:22:30+00:00,50,4,1,5,7,8,11,13,17,19,,,,,,,,,,,,
2360169,56526,Russia,4565991352,1775952450000,2026-04-12T00:07:30+00:00,50,1,2,3,7,8,11,18,19,20,,,,,,,,,,,,
2360149,56526,Russia,4564197808,1775951550000,2026-04-11T23:52:30+00:00,50,3,3,4,8,13,14,16,17,19,,,,,,,,,,,,
2360128,56526,Russia,4564197730,1775950650000,2026-04-11T23:37:30+00:00,50,3,4,5,6,7,9,11,12,20,,,,,,,,,,,,
2360107,56526,Russia,4564197655,1775949750000,2026-04-11T23:22:30+00:00,50,2,3,4,8,9,10,12,14,19,,,,,,,,,,,,
2360086,56526,Russia,4564197577,1775948850000,2026-04-11T23:07:30+00:00,50,1,2,5,8,11,12,13,14,19,,,,,,,,,,,,
2360063,56526,Russia,4564197505,1775947950000,2026-04-11T22:52:30+00:00,50,2,1,5,7,9,10,11,16,19,,,,,,,,,,,,
2360040,56526,Russia,4564197427,1775947050000,2026-04-11T22:37:30+00:00,50,4,1,2,5,6,8,11,16,17,,,,,,,,,,,,
2360018,56526,Russia,4564197352,1775946150000,2026-04-11T22:22:30+00:00,50,1,1,5,6,9,11,13,15,20,,,,,,,,,,,,
2359998,56526,Russia,4564197283,1775945250000,2026-04-11T22:07:30+00:00,50,3,2,3,4,7,10,12,13,18,,,,,,,,,,,,
2359978,56526,Russia,4564197241,1775944350000,2026-04-11T21:52:30+00:00,50,2,2,3,5,6,9,10,13,18,,,,,,,,,,,,
2359948,56526,Russia,4564197217,1775943450000,2026-04-11T21:37:30+00:00,50,4,8,12,13,15,16,17,18,19,,,,,,,,,,,,
2359919,56526,Russia,4564197193,1775942550000,2026-04-11T21:22:30+00:00,50,2,8,9,11,13,15,17,19,20,,,,,,,,,,,,
2359889,56526,Russia,4564197172,1775941650000,2026-04-11T21:07:30+00:00,50,1,2,3,9,10,11,17,19,20,,,,,,,,,,,,
2359859,56526,Russia,4564195954,1775940750000,2026-04-11T20:52:30+00:00,50,4,1,3,6,8,9,13,15,16,,,,,,,,,,,,
2359828,56526,Russia,4564195849,1775939850000,2026-04-11T20:37:30+00:00,50,3,1,9,11,13,14,16,18,19,,,,,,,,,,,,
2359737,56526,Russia,4564195756,1775938950000,2026-04-11T20:22:30+00:00,60,,,,,,,,,,,,,,,,,,,,,
2359762,56526,Russia,4564195648,1775938050000,2026-04-11T20:07:30+00:00,50,4,2,3,4,7,9,11,13,17,,,,,,,,,,,,
2359727,56526,Russia,4564195534,1775937150000,2026-04-11T19:52:30+00:00,50,1,1,2,3,6,10,14,16,20,,,,,,,,,,,,
2359695,56526,Russia,4564195408,1775936250000,2026-04-11T19:37:30+00:00,50,2,1,2,5,7,14,15,17,19,,,,,,,,,,,,
2359533,56526,Russia,4564195300,1775935350000,2026-04-11T19:22:30+00:00,60,,,,,,,,,,,,,,,,,,,,,
2359532,56526,Russia,4564195183,1775934450000,2026-04-11T19:07:30+00:00,60,,,,,,,,,,,,,,,,,,,,,
2359531,56526,Russia,4564195051,1775933550000,2026-04-11T18:52:30+00:00,60,,,,,,,,,,,,,,,,,,,,,
2359555,56526,Russia,4564194928,1775932650000,2026-04-11T18:37:30+00:00,50,4,1,5,7,9,13,14,16,19,,,,,,,,,,,,
2359524,56526,Russia,4564194805,1775931750000,2026-04-11T18:22:30+00:00,50,1,2,7,10,13,14,15,17,18,,,,,,,,,,,,
2359488,56526,Russia,4564194688,1775930850000,2026-04-11T18:07:30+00:00,50,2,3,4,7,11,12,13,16,19,,,,,,,,,,,,
2359456,56526,Russia,4564194553,1775929950000,2026-04-11T17:52:30+00:00,50,3,2,3,6,8,12,16,17,19,,,,,,,,,,,,
2359422,56526,Russia,4564194439,1775929050000,2026-04-11T17:37:30+00:00,50,2,1,2,4,6,8,12,13,18,,,,,,,,,,,,
2359389,56526,Russia,4564194328,1775928150000,2026-04-11T17:22:30+00:00,50,1,2,4,6,15,16,17,19,20,,,,,,,,,,,,
2359269,56526,Russia,4564194214,1775927250000,2026-04-11T17:07:30+00:00,60,,,,,,,,,,,,,,,,,,,,,
2359268,56526,Russia,4564194085,1775926350000,2026-04-11T16:52:30+00:00,60,,,,,,,,,,,,,,,,,,,,,
2359289,56526,Russia,4564193965,1775925450000,2026-04-11T16:37:30+00:00,50,1,2,3,6,8,10,14,15,17,,,,,,,,,,,,
2359257,56526,Russia,4564193854,1775924550000,2026-04-11T16:22:30+00:00,50,1,2,3,4,8,9,15,16,19,,,,,,,,,,,,
2359223,56526,Russia,4564193737,1775923650000,2026-04-11T16:07:30+00:00,50,1,2,6,7,9,10,15,19,20,,,,,,,,,,,,
2359190,56526,Russia,4564193620,1775922750000,2026-04-11T15:52:30+00:00,50,3,1,2,3,4,5,10,18,20,,,,,,,,,,,,
2359157,56526,Russia,4564193497,1775921850000,2026-04-11T15:37:30+00:00,50,4,1,2,3,5,8,9,16,18,,,,,,,,,,,,
2359015,56526,Russia,4564193389,1775920950000,2026-04-11T15:22:30+00:00,60,,,,,,,,,,,,,,,,,,,,,
2359014,56526,Russia,4564193278,1775920050000,2026-04-11T15:07:30+00:00,60,,,,,,,,,,,,,,,,,,,,,
2359013,56526,Russia,4564193155,1775919150000,2026-04-11T14:52:30+00:00,60,,,,,,,,,,,,,,,,,,,,,
2359038,56526,Russia,4564193044,1775918250000,2026-04-11T14:37:30+00:00,50,3,2,7,8,10,13,15,17,18,,,,,,,,,,,,
2359004,56526,Russia,4564192939,1775917350000,2026-04-11T14:22:30+00:00,50,4,1,4,9,14,15,17,18,20,,,,,,,,,,,,
2358971,56526,Russia,4564192828,1775916450000,2026-04-11T14:07:30+00:00,50,1,3,7,8,10,11,15,19,20,,,,,,,,,,,,
2358941,56526,Russia,4564192717,1775915550000,2026-04-11T13:52:30+00:00,50,1,4,6,8,9,10,16,17,20,,,,,,,,,,,,
2358910,56526,Russia,4564192606,1775914650000,2026-04-11T13:37:30+00:00,50,4,7,9,10,12,13,16,17,20,,,,,,,,,,,,
2358792,56526,Russia,4564192504,1775913750000,2026-04-11T13:22:30+00:00,60,,,,,,,,,,,,,,,,,,,,,
2358791,56526,Russia,4564192387,1775912850000,2026-04-11T13:07:30+00:00,60,,,,,,,,,,,,,,,,,,,,,
2358812,56526,Russia,4564192267,1775911950000,2026-04-11T12:52:30+00:00,50,3,1,2,3,4,6,12,14,16,,,,,,,,,,,,
2358779,56526,Russia,4564192156,1775911050000,2026-04-11T12:37:30+00:00,50,1,5,7,10,13,14,15,17,18,,,,,,,,,,,,
2358748,56526,Russia,4564192048,1775910150000,2026-04-11T12:22:30+00:00,50,4,2,10,12,15,17,18,19,20,,,,,,,,,,,,
2358712,56526,Russia,4564191937,1775909250000,2026-04-11T12:07:30+00:00,50,1,2,6,9,12,14,15,17,20,,,,,,,,,,,,
2358687,56526,Russia,4564191820,1775908350000,2026-04-11T11:52:30+00:00,50,3,3,4,6,7,11,12,18,19,,,,,,,,,,,,
2358654,56526,Russia,4564191703,1775907450000,2026-04-11T11:37:30+00:00,50,2,1,4,10,14,15,16,17,18,,,,,,,,,,,,
2358624,56526,Russia,4564191595,1775906550000,2026-04-11T11:22:30+00:00,50,1,1,3,8,9,11,15,16,18,,,,,,,,,,,,
2358593,56526,Russia,4564191484,1775905650000,2026-04-11T11:07:30+00:00,50,3,1,6,9,11,13,16,17,20,,,,,,,,,,,,
2358507,56526,Russia,4564191373,1775904750000,2026-04-11T10:52:30+00:00,60,,,,,,,,,,,,,,,,,,,,,
2358529,56526,Russia,4564191253,1775903850000,2026-04-11T10:37:30+00:00,50,1,3,7,9,11,13,14,15,18,,,,,,,,,,,,
2358386,56526,Russia,4564191148,1775902950000,2026-04-11T10:22:30+00:00,60,,,,,,,,,,,,,,,,,,,,,
2358385,56526,Russia,4564191037,1775902050000,2026-04-11T10:07:30+00:00,60,,,,,,,,,,,,,,,,,,,,,
2358384,56526,Russia,4564190923,1775901150000,2026-04-11T09:52:30+00:00,60,,,,,,,,,,,,,,,,,,,,,
2358407,56526,Russia,4564190812,1775900250000,2026-04-11T09:37:30+00:00,50,4,3,4,6,7,14,16,18,19,,,,,,,,,,,,
2358375,56526,Russia,4564190704,1775899350000,2026-04-11T09:22:30+00:00,50,3,3,4,6,7,8,10,14,18,,,,,,,,,,,,
2358293,56526,Russia,4564190593,1775898450000,2026-04-11T09:07:30+00:00,60,,,,,,,,,,,,,,,,,,,,,
2358311,56526,Russia,4564190479,1775897550000,2026-04-11T08:52:30+00:00,50,4,2,3,4,5,12,13,17,20,,,,,,,,,,,,
2358281,56526,Russia,4564190368,1775896650000,2026-04-11T08:37:30+00:00,50,3,3,7,9,12,14,17,18,19,,,,,,,,,,,,
2358251,56526,Russia,4564190263,1775895750000,2026-04-11T08:22:30+00:00,50,4,2,5,7,9,10,14,16,18,,,,,,,,,,,,
2358220,56526,Russia,4564190152,1775894850000,2026-04-11T08:07:30+00:00,50,1,2,4,6,7,9,13,14,18,,,,,,,,,,,,
2358189,56526,Russia,4564190041,1775893950000,2026-04-11T07:52:30+00:00,50,2,1,2,7,8,11,13,16,19,,,,,,,,,,,,
2358158,56526,Russia,4564189930,1775893050000,2026-04-11T07:37:30+00:00,50,1,1,2,4,7,9,11,17,20,,,,,,,,,,,,
2358018,56526,Russia,4564189822,1775892150000,2026-04-11T07:22:30+00:00,60,,,,,,,,,,,,,,,,,,,,,
2358017,56526,Russia,4564189711,1775891250000,2026-04-11T07:07:30+00:00,60,,,,,,,,,,,,,,,,,,,,,
2358016,56526,Russia,4564189597,1775890350000,2026-04-11T06:52:30+00:00,60,,,,,,,,,,,,,,,,,,,,,
2358038,56526,Russia,4564189486,1775889450000,2026-04-11T06:37:30+00:00,50,3,2,6,9,12,13,15,16,20,,,,,,,,,,,,
2358007,56526,Russia,4564189384,1775888550000,2026-04-11T06:22:30+00:00,50,2,2,5,11,14,15,16,18,19,,,,,,,,,,,,
2357976,56526,Russia,4564189273,1775887650000,2026-04-11T06:07:30+00:00,50,1,3,5,6,7,9,11,12,16,,,,,,,,,,,,
2357948,56526,Russia,4564189171,1775886750000,2026-04-11T05:52:30+00:00,50,4,1,4,10,11,14,15,17,19,,,,,,,,,,,,
2357921,56526,Russia,4564189069,1775885850000,2026-04-11T05:37:30+00:00,50,1,5,9,12,14,16,18,19,20,,,,,,,,,,,,
2357896,56526,Russia,4564188976,1775884950000,2026-04-11T05:22:30+00:00,50,2,1,3,6,8,10,11,12,20,,,,,,,,,,,,
2357868,56526,Russia,4564188874,1775884050000,2026-04-11T05:07:30+00:00,50,4,3,6,10,12,13,15,18,20,,,,,,,,,,,,
2357843,56526,Russia,4564188784,1775883150000,2026-04-11T04:52:30+00:00,50,2,2,3,6,9,10,12,13,19,,,,,,,,,,,,
2357819,56526,Russia,4564188694,1775882250000,2026-04-11T04:37:30+00:00,50,2,1,4,8,9,11,16,19,20,,,,,,,,,,,,
2357799,56526,Russia,4564188616,1775881350000,2026-04-11T04:22:30+00:00,50,3,2,3,6,7,8,9,15,16,,,,,,,,,,,,
2357779,56526,Russia,4564188538,1775880450000,2026-04-11T04:07:30+00:00,50,3,7,12,14,15,16,18,19,20,,,,,,,,,,,,
2357760,56526,Russia,4564188466,1775879550000,2026-04-11T03:52:30+00:00,50,3,2,3,5,7,10,11,12,18,,,,,,,,,,,,
2357740,56526,Russia,4564188388,1775878650000,2026-04-11T03:37:30+00:00,50,2,2,4,7,11,15,16,17,20,,,,,,,,,,,,
2357713,56526,Russia,4564188313,1775877750000,2026-04-11T03:22:30+00:00,50,3,2,3,4,12,13,14,17,18,,,,,,,,,,,,
2357686,56526,Russia,4564188235,1775876850000,2026-04-11T03:07:30+00:00,50,1,4,6,7,9,11,12,15,16,,,,,,,,,,,,
2357664,56526,Russia,4564188163,1775875950000,2026-04-11T02:52:30+00:00,50,1,2,3,4,9,10,12,15,17,,,,,,,,,,,,
2357639,56526,Russia,4564188085,1775875050000,2026-04-11T02:37:30+00:00,50,4,5,6,9,12,17,18,19,20,,,,,,,,,,,,
2357620,56526,Russia,4564188010,1775874150000,2026-04-11T02:22:30+00:00,50,3,4,5,9,11,13,14,16,19,,,,,,,,,,,,
2357597,56526,Russia,4564187932,1775873250000,2026-04-11T02:07:30+00:00,50,3,2,3,5,6,7,8,15,16,,,,,,,,,,,,
2357575,56526,Russia,4564187860,1775872350000,2026-04-11T01:52:30+00:00,50,1,5,6,7,8,10,14,15,19,,,,,,,,,,,,
2357554,56526,Russia,4564187782,1775871450000,2026-04-11T01:37:30+00:00,50,2,1,2,5,7,8,12,16,19,,,,,,,,,,,,
2357534,56526,Russia,4564187707,1775870550000,2026-04-11T01:22:30+00:00,50,3,1,3,6,7,13,15,18,20,,,,,,,,,,,,
2357514,56526,Russia,4564187629,1775869650000,2026-04-11T01:07:30+00:00,50,4,2,5,9,11,14,16,18,20,,,,,,,,,,,,
2357492,56526,Russia,4564187557,1775868750000,2026-04-11T00:52:30+00:00,50,3,2,3,6,7,8,15,16,19,,,,,,,,,,,,
2357472,56526,Russia,4564187479,1775867850000,2026-04-11T00:37:30+00:00,50,2,1,4,5,6,7,11,14,15,,,,,,,,,,,,
2357452,56526,Russia,4564187404,1775866950000,2026-04-11T00:22:30+00:00,50,2,4,6,8,9,12,14,18,20,,,,,,,,,,,,
2357431,56526,Russia,4564187326,1775866050000,2026-04-11T00:07:30+00:00,50,2,4,8,9,13,14,17,19,20,,,,,,,,,,,,
2357410,56526,Russia,4562446948,1775865150000,2026-04-10T23:52:30+00:00,50,2,1,2,3,6,7,11,14,16,,,,,,,,,,,,
2357390,56526,Russia,4562446870,1775864250000,2026-04-10T23:37:30+00:00,50,2,3,4,5,9,12,14,19,20,,,,,,,,,,,,
2357366,56526,Russia,4562446795,1775863350000,2026-04-10T23:22:30+00:00,50,2,7,8,11,13,14,16,18,20,,,,,,,,,,,,
2357343,56526,Russia,4562446717,1775862450000,2026-04-10T23:07:30+00:00,50,1,1,2,6,8,9,12,17,20,,,,,,,,,,,,
2357318,56526,Russia,4562446645,1775861550000,2026-04-10T22:52:30+00:00,50,1,1,3,5,6,10,16,17,19,,,,,,,,,,,,
2357294,56526,Russia,4562446567,1775860650000,2026-04-10T22:37:30+00:00,50,4,4,5,8,10,12,13,14,18,,,,,,,,,,,,
2357272,56526,Russia,4562446492,1775859750000,2026-04-10T22:22:30+00:00,50,2,6,9,12,14,15,16,18,19,,,,,,,,,,,,
2357253,56526,Russia,4562446423,1775858850000,2026-04-10T22:07:30+00:00,50,2,1,7,9,12,13,14,15,16,,,,,,,,,,,,
2357236,56526,Russia,4562446381,1775857950000,2026-04-10T21:52:30+00:00,50,1,3,4,5,9,12,15,18,19,,,,,,,,,,,,
2357214,56526,Russia,4562446357,1775857050000,2026-04-10T21:37:30+00:00,50,1,1,3,4,7,8,11,15,16,,,,,,,,,,,,
2357193,56526,Russia,4562446333,1775856150000,2026-04-10T21:22:30+00:00,50,1,4,8,9,12,13,17,19,20,,,,,,,,,,,,
2357171,56526,Russia,4562446312,1775855250000,2026-04-10T21:07:30+00:00,50,3,3,6,10,11,12,16,18,20,,,,,,,,,,,,
2357147,56526,Russia,4562445373,1775854350000,2026-04-10T20:52:30+00:00,50,2,2,7,9,12,14,15,19,20,,,,,,,,,,,,
2357124,56526,Russia,4562445292,1775853450000,2026-04-10T20:37:30+00:00,50,4,3,4,7,8,9,11,14,15,,,,,,,,,,,,
2357055,56526,Russia,4562445220,1775852550000,2026-04-10T20:22:30+00:00,60,,,,,,,,,,,,,,,,,,,,,
2357063,56526,Russia,4562445136,1775851650000,2026-04-10T20:07:30+00:00,50,1,4,8,10,12,13,14,16,17,,,,,,,,,,,,
2357048,56526,Russia,4562445043,1775850750000,2026-04-10T19:52:30+00:00,50,3,3,4,6,10,12,14,15,18,,,,,,,,,,,,
2357025,56526,Russia,4562444950,1775849850000,2026-04-10T19:37:30+00:00,50,4,1,3,4,10,14,16,17,20,,,,,,,,,,,,
2356907,56526,Russia,4562444863,1775848950000,2026-04-10T19:22:30+00:00,60,,,,,,,,,,,,,,,,,,,,,
2356906,56526,Russia,4562444776,1775848050000,2026-04-10T19:07:30+00:00,60,,,,,,,,,,,,,,,,,,,,,
2356905,56526,Russia,4562444671,1775847150000,2026-04-10T18:52:30+00:00,60,,,,,,,,,,,,,,,,,,,,,
2356925,56526,Russia,4562444575,1775846250000,2026-04-10T18:37:30+00:00,50,2,4,6,7,11,13,14,16,18,,,,,,,,,,,,
2356898,56526,Russia,4562444476,1775845350000,2026-04-10T18:22:30+00:00,50,1,1,3,9,11,14,16,17,18,,,,,,,,,,,,
2356872,56526,Russia,4562444389,1775844450000,2026-04-10T18:07:30+00:00,50,1,4,5,6,8,12,13,14,20,,,,,,,,,,,,
2356845,56526,Russia,4562444275,1775843550000,2026-04-10T17:52:30+00:00,50,3,1,5,6,8,10,16,17,20,,,,,,,,,,,,
2356822,56526,Russia,4562444185,1775842650000,2026-04-10T17:37:30+00:00,50,1,1,3,5,13,15,17,18,19,,,,,,,,,,,,
2356798,56526,Russia,4562444098,1775841750000,2026-04-10T17:22:30+00:00,50,1,3,5,6,7,10,12,19,20,,,,,,,,,,,,
2356705,56526,Russia,4562444008,1775840850000,2026-04-10T17:07:30+00:00,60,,,,,,,,,,,,,,,,,,,,,
2356704,56526,Russia,4562443903,1775839950000,2026-04-10T16:52:30+00:00,60,,,,,,,,,,,,,,,,,,,,,
2356720,56526,Russia,4562443807,1775839050000,2026-04-10T16:37:30+00:00,50,2,1,3,4,6,7,10,17,19,,,,,,,,,,,,
2356695,56526,Russia,4562443717,1775838150000,2026-04-10T16:22:30+00:00,50,2,2,6,7,11,12,13,15,19,,,,,,,,,,,,
2356664,56526,Russia,4562443630,1775837250000,2026-04-10T16:07:30+00:00,50,2,2,4,8,10,13,17,18,19,,,,,,,,,,,,
2356645,56526,Russia,4562443537,1775836350000,2026-04-10T15:52:30+00:00,50,1,4,5,6,7,12,17,18,20,,,,,,,,,,,,
2356618,56526,Russia,4562443432,1775835450000,2026-04-10T15:37:30+00:00,50,3,1,2,3,8,11,16,19,20,,,,,,,,,,,,
2356496,56526,Russia,4562443345,1775834550000,2026-04-10T15:22:30+00:00,60,,,,,,,,,,,,,,,,,,,,,
2356495,56526,Russia,4562443258,1775833650000,2026-04-10T15:07:30+00:00,60,,,,,,,,,,,,,,,,,,,,,
2356494,56526,Russia,4562443162,1775832750000,2026-04-10T14:52:30+00:00,60,,,,,,,,,,,,,,,,,,,,,
2356527,56526,Russia,4562443075,1775831850000,2026-04-10T14:37:30+00:00,50,4,1,3,5,6,10,11,15,19,,,,,,,,,,,,
2356466,56526,Russia,4562442988,1775830950000,2026-04-10T14:22:30+00:00,50,2,5,7,8,9,11,12,18,20,,,,,,,,,,,,
2356458,56526,Russia,4562442901,1775830050000,2026-04-10T14:07:30+00:00,50,3,1,6,8,12,16,17,18,20,,,,,,,,,,,,
2356448,56526,Russia,4562442811,1775829150000,2026-04-10T13:52:30+00:00,50,1,2,3,5,8,13,14,19,20,,,,,,,,,,,,
2356419,56526,Russia,4562442724,1775828250000,2026-04-10T13:37:30+00:00,50,2,4,7,10,11,12,15,16,19,,,,,,,,,,,,
2356349,56526,Russia,4562442643,1775827350000,2026-04-10T13:22:30+00:00,60,,,,,,,,,,,,,,,,,,,,,
2356348,56526,Russia,4562442550,1775826450000,2026-04-10T13:07:30+00:00,60,,,,,,,,,,,,,,,,,,,,,
2356364,56526,Russia,4562442451,1775825550000,2026-04-10T12:52:30+00:00,50,3,2,3,5,9,14,15,16,19,,,,,,,,,,,,
2356338,56526,Russia,4562442364,1775824650000,2026-04-10T12:37:30+00:00,50,1,2,7,8,10,11,12,19,20,,,,,,,,,,,,
2356314,56526,Russia,4562442277,1775823750000,2026-04-10T12:22:30+00:00,50,3,4,6,10,12,14,16,18,19,,,,,,,,,,,,
2356291,56526,Russia,4562442190,1775822850000,2026-04-10T12:07:30+00:00,50,2,1,4,5,11,13,14,16,19,,,,,,,,,,,,
2356267,56526,Russia,4562442094,1775821950000,2026-04-10T11:52:30+00:00,50,1,1,11,12,13,14,15,16,20,,,,,,,,,,,,
2356242,56526,Russia,4562442001,1775821050000,2026-04-10T11:37:30+00:00,50,4,1,3,5,7,8,16,19,20,,,,,,,,,,,,
2356219,56526,Russia,4562441917,1775820150000,2026-04-10T11:22:30+00:00,50,2,2,5,6,8,10,12,13,19,,,,,,,,,,,,
2356193,56526,Russia,4562441830,1775819250000,2026-04-10T11:07:30+00:00,50,1,3,5,6,7,9,10,17,18,,,,,,,,,,,,
2356130,56526,Russia,4562441740,1775818350000,2026-04-10T10:52:30+00:00,60,,,,,,,,,,,,,,,,,,,,,
2356147,56526,Russia,4562441644,1775817450000,2026-04-10T10:37:30+00:00,50,4,1,2,6,11,15,18,19,20,,,,,,,,,,,,
2356039,56526,Russia,4562441560,1775816550000,2026-04-10T10:22:30+00:00,60,,,,,,,,,,,,,,,,,,,,,
2356038,56526,Russia,4562441473,1775815650000,2026-04-10T10:07:30+00:00,60,,,,,,,,,,,,,,,,,,,,,
2356037,56526,Russia,4562441380,1775814750000,2026-04-10T09:52:30+00:00,60,,,,,,,,,,,,,,,,,,,,,
2356055,56526,Russia,4562441290,1775813850000,2026-04-10T09:37:30+00:00,50,1,2,6,7,14,16,17,18,19,,,,,,,,,,,,
2356030,56526,Russia,4562441203,1775812950000,2026-04-10T09:22:30+00:00,50,3,1,2,3,5,9,13,15,20,,,,,,,,,,,,
2355968,56526,Russia,4562441116,1775812050000,2026-04-10T09:07:30+00:00,60,,,,,,,,,,,,,,,,,,,,,
2355984,56526,Russia,4562441023,1775811150000,2026-04-10T08:52:30+00:00,50,1,8,9,10,12,13,14,18,20,,,,,,,,,,,,
2355959,56526,Russia,4562440936,1775810250000,2026-04-10T08:37:30+00:00,50,2,2,5,9,11,14,15,16,18,,,,,,,,,,,,
2355938,56526,Russia,4562440852,1775809350000,2026-04-10T08:22:30+00:00,50,1,2,4,6,8,11,17,19,20,,,,,,,,,,,,
2355914,56526,Russia,4562440765,1775808450000,2026-04-10T08:07:30+00:00,50,1,1,2,3,5,7,12,13,15,,,,,,,,,,,,
2355891,56526,Russia,4562440675,1775807550000,2026-04-10T07:52:30+00:00,50,4,3,4,6,9,12,13,14,19,,,,,,,,,,,,
2355868,56526,Russia,4562440588,1775806650000,2026-04-10T07:37:30+00:00,50,2,1,2,5,8,10,13,18,19,,,,,,,,,,,,
2355763,56526,Russia,4562440504,1775805750000,2026-04-10T07:22:30+00:00,60,,,,,,,,,,,,,,,,,,,,,
2355762,56526,Russia,4562440417,1775804850000,2026-04-10T07:07:30+00:00,60,,,,,,,,,,,,,,,,,,,,,
2355761,56526,Russia,4562440324,1775803950000,2026-04-10T06:52:30+00:00,60,,,,,,,,,,,,,,,,,,,,,
2355778,56526,Russia,4562440237,1775803050000,2026-04-10T06:37:30+00:00,50,2,5,6,8,9,10,16,18,20,,,,,,,,,,,,
2355754,56526,Russia,4562440156,1775802150000,2026-04-10T06:22:30+00:00,50,3,1,5,9,11,14,15,17,20,,,,,,,,,,,,
2355731,56526,Russia,4562440069,1775801250000,2026-04-10T06:07:30+00:00,50,3,1,2,6,10,12,16,17,19,,,,,,,,,,,,
2355710,56526,Russia,4562439988,1775800350000,2026-04-10T05:52:30+00:00,50,4,2,3,6,7,9,10,12,14,,,,,,,,,,,,
2355691,56526,Russia,4562439910,1775799450000,2026-04-10T05:37:30+00:00,50,2,3,5,11,13,14,15,18,20,,,,,,,,,,,,
2355673,56526,Russia,4562439838,1775798550000,2026-04-10T05:22:30+00:00,50,3,2,4,7,9,15,17,18,20,,,,,,,,,,,,
2355652,56526,Russia,4562439760,1775797650000,2026-04-10T05:07:30+00:00,50,2,2,5,8,12,14,16,19,20,,,,,,,,,,,,
2355635,56526,Russia,4562439691,1775796750000,2026-04-10T04:52:30+00:00,50,3,3,4,5,6,10,11,13,16,,,,,,,,,,,,
2355619,56526,Russia,4562439625,1775795850000,2026-04-10T04:37:30+00:00,50,1,1,2,3,7,8,10,17,20,,,,,,,,,,,,
2355606,56526,Russia,4562439568,1775794950000,2026-04-10T04:22:30+00:00,50,1,1,4,5,8,10,12,14,15,,,,,,,,,,,,
2355594,56526,Russia,4562439514,1775794050000,2026-04-10T04:07:30+00:00,50,4,3,4,5,7,8,9,11,18,,,,,,,,,,,,
2355583,56526,Russia,4562439463,1775793150000,2026-04-10T03:52:30+00:00,50,3,3,4,6,8,9,10,12,19,,,,,,,,,,,,
2355570,56526,Russia,4562439409,1775792250000,2026-04-10T03:37:30+00:00,50,2,2,3,4,8,12,15,19,20,,,,,,,,,,,,
2355557,56526,Russia,4562439355,1775791350000,2026-04-10T03:22:30+00:00,50,1,2,3,7,9,10,12,18,19,,,,,,,,,,,,
2355533,56526,Russia,4562439301,1775790450000,2026-04-10T03:07:30+00:00,50,4,2,3,5,8,12,13,14,19,,,,,,,,,,,,
2355518,56526,Russia,4562439250,1775789550000,2026-04-10T02:52:30+00:00,50,2,1,2,3,4,10,12,16,20,,,,,,,,,,,,
2355505,56526,Russia,4562439196,1775788650000,2026-04-10T02:37:30+00:00,50,4,3,6,7,8,13,17,18,20,,,,,,,,,,,,
2355488,56526,Russia,4562439142,1775787750000,2026-04-10T02:22:30+00:00,50,1,1,2,3,8,13,14,17,18,,,,,,,,,,,,
2355473,56526,Russia,4562439088,1775786850000,2026-04-10T02:07:30+00:00,50,3,1,3,5,6,9,10,13,16,,,,,,,,,,,,
2355459,56526,Russia,4562439037,1775785950000,2026-04-10T01:52:30+00:00,50,2,4,7,8,9,10,12,13,18,,,,,,,,,,,,
2355446,56526,Russia,4562438983,1775785050000,2026-04-10T01:37:30+00:00,50,2,1,4,5,8,9,10,13,14,,,,,,,,,,,,
2355433,56526,Russia,4562438929,1775784150000,2026-04-10T01:22:30+00:00,50,3,5,7,9,11,12,13,14,19,,,,,,,,,,,,
2355419,56526,Russia,4562438875,1775783250000,2026-04-10T01:07:30+00:00,50,4,1,2,3,4,5,9,11,16,,,,,,,,,,,,
2355404,56526,Russia,4562438824,1775782350000,2026-04-10T00:52:30+00:00,50,4,1,3,8,10,11,12,16,18,,,,,,,,,,,,
2355392,56526,Russia,4562438770,1775781450000,2026-04-10T00:37:30+00:00,50,4,2,5,8,9,10,15,16,20,,,,,,,,,,,,
2355380,56526,Russia,4562438716,1775780550000,2026-04-10T00:22:30+00:00,50,4,6,8,9,11,13,14,16,18,,,,,,,,,,,,
2355367,56526,Russia,4562438662,1775779650000,2026-04-10T00:07:30+00:00,50,3,2,3,7,8,10,11,16,18,,,,,,,,,,,,
2355353,56526,Russia,4559404036,1775778750000,2026-04-09T23:52:30+00:00,50,2,2,4,6,11,13,17,19,20,,,,,,,,,,,,
2355337,56526,Russia,4559403958,1775777850000,2026-04-09T23:37:30+00:00,50,1,4,6,7,8,10,16,17,20,,,,,,,,,,,,
2355313,56526,Russia,4559403883,1775776950000,2026-04-09T23:22:30+00:00,50,1,2,5,8,10,13,15,17,19,,,,,,,,,,,,
2355298,56526,Russia,4559403805,1775776050000,2026-04-09T23:07:30+00:00,50,4,1,3,4,6,7,10,13,20,,,,,,,,,,,,
2355267,56526,Russia,4559403733,1775775150000,2026-04-09T22:52:30+00:00,50,3,1,2,5,11,12,13,16,18,,,,,,,,,,,,
2355250,56526,Russia,4559403655,1775774250000,2026-04-09T22:37:30+00:00,50,2,1,6,7,10,13,14,16,19,,,,,,,,,,,,
2355224,56526,Russia,4559403580,1775773350000,2026-04-09T22:22:30+00:00,50,3,4,10,11,14,16,17,19,20,,,,,,,,,,,,
2355200,56526,Russia,4559403511,1775772450000,2026-04-09T22:07:30+00:00,50,1,4,7,8,12,13,15,17,18,,,,,,,,,,,,
2355184,56526,Russia,4559403469,1775771550000,2026-04-09T21:52:30+00:00,50,1,1,4,6,9,12,13,14,19,,,,,,,,,,,,
2355143,56526,Russia,4559403445,1775770650000,2026-04-09T21:37:30+00:00,50,3,1,7,9,14,15,16,17,18,,,,,,,,,,,,
2355115,56526,Russia,4559403421,1775769750000,2026-04-09T21:22:30+00:00,50,2,2,5,6,9,10,11,13,17,,,,,,,,,,,,
2355085,56526,Russia,4559403400,1775768850000,2026-04-09T21:07:30+00:00,50,1,3,4,6,7,9,10,11,16,,,,,,,,,,,,
2355054,56526,Russia,4559402182,1775767950000,2026-04-09T20:52:30+00:00,50,1,5,6,7,10,13,14,16,18,,,,,,,,,,,,
2355023,56526,Russia,4559402077,1775767050000,2026-04-09T20:37:30+00:00,50,2,1,2,3,5,7,8,9,11,,,,,,,,,,,,
2352642,56526,Russia,4559401984,1775766150000,2026-04-09T20:22:30+00:00,60,,,,,,,,,,,,,,,,,,,,,
2354956,56526,Russia,4559401876,1775765250000,2026-04-09T20:07:30+00:00,50,3,1,2,4,11,16,18,19,20,,,,,,,,,,,,
2354924,56526,Russia,4559401762,1775764350000,2026-04-09T19:52:30+00:00,50,2,4,5,6,9,10,12,13,18,,,,,,,,,,,,
2354891,56526,Russia,4559401636,1775763450000,2026-04-09T19:37:30+00:00,50,3,2,5,7,12,13,14,17,18,,,,,,,,,,,,
2352641,56526,Russia,4559401528,1775762550000,2026-04-09T19:22:30+00:00,60,,,,,,,,,,,,,,,,,,,,,
2352640,56526,Russia,4559401417,1775761650000,2026-04-09T19:07:30+00:00,60,,,,,,,,,,,,,,,,,,,,,
2352638,56526,Russia,4559401297,1775760750000,2026-04-09T18:52:30+00:00,60,,,,,,,,,,,,,,,,,,,,,
2354765,56526,Russia,4559401180,1775759850000,2026-04-09T18:37:30+00:00,50,4,2,3,5,6,8,13,18,20,,,,,,,,,,,,
2354736,56526,Russia,4559401060,1775758950000,2026-04-09T18:22:30+00:00,50,3,1,2,3,6,9,12,14,17,,,,,,,,,,,,
2354694,56526,Russia,4559400949,1775758050000,2026-04-09T18:07:30+00:00,50,1,4,7,8,9,11,13,17,20,,,,,,,,,,,,
2354669,56526,Russia,4559400817,1775757150000,2026-04-09T17:52:30+00:00,50,3,1,3,5,8,10,11,16,20,,,,,,,,,,,,
2354637,56526,Russia,4559400703,1775756250000,2026-04-09T17:37:30+00:00,50,1,2,6,7,8,12,13,14,18,,,,,,,,,,,,
2354607,56526,Russia,4559400595,1775755350000,2026-04-09T17:22:30+00:00,50,1,1,7,8,11,16,17,18,20,,,,,,,,,,,,
2352636,56526,Russia,4559400481,1775754450000,2026-04-09T17:07:30+00:00,60,,,,,,,,,,,,,,,,,,,,,
2352635,56526,Russia,4559400355,1775753550000,2026-04-09T16:52:30+00:00,60,,,,,,,,,,,,,,,,,,,,,
2354508,56526,Russia,4559400235,1775752650000,2026-04-09T16:37:30+00:00,50,2,5,7,8,11,13,16,17,18,,,,,,,,,,,,
2354478,56526,Russia,4559400124,1775751750000,2026-04-09T16:22:30+00:00,50,2,2,6,10,11,13,15,17,19,,,,,,,,,,,,
2354445,56526,Russia,4559400013,1775750850000,2026-04-09T16:07:30+00:00,50,3,2,3,4,6,7,10,11,15,,,,,,,,,,,,
2354414,56526,Russia,4559399899,1775749950000,2026-04-09T15:52:30+00:00,50,3,4,8,10,16,17,18,19,20,,,,,,,,,,,,
2354380,56526,Russia,4559399776,1775749050000,2026-04-09T15:37:30+00:00,50,2,5,7,9,11,12,13,14,20,,,,,,,,,,,,
2352634,56526,Russia,4559399665,1775748150000,2026-04-09T15:22:30+00:00,60,,,,,,,,,,,,,,,,,,,,,
2352633,56526,Russia,4559399554,1775747250000,2026-04-09T15:07:30+00:00,60,,,,,,,,,,,,,,,,,,,,,
2352630,56526,Russia,4559399437,1775746350000,2026-04-09T14:52:30+00:00,60,,,,,,,,,,,,,,,,,,,,,
2354261,56526,Russia,4559399326,1775745450000,2026-04-09T14:37:30+00:00,50,3,1,2,5,7,8,9,18,20,,,,,,,,,,,,
2354230,56526,Russia,4559399221,1775744550000,2026-04-09T14:22:30+00:00,50,2,1,6,9,10,11,12,17,19,,,,,,,,,,,,
2354198,56526,Russia,4559399110,1775743650000,2026-04-09T14:07:30+00:00,50,2,4,6,7,9,10,12,14,17,,,,,,,,,,,,
2354169,56526,Russia,4559398999,1775742750000,2026-04-09T13:52:30+00:00,50,4,2,7,10,13,14,16,18,19,,,,,,,,,,,,
2354139,56526,Russia,4559398888,1775741850000,2026-04-09T13:37:30+00:00,50,3,1,5,6,7,11,15,16,20,,,,,,,,,,,,
2352629,56526,Russia,4559398786,1775740950000,2026-04-09T13:22:30+00:00,60,,,,,,,,,,,,,,,,,,,,,
2352628,56526,Russia,4559398669,1775740050000,2026-04-09T13:07:30+00:00,60,,,,,,,,,,,,,,,,,,,,,
2354045,56526,Russia,4559398549,1775739150000,2026-04-09T12:52:30+00:00,50,2,1,5,7,10,13,15,17,18,,,,,,,,,,,,
2354013,56526,Russia,4559398438,1775738250000,2026-04-09T12:37:30+00:00,50,4,1,4,6,8,10,12,16,17,,,,,,,,,,,,
2353984,56526,Russia,4559398330,1775737350000,2026-04-09T12:22:30+00:00,50,2,3,5,6,7,10,11,14,18,,,,,,,,,,,,
2353952,56526,Russia,4559398219,1775736450000,2026-04-09T12:07:30+00:00,50,3,2,10,11,13,15,16,17,18,,,,,,,,,,,,
2353920,56526,Russia,4559398102,1775735550000,2026-04-09T11:52:30+00:00,50,4,2,4,5,6,7,9,15,18,,,,,,,,,,,,
2353888,56526,Russia,4559397985,1775734650000,2026-04-09T11:37:30+00:00,50,4,1,2,4,7,10,11,19,20,,,,,,,,,,,,
2353858,56526,Russia,4559397880,1775733750000,2026-04-09T11:22:30+00:00,50,4,1,6,9,12,16,17,19,20,,,,,,,,,,,,
2353826,56526,Russia,4559397769,1775732850000,2026-04-09T11:07:30+00:00,50,3,2,3,9,11,14,15,17,20,,,,,,,,,,,,
2352627,56526,Russia,4559397658,1775731950000,2026-04-09T10:52:30+00:00,60,,,,,,,,,,,,,,,,,,,,,
2353763,56526,Russia,4559397538,1775731050000,2026-04-09T10:37:30+00:00,50,3,4,5,7,9,10,11,17,18,,,,,,,,,,,,
2352626,56526,Russia,4559397430,1775730150000,2026-04-09T10:22:30+00:00,60,,,,,,,,,,,,,,,,,,,,,
2352625,56526,Russia,4559397319,1775729250000,2026-04-09T10:07:30+00:00,60,,,,,,,,,,,,,,,,,,,,,
2352621,56526,Russia,4559397205,1775728350000,2026-04-09T09:52:30+00:00,60,,,,,,,,,,,,,,,,,,,,,
2353640,56526,Russia,4559397091,1775727450000,2026-04-09T09:37:30+00:00,50,1,1,2,5,6,7,12,13,16,,,,,,,,,,,,
2353611,56526,Russia,4559396983,1775726550000,2026-04-09T09:22:30+00:00,50,2,1,3,5,6,12,14,15,16,,,,,,,,,,,,
2352619,56526,Russia,4559396872,1775725650000,2026-04-09T09:07:30+00:00,60,,,,,,,,,,,,,,,,,,,,,
2353549,56526,Russia,4559396758,1775724750000,2026-04-09T08:52:30+00:00,50,2,6,7,11,12,13,14,17,18,,,,,,,,,,,,
2353518,56526,Russia,4559396647,1775723850000,2026-04-09T08:37:30+00:00,50,3,1,2,4,5,9,11,14,16,,,,,,,,,,,,
2353490,56526,Russia,4559396542,1775722950000,2026-04-09T08:22:30+00:00,50,1,1,6,7,8,9,11,14,15,,,,,,,,,,,,
2353459,56526,Russia,4559396431,1775722050000,2026-04-09T08:07:30+00:00,50,3,1,4,11,13,14,15,18,20,,,,,,,,,,,,
2353428,56526,Russia,4559396320,1775721150000,2026-04-09T07:52:30+00:00,50,1,1,7,8,9,12,13,15,19,,,,,,,,,,,,
2353397,56526,Russia,4559396209,1775720250000,2026-04-09T07:37:30+00:00,50,4,1,2,5,8,10,16,17,19,,,,,,,,,,,,
2352618,56526,Russia,4559396104,1775719350000,2026-04-09T07:22:30+00:00,60,,,,,,,,,,,,,,,,,,,,,
2352617,56526,Russia,4559395993,1775718450000,2026-04-09T07:07:30+00:00,60,,,,,,,,,,,,,,,,,,,,,
2352616,56526,Russia,4559395879,1775717550000,2026-04-09T06:52:30+00:00,60,,,,,,,,,,,,,,,,,,,,,
2353277,56526,Russia,4559395768,1775716650000,2026-04-09T06:37:30+00:00,50,1,2,3,9,10,11,12,17,19,,,,,,,,,,,,
2353252,56526,Russia,4559395666,1775715750000,2026-04-09T06:22:30+00:00,50,4,3,5,10,11,13,15,16,17,,,,,,,,,,,,
2353206,56526,Russia,4559395555,1775714850000,2026-04-09T06:07:30+00:00,50,3,3,4,9,12,14,16,17,19,,,,,,,,,,,,
2353194,56526,Russia,4559395453,1775713950000,2026-04-09T05:52:30+00:00,50,4,1,3,6,8,11,12,17,18,,,,,,,,,,,,
2353174,56526,Russia,4559395351,1775713050000,2026-04-09T05:37:30+00:00,50,1,3,5,6,8,9,10,11,13,,,,,,,,,,,,
2353140,56526,Russia,4559395258,1775712150000,2026-04-09T05:22:30+00:00,50,2,1,4,5,7,8,9,13,14,,,,,,,,,,,,
2353120,56526,Russia,4559395156,1775711250000,2026-04-09T05:07:30+00:00,50,1,4,6,7,8,11,13,17,20,,,,,,,,,,,,
2353093,56526,Russia,4559395066,1775710350000,2026-04-09T04:52:30+00:00,50,4,1,2,3,4,6,11,14,16,,,,,,,,,,,,
2353064,56526,Russia,4559394976,1775709450000,2026-04-09T04:37:30+00:00,50,4,2,9,11,12,13,17,18,20,,,,,,,,,,,,
2353044,56526,Russia,4559394898,1775708550000,2026-04-09T04:22:30+00:00,50,1,1,3,4,9,14,15,19,20,,,,,,,,,,,,
2353025,56526,Russia,4559394820,1775707650000,2026-04-09T04:07:30+00:00,50,3,2,3,4,7,9,15,16,20,,,,,,,,,,,,
2353010,56526,Russia,4559394748,1775706750000,2026-04-09T03:52:30+00:00,50,4,2,4,7,9,10,13,15,17,,,,,,,,,,,,
2352973,56526,Russia,4559394670,1775705850000,2026-04-09T03:37:30+00:00,50,4,5,7,11,12,15,16,18,20,,,,,,,,,,,,
2352915,56526,Russia,4559394595,1775704950000,2026-04-09T03:22:30+00:00,50,1,2,4,6,10,11,12,14,18,,,,,,,,,,,,
2352866,56526,Russia,4559394517,1775704050000,2026-04-09T03:07:30+00:00,50,3,2,4,5,9,11,12,13,19,,,,,,,,,,,,
2352843,56526,Russia,4559394445,1775703150000,2026-04-09T02:52:30+00:00,50,4,3,5,9,10,12,14,17,18,,,,,,,,,,,,
2352817,56526,Russia,4559394367,1775702250000,2026-04-09T02:37:30+00:00,50,4,5,6,8,9,11,12,18,20,,,,,,,,,,,,
2352797,56526,Russia,4559394292,1775701350000,2026-04-09T02:22:30+00:00,50,1,1,2,3,4,7,8,14,16,,,,,,,,,,,,
2352753,56526,Russia,4559394214,1775700450000,2026-04-09T02:07:30+00:00,50,4,4,5,9,12,15,17,18,20,,,,,,,,,,,,
2352744,56526,Russia,4559394142,1775699550000,2026-04-09T01:52:30+00:00,50,3,1,2,8,9,13,16,19,20,,,,,,,,,,,,
2352722,56526,Russia,4559394064,1775698650000,2026-04-09T01:37:30+00:00,50,2,1,4,6,9,10,14,18,20,,,,,,,,,,,,
2352702,56526,Russia,4559393989,1775697750000,2026-04-09T01:22:30+00:00,50,3,4,9,10,14,15,17,18,20,,,,,,,,,,,,
2352693,56526,Russia,4559393911,1775696850000,2026-04-09T01:07:30+00:00,50,1,4,5,6,11,13,14,15,18,,,,,,,,,,,,
2352667,56526,Russia,4559393839,1775695950000,2026-04-09T00:52:30+00:00,50,2,1,7,8,11,13,16,19,20,,,,,,,,,,,,
2352650,56526,Russia,4559393761,1775695050000,2026-04-09T00:37:30+00:00,50,3,2,5,7,8,13,14,17,19,,,,,,,,,,,,
2352612,56526,Russia,4559393686,1775694150000,2026-04-09T00:22:30+00:00,50,1,1,5,10,11,14,16,17,20,,,,,,,,,,,,
2352592,56526,Russia,4559393608,1775693250000,2026-04-09T00:07:30+00:00,50,2,3,6,8,9,10,13,17,20,,,,,,,,,,,,
2352567,56526,Russia,4557715651,1775692350000,2026-04-08T23:52:30+00:00,50,4,1,2,5,9,12,15,18,19,,,,,,,,,,,,
2352549,56526,Russia,4557715573,1775691450000,2026-04-08T23:37:30+00:00,50,1,1,2,8,13,14,17,18,20,,,,,,,,,,,,
2352533,56526,Russia,4557715498,1775690550000,2026-04-08T23:22:30+00:00,50,3,3,6,9,10,12,14,19,20,,,,,,,,,,,,
2352506,56526,Russia,4557715420,1775689650000,2026-04-08T23:07:30+00:00,50,4,1,3,8,12,15,16,18,20,,,,,,,,,,,,
2352494,56526,Russia,4557715348,1775688750000,2026-04-08T22:52:30+00:00,50,3,2,6,8,10,11,12,15,18,,,,,,,,,,,,
2352480,56526,Russia,4557715270,1775687850000,2026-04-08T22:37:30+00:00,50,3,1,2,5,7,8,11,16,20,,,,,,,,,,,,
2352452,56526,Russia,4557715195,1775686950000,2026-04-08T22:22:30+00:00,50,4,2,6,7,12,15,17,19,20,,,,,,,,,,,,
2352441,56526,Russia,4557715126,1775686050000,2026-04-08T22:07:30+00:00,50,1,1,2,3,12,14,15,18,19,,,,,,,,,,,,
2352408,56526,Russia,4557715084,1775685150000,2026-04-08T21:52:30+00:00,50,4,2,3,10,11,12,15,16,18,,,,,,,,,,,,
2352401,56526,Russia,4557715060,1775684250000,2026-04-08T21:37:30+00:00,50,2,1,3,4,7,10,14,18,20,,,,,,,,,,,,
2352366,56526,Russia,4557715036,1775683350000,2026-04-08T21:22:30+00:00,50,3,2,3,5,6,10,12,18,19,,,,,,,,,,,,
2352333,56526,Russia,4557715015,1775682450000,2026-04-08T21:07:30+00:00,50,2,1,8,10,11,13,14,15,17,,,,,,,,,,,,
2352315,56526,Russia,4557713791,1775681550000,2026-04-08T20:52:30+00:00,50,3,2,4,8,9,12,15,16,18,,,,,,,,,,,,
2352286,56526,Russia,4557713686,1775680650000,2026-04-08T20:37:30+00:00,50,3,2,5,8,11,13,16,18,20,,,,,,,,,,,,
2351247,56526,Russia,4557713593,1775679750000,2026-04-08T20:22:30+00:00,60,,,,,,,,,,,,,,,,,,,,,
2352225,56526,Russia,4557713485,1775678850000,2026-04-08T20:07:30+00:00,50,1,2,4,5,7,8,9,17,19,,,,,,,,,,,,
2352184,56526,Russia,4557713371,1775677950000,2026-04-08T19:52:30+00:00,50,3,3,4,6,7,10,14,16,17,,,,,,,,,,,,
2352165,56526,Russia,4557713254,1775677050000,2026-04-08T19:37:30+00:00,50,1,1,3,4,12,13,16,17,19,,,,,,,,,,,,
2351246,56526,Russia,4557713146,1775676150000,2026-04-08T19:22:30+00:00,60,,,,,,,,,,,,,,,,,,,,,
2351245,56526,Russia,4557713032,1775675250000,2026-04-08T19:07:30+00:00,60,,,,,,,,,,,,,,,,,,,,,
2351243,56526,Russia,4557712900,1775674350000,2026-04-08T18:52:30+00:00,60,,,,,,,,,,,,,,,,,,,,,
2352031,56526,Russia,4557712777,1775673450000,2026-04-08T18:37:30+00:00,50,3,3,5,6,8,15,17,19,20,,,,,,,,,,,,
2351993,56526,Russia,4557712657,1775672550000,2026-04-08T18:22:30+00:00,50,1,2,3,4,5,7,10,14,19,,,,,,,,,,,,
2351962,56526,Russia,4557712540,1775671650000,2026-04-08T18:07:30+00:00,50,3,2,5,6,8,12,16,17,20,,,,,,,,,,,,
2351928,56526,Russia,4557712414,1775670750000,2026-04-08T17:52:30+00:00,50,3,2,4,7,11,13,15,16,17,,,,,,,,,,,,
2351901,56526,Russia,4557712300,1775669850000,2026-04-08T17:37:30+00:00,60,,,,,,,,,,,,,,,,,,,,,
2351238,56526,Russia,4557712192,1775668950000,2026-04-08T17:22:30+00:00,60,,,,,,,,,,,,,,,,,,,,,
2351237,56526,Russia,4557712078,1775668050000,2026-04-08T17:07:30+00:00,60,,,,,,,,,,,,,,,,,,,,,
2351236,56526,Russia,4557711946,1775667150000,2026-04-08T16:52:30+00:00,60,,,,,,,,,,,,,,,,,,,,,
2351770,56526,Russia,4557711823,1775666250000,2026-04-08T16:37:30+00:00,50,1,2,5,6,7,9,12,13,14,,,,,,,,,,,,
2351734,56526,Russia,4557711709,1775665350000,2026-04-08T16:22:30+00:00,50,2,2,8,11,12,13,14,16,17,,,,,,,,,,,,
2351694,56526,Russia,4557711598,1775664450000,2026-04-08T16:07:30+00:00,50,1,1,10,11,12,13,15,17,20,,,,,,,,,,,,
2351645,56526,Russia,4557711484,1775663550000,2026-04-08T15:52:30+00:00,50,3,3,6,7,8,10,11,15,17,,,,,,,,,,,,
2351618,56526,Russia,4557711364,1775662650000,2026-04-08T15:37:30+00:00,50,1,2,3,4,6,10,11,16,18,,,,,,,,,,,,
2351235,56526,Russia,4557711253,1775661750000,2026-04-08T15:22:30+00:00,60,,,,,,,,,,,,,,,,,,,,,
2351234,56526,Russia,4557711136,1775660850000,2026-04-08T15:07:30+00:00,60,,,,,,,,,,,,,,,,,,,,,
2351233,56526,Russia,4557711016,1775659950000,2026-04-08T14:52:30+00:00,60,,,,,,,,,,,,,,,,,,,,,
2351523,56526,Russia,4557710905,1775659050000,2026-04-08T14:37:30+00:00,50,3,2,4,5,6,7,13,14,18,,,,,,,,,,,,
2351480,56526,Russia,4557710800,1775658150000,2026-04-08T14:22:30+00:00,50,2,3,6,8,11,14,16,17,18,,,,,,,,,,,,
2351458,56526,Russia,4557710689,1775657250000,2026-04-08T14:07:30+00:00,50,1,2,6,7,10,12,13,15,19,,,,,,,,,,,,
2351429,56526,Russia,4557710578,1775656350000,2026-04-08T13:52:30+00:00,50,2,1,3,4,7,10,14,16,17,,,,,,,,,,,,
2351399,56526,Russia,4557710467,1775655450000,2026-04-08T13:37:30+00:00,50,3,7,9,12,13,15,17,19,20,,,,,,,,,,,,
2351232,56526,Russia,4557710365,1775654550000,2026-04-08T13:22:30+00:00,60,,,,,,,,,,,,,,,,,,,,,
2351231,56526,Russia,4557710248,1775653650000,2026-04-08T13:07:30+00:00,60,,,,,,,,,,,,,,,,,,,,,
2351295,56526,Russia,4557710128,1775652750000,2026-04-08T12:52:30+00:00,50,4,1,3,9,13,14,16,19,20,,,,,,,,,,,,
2351280,56526,Russia,4557710017,1775651850000,2026-04-08T12:37:30+00:00,50,4,1,2,3,6,11,12,13,15,,,,,,,,,,,,
2351228,56526,Russia,4557709909,1775650950000,2026-04-08T12:22:30+00:00,50,3,9,10,11,14,17,18,19,20,,,,,,,,,,,,
2351192,56526,Russia,4557709798,1775650050000,2026-04-08T12:07:30+00:00,50,1,1,5,6,8,9,14,15,17,,,,,,,,,,,,
2351155,56526,Russia,4557709681,1775649150000,2026-04-08T11:52:30+00:00,50,4,1,2,6,10,13,15,17,19,,,,,,,,,,,,
2351120,56526,Russia,4557709564,1775648250000,2026-04-08T11:37:30+00:00,50,4,5,6,10,11,14,17,18,20,,,,,,,,,,,,
2351086,56526,Russia,4557709459,1775647350000,2026-04-08T11:22:30+00:00,50,4,5,6,7,8,12,13,17,18,,,,,,,,,,,,
2351047,56526,Russia,4557709348,1775646450000,2026-04-08T11:07:30+00:00,50,1,3,10,12,14,16,17,18,20,,,,,,,,,,,,
2351213,56526,Russia,4557709237,1775645550000,2026-04-08T10:52:30+00:00,60,,,,,,,,,,,,,,,,,,,,,
2351005,56526,Russia,4557709117,1775644650000,2026-04-08T10:37:30+00:00,50,2,10,13,14,15,16,18,19,20,,,,,,,,,,,,
2351211,56526,Russia,4557709012,1775643750000,2026-04-08T10:22:30+00:00,60,,,,,,,,,,,,,,,,,,,,,
2351215,56526,Russia,4557708901,1775642850000,2026-04-08T10:07:30+00:00,60,,,,,,,,,,,,,,,,,,,,,
2351214,56526,Russia,4557708787,1775641950000,2026-04-08T09:52:30+00:00,60,,,,,,,,,,,,,,,,,,,,,
2350873,56526,Russia,4557708676,1775641050000,2026-04-08T09:37:30+00:00,50,3,4,6,7,8,9,11,17,20,,,,,,,,,,,,
2350828,56526,Russia,4557708568,1775640150000,2026-04-08T09:22:30+00:00,50,4,1,3,5,7,10,11,12,16,,,,,,,,,,,,
2351212,56526,Russia,4557708457,1775639250000,2026-04-08T09:07:30+00:00,60,,,,,,,,,,,,,,,,,,,,,
2350787,56526,Russia,4557708343,1775638350000,2026-04-08T08:52:30+00:00,50,1,2,4,9,12,13,15,18,20,,,,,,,,,,,,
2350754,56526,Russia,4557708232,1775637450000,2026-04-08T08:37:30+00:00,50,4,1,4,6,14,16,18,19,20,,,,,,,,,,,,
2350717,56526,Russia,4557708127,1775636550000,2026-04-08T08:22:30+00:00,50,1,6,8,11,12,13,15,19,20,,,,,,,,,,,,
2350688,56526,Russia,4557708016,1775635650000,2026-04-08T08:07:30+00:00,50,4,1,2,5,6,9,10,19,20,,,,,,,,,,,,
2350657,56526,Russia,4557707905,1775634750000,2026-04-08T07:52:30+00:00,50,4,1,3,8,11,13,14,16,20,,,,,,,,,,,,
2350633,56526,Russia,4557707794,1775633850000,2026-04-08T07:37:30+00:00,50,3,1,8,9,10,13,14,15,19,,,,,,,,,,,,
2351209,56526,Russia,4557707686,1775632950000,2026-04-08T07:22:30+00:00,60,,,,,,,,,,,,,,,,,,,,,
2351208,56526,Russia,4557707575,1775632050000,2026-04-08T07:07:30+00:00,60,,,,,,,,,,,,,,,,,,,,,
2351207,56526,Russia,4557707461,1775631150000,2026-04-08T06:52:30+00:00,60,,,,,,,,,,,,,,,,,,,,,
2350513,56526,Russia,4557707350,1775630250000,2026-04-08T06:37:30+00:00,50,1,3,4,6,11,13,15,17,18,,,,,,,,,,,,
2350492,56526,Russia,4557707248,1775629350000,2026-04-08T06:22:30+00:00,50,1,2,3,5,7,9,11,16,17,,,,,,,,,,,,
2350452,56526,Russia,4557707137,1775628450000,2026-04-08T06:07:30+00:00,50,2,1,2,7,8,9,10,19,20,,,,,,,,,,,,
2350419,56526,Russia,4557707035,1775627550000,2026-04-08T05:52:30+00:00,50,2,1,3,4,5,6,8,15,20,,,,,,,,,,,,
2350399,56526,Russia,4557706933,1775626650000,2026-04-08T05:37:30+00:00,50,2,1,4,7,10,14,16,17,18,,,,,,,,,,,,
2350371,56526,Russia,4557706840,1775625750000,2026-04-08T05:22:30+00:00,50,4,1,4,5,10,13,14,19,20,,,,,,,,,,,,
2350342,56526,Russia,4557706738,1775624850000,2026-04-08T05:07:30+00:00,50,2,6,7,12,14,15,17,18,20,,,,,,,,,,,,
2350319,56526,Russia,4557706648,1775623950000,2026-04-08T04:52:30+00:00,50,4,3,5,6,8,9,11,12,19,,,,,,,,,,,,
2350296,56526,Russia,4557706558,1775623050000,2026-04-08T04:37:30+00:00,50,3,3,4,5,6,7,9,13,15,,,,,,,,,,,,
2350275,56526,Russia,4557706480,1775622150000,2026-04-08T04:22:30+00:00,50,4,8,10,11,13,14,15,16,20,,,,,,,,,,,,
2350253,56526,Russia,4557706402,1775621250000,2026-04-08T04:07:30+00:00,50,3,3,8,9,13,15,16,18,19,,,,,,,,,,,,
2350231,56526,Russia,4557706330,1775620350000,2026-04-08T03:52:30+00:00,50,3,2,6,8,9,11,14,17,18,,,,,,,,,,,,
2350212,56526,Russia,4557706252,1775619450000,2026-04-08T03:37:30+00:00,50,2,5,7,8,11,13,14,15,19,,,,,,,,,,,,
2350185,56526,Russia,4557706177,1775618550000,2026-04-08T03:22:30+00:00,50,2,1,2,3,6,7,8,15,18,,,,,,,,,,,,
2350162,56526,Russia,4557706099,1775617650000,2026-04-08T03:07:30+00:00,50,1,5,7,8,9,15,17,19,20,,,,,,,,,,,,
2350138,56526,Russia,4557706027,1775616750000,2026-04-08T02:52:30+00:00,50,1,3,5,6,7,8,12,13,17,,,,,,,,,,,,
2350114,56526,Russia,4557705949,1775615850000,2026-04-08T02:37:30+00:00,50,4,2,6,12,13,15,16,17,20,,,,,,,,,,,,
2350083,56526,Russia,4557705874,1775614950000,2026-04-08T02:22:30+00:00,50,1,3,6,8,9,11,12,13,20,,,,,,,,,,,,
2350073,56526,Russia,4557705796,1775614050000,2026-04-08T02:07:30+00:00,50,1,1,2,3,6,8,13,16,17,,,,,,,,,,,,
2350055,56526,Russia,4557705724,1775613150000,2026-04-08T01:52:30+00:00,50,2,2,7,10,13,15,16,17,20,,,,,,,,,,,,
2350036,56526,Russia,4557705646,1775612250000,2026-04-08T01:37:30+00:00,50,3,1,3,5,11,13,16,17,19,,,,,,,,,,,,
2350015,56526,Russia,4557705571,1775611350000,2026-04-08T01:22:30+00:00,50,2,1,2,6,7,11,13,15,16,,,,,,,,,,,,
2349990,56526,Russia,4557705493,1775610450000,2026-04-08T01:07:30+00:00,50,2,2,3,5,7,13,14,19,20,,,,,,,,,,,,
2349966,56526,Russia,4557705421,1775609550000,2026-04-08T00:52:30+00:00,50,2,1,2,9,12,13,16,17,19,,,,,,,,,,,,
2349950,56526,Russia,4557705343,1775608650000,2026-04-08T00:37:30+00:00,50,1,3,8,9,11,13,14,17,20,,,,,,,,,,,,
2349927,56526,Russia,4557705268,1775607750000,2026-04-08T00:22:30+00:00,50,2,3,4,6,8,9,13,16,18,,,,,,,,,,,,
2349903,56526,Russia,4557705190,1775606850000,2026-04-08T00:07:30+00:00,50,1,1,2,5,9,13,15,17,19,,,,,,,,,,,,
2349888,56526,Russia,4555716625,1775605950000,2026-04-07T23:52:30+00:00,50,1,1,2,4,8,12,14,15,19,,,,,,,,,,,,
2349864,56526,Russia,4555716547,1775605050000,2026-04-07T23:37:30+00:00,50,3,3,6,8,11,13,14,16,17,,,,,,,,,,,,
2349830,56526,Russia,4555716472,1775604150000,2026-04-07T23:22:30+00:00,50,4,6,8,12,13,15,17,18,20,,,,,,,,,,,,
2349817,56526,Russia,4555716394,1775603250000,2026-04-07T23:07:30+00:00,50,1,4,5,8,11,15,16,18,19,,,,,,,,,,,,
2349798,56526,Russia,4555716322,1775602350000,2026-04-07T22:52:30+00:00,50,1,2,11,12,13,14,17,19,20,,,,,,,,,,,,
2349775,56526,Russia,4555716244,1775601450000,2026-04-07T22:37:30+00:00,50,4,1,2,4,5,6,7,8,11,,,,,,,,,,,,
2349750,56526,Russia,4555716169,1775600550000,2026-04-07T22:22:30+00:00,50,2,3,5,6,8,13,15,17,19,,,,,,,,,,,,
2349732,56526,Russia,4555716100,1775599650000,2026-04-07T22:07:30+00:00,50,4,2,5,10,11,13,15,18,19,,,,,,,,,,,,
2349716,56526,Russia,4555716058,1775598750000,2026-04-07T21:52:30+00:00,50,4,4,6,7,9,10,12,15,20,,,,,,,,,,,,
2349688,56526,Russia,4555716034,1775597850000,2026-04-07T21:37:30+00:00,50,2,1,2,9,10,11,15,16,20,,,,,,,,,,,,
2349659,56526,Russia,4555716010,1775596950000,2026-04-07T21:22:30+00:00,50,2,1,4,5,6,7,8,10,17,,,,,,,,,,,,
2349629,56526,Russia,4555715989,1775596050000,2026-04-07T21:07:30+00:00,50,3,4,9,10,11,16,18,19,20,,,,,,,,,,,,
2349577,56526,Russia,4555714774,1775595150000,2026-04-07T20:52:30+00:00,50,3,6,9,10,11,14,15,17,19,,,,,,,,,,,,
2349560,56526,Russia,4555714669,1775594250000,2026-04-07T20:37:30+00:00,50,1,1,3,9,10,14,18,19,20,,,,,,,,,,,,
2346975,56526,Russia,4555714576,1775593350000,2026-04-07T20:22:30+00:00,60,,,,,,,,,,,,,,,,,,,,,
2349493,56526,Russia,4555714468,1775592450000,2026-04-07T20:07:30+00:00,50,4,2,3,9,11,14,16,17,18,,,,,,,,,,,,
2349462,56526,Russia,4555714354,1775591550000,2026-04-07T19:52:30+00:00,50,3,3,4,6,10,12,15,18,20,,,,,,,,,,,,
2349433,56526,Russia,4555714231,1775590650000,2026-04-07T19:37:30+00:00,50,1,1,3,5,12,13,15,17,18,,,,,,,,,,,,
2349294,56526,Russia,4555714123,1775589750000,2026-04-07T19:22:30+00:00,60,,,,,,,,,,,,,,,,,,,,,
2349293,56526,Russia,4555714012,1775588850000,2026-04-07T19:07:30+00:00,60,,,,,,,,,,,,,,,,,,,,,
2349292,56526,Russia,4555713883,1775587950000,2026-04-07T18:52:30+00:00,60,,,,,,,,,,,,,,,,,,,,,
2349302,56526,Russia,4555713763,1775587050000,2026-04-07T18:37:30+00:00,50,4,1,2,4,10,13,14,15,20,,,,,,,,,,,,
2349252,56526,Russia,4555713640,1775586150000,2026-04-07T18:22:30+00:00,60,,,,,,,,,,,,,,,,,,,,,
2349227,56526,Russia,4555713529,1775585250000,2026-04-07T18:07:30+00:00,50,3,1,10,13,14,16,17,18,19,,,,,,,,,,,,
2349193,56526,Russia,4555713394,1775584350000,2026-04-07T17:52:30+00:00,50,3,2,8,9,13,14,16,17,19,,,,,,,,,,,,
2349163,56526,Russia,4555713280,1775583450000,2026-04-07T17:37:30+00:00,50,4,3,6,7,9,14,15,17,18,,,,,,,,,,,,
2349145,56526,Russia,4555713172,1775582550000,2026-04-07T17:22:30+00:00,50,3,2,3,4,7,12,18,19,20,,,,,,,,,,,,
2349033,56526,Russia,4555713058,1775581650000,2026-04-07T17:07:30+00:00,60,,,,,,,,,,,,,,,,,,,,,
2349032,56526,Russia,4555712932,1775580750000,2026-04-07T16:52:30+00:00,60,,,,,,,,,,,,,,,,,,,,,
2349034,56526,Russia,4555712812,1775579850000,2026-04-07T16:37:30+00:00,50,1,2,4,5,7,11,12,13,20,,,,,,,,,,,,
2349000,56526,Russia,4555712701,1775578950000,2026-04-07T16:22:30+00:00,50,3,1,2,9,10,15,17,18,20,,,,,,,,,,,,
2348971,56526,Russia,4555712590,1775578050000,2026-04-07T16:07:30+00:00,50,2,1,2,10,11,12,16,17,18,,,,,,,,,,,,
2348929,56526,Russia,4555712476,1775577150000,2026-04-07T15:52:30+00:00,50,3,1,4,6,9,11,15,18,19,,,,,,,,,,,,
2348897,56526,Russia,4555712347,1775576250000,2026-04-07T15:37:30+00:00,50,4,2,3,4,8,10,15,16,19,,,,,,,,,,,,
2348776,56526,Russia,4555712239,1775575350000,2026-04-07T15:22:30+00:00,60,,,,,,,,,,,,,,,,,,,,,
2348775,56526,Russia,4555712128,1775574450000,2026-04-07T15:07:30+00:00,60,,,,,,,,,,,,,,,,,,,,,
2348774,56526,Russia,4555712011,1775573550000,2026-04-07T14:52:30+00:00,60,,,,,,,,,,,,,,,,,,,,,
2348799,56526,Russia,4555711900,1775572650000,2026-04-07T14:37:30+00:00,50,1,2,3,7,11,12,16,19,20,,,,,,,,,,,,
2348740,56526,Russia,4555711792,1775571750000,2026-04-07T14:22:30+00:00,50,4,2,7,8,9,10,12,13,20,,,,,,,,,,,,
2348712,56526,Russia,4555711681,1775570850000,2026-04-07T14:07:30+00:00,50,4,2,4,5,6,9,13,15,18,,,,,,,,,,,,
2348679,56526,Russia,4555711570,1775569950000,2026-04-07T13:52:30+00:00,50,3,3,5,7,10,11,12,14,19,,,,,,,,,,,,
2348658,56526,Russia,4555711459,1775569050000,2026-04-07T13:37:30+00:00,50,1,1,4,11,14,16,17,18,19,,,,,,,,,,,,
2348549,56526,Russia,4555711357,1775568150000,2026-04-07T13:22:30+00:00,60,,,,,,,,,,,,,,,,,,,,,
2348548,56526,Russia,4555711240,1775567250000,2026-04-07T13:07:30+00:00,60,,,,,,,,,,,,,,,,,,,,,
2348559,56526,Russia,4555711120,1775566350000,2026-04-07T12:52:30+00:00,50,1,1,4,9,10,14,15,17,20,,,,,,,,,,,,
2348520,56526,Russia,4555711009,1775565450000,2026-04-07T12:37:30+00:00,50,3,1,5,8,11,15,16,17,18,,,,,,,,,,,,
2348496,56526,Russia,4555710901,1775564550000,2026-04-07T12:22:30+00:00,50,4,1,3,10,11,12,14,15,16,,,,,,,,,,,,
2348460,56526,Russia,4555710790,1775563650000,2026-04-07T12:07:30+00:00,50,1,3,7,8,9,13,16,17,20,,,,,,,,,,,,
2348431,56526,Russia,4555710673,1775562750000,2026-04-07T11:52:30+00:00,50,1,2,7,9,10,12,13,14,15,,,,,,,,,,,,
2348400,56526,Russia,4555710556,1775561850000,2026-04-07T11:37:30+00:00,50,2,3,6,7,9,11,13,15,17,,,,,,,,,,,,
2348364,56526,Russia,4555710451,1775560950000,2026-04-07T11:22:30+00:00,50,3,1,2,4,9,10,15,16,17,,,,,,,,,,,,
2348326,56526,Russia,4555710340,1775560050000,2026-04-07T11:07:30+00:00,50,2,1,3,5,7,8,12,13,16,,,,,,,,,,,,
2348261,56526,Russia,4555710229,1775559150000,2026-04-07T10:52:30+00:00,60,,,,,,,,,,,,,,,,,,,,,
2348265,56526,Russia,4555710109,1775558250000,2026-04-07T10:37:30+00:00,50,1,2,3,5,6,7,8,12,13,,,,,,,,,,,,
2348144,56526,Russia,4555710004,1775557350000,2026-04-07T10:22:30+00:00,60,,,,,,,,,,,,,,,,,,,,,
2348143,56526,Russia,4555709893,1775556450000,2026-04-07T10:07:30+00:00,60,,,,,,,,,,,,,,,,,,,,,
2348142,56526,Russia,4555709779,1775555550000,2026-04-07T09:52:30+00:00,60,,,,,,,,,,,,,,,,,,,,,
2348149,56526,Russia,4555709668,1775554650000,2026-04-07T09:37:30+00:00,50,4,2,4,6,7,11,17,18,20,,,,,,,,,,,,
2348116,56526,Russia,4555709563,1775553750000,2026-04-07T09:22:30+00:00,50,3,1,3,4,7,10,12,17,20,,,,,,,,,,,,
2348044,56526,Russia,4555709452,1775552850000,2026-04-07T09:07:30+00:00,60,,,,,,,,,,,,,,,,,,,,,
2348047,56526,Russia,4555709338,1775551950000,2026-04-07T08:52:30+00:00,50,4,3,7,11,13,15,16,18,19,,,,,,,,,,,,
2348027,56526,Russia,4555709227,1775551050000,2026-04-07T08:37:30+00:00,50,2,4,7,9,12,14,16,18,19,,,,,,,,,,,,
2347999,56526,Russia,4555709122,1775550150000,2026-04-07T08:22:30+00:00,50,1,1,5,7,8,10,11,17,19,,,,,,,,,,,,
2347964,56526,Russia,4555709011,1775549250000,2026-04-07T08:07:30+00:00,50,3,4,8,9,10,11,14,19,20,,,,,,,,,,,,
2347924,56526,Russia,4555708900,1775548350000,2026-04-07T07:52:30+00:00,50,3,1,4,6,10,12,14,16,19,,,,,,,,,,,,
2347902,56526,Russia,4555708789,1775547450000,2026-04-07T07:37:30+00:00,50,2,1,3,6,7,12,15,16,18,,,,,,,,,,,,
2347781,56526,Russia,4555708684,1775546550000,2026-04-07T07:22:30+00:00,60,,,,,,,,,,,,,,,,,,,,,
2347780,56526,Russia,4555708573,1775545650000,2026-04-07T07:07:30+00:00,60,,,,,,,,,,,,,,,,,,,,,
2347779,56526,Russia,4555708459,1775544750000,2026-04-07T06:52:30+00:00,60,,,,,,,,,,,,,,,,,,,,,
2347783,56526,Russia,4555708348,1775543850000,2026-04-07T06:37:30+00:00,50,1,1,2,5,6,11,15,18,20,,,,,,,,,,,,
2347753,56526,Russia,4555708246,1775542950000,2026-04-07T06:22:30+00:00,50,3,2,5,8,11,13,14,16,20,,,,,,,,,,,,
2347722,56526,Russia,4555708135,1775542050000,2026-04-07T06:07:30+00:00,50,1,1,2,4,9,11,14,15,20,,,,,,,,,,,,
2347695,56526,Russia,4555708033,1775541150000,2026-04-07T05:52:30+00:00,50,1,4,5,10,11,13,16,17,18,,,,,,,,,,,,
2347668,56526,Russia,4555707931,1775540250000,2026-04-07T05:37:30+00:00,50,4,2,3,6,10,11,16,17,19,,,,,,,,,,,,
2347640,56526,Russia,4555707838,1775539350000,2026-04-07T05:22:30+00:00,50,1,4,6,7,9,10,13,14,16,,,,,,,,,,,,
2347622,56526,Russia,4555707736,1775538450000,2026-04-07T05:07:30+00:00,50,3,1,3,5,11,12,13,18,20,,,,,,,,,,,,
2347586,56526,Russia,4555707646,1775537550000,2026-04-07T04:52:30+00:00,50,1,1,4,5,9,10,11,12,18,,,,,,,,,,,,
2347557,56526,Russia,4555707556,1775536650000,2026-04-07T04:37:30+00:00,50,2,1,5,7,9,13,17,18,19,,,,,,,,,,,,
2347546,56526,Russia,4555707478,1775535750000,2026-04-07T04:22:30+00:00,50,1,2,8,10,11,12,15,16,20,,,,,,,,,,,,
2347524,56526,Russia,4555707400,1775534850000,2026-04-07T04:07:30+00:00,50,3,1,5,8,9,11,12,14,16,,,,,,,,,,,,
2347503,56526,Russia,4555707328,1775533950000,2026-04-07T03:52:30+00:00,50,4,1,2,4,5,12,16,19,20,,,,,,,,,,,,
2347478,56526,Russia,4555707250,1775533050000,2026-04-07T03:37:30+00:00,50,2,1,4,5,6,7,15,19,20,,,,,,,,,,,,
2347443,56526,Russia,4555707175,1775532150000,2026-04-07T03:22:30+00:00,50,1,1,5,6,9,10,17,19,20,,,,,,,,,,,,
2347416,56526,Russia,4555707097,1775531250000,2026-04-07T03:07:30+00:00,50,1,3,7,10,13,14,15,18,19,,,,,,,,,,,,
2347410,56526,Russia,4555707025,1775530350000,2026-04-07T02:52:30+00:00,50,2,3,5,6,11,13,14,17,18,,,,,,,,,,,,
2347387,56526,Russia,4555706947,1775529450000,2026-04-07T02:37:30+00:00,50,4,1,4,5,10,13,16,17,19,,,,,,,,,,,,
2347355,56526,Russia,4555706872,1775528550000,2026-04-07T02:22:30+00:00,50,1,3,6,7,10,12,16,19,20,,,,,,,,,,,,
2347335,56526,Russia,4555706794,1775527650000,2026-04-07T02:07:30+00:00,50,1,2,4,8,10,15,17,18,20,,,,,,,,,,,,
2347306,56526,Russia,4555706722,1775526750000,2026-04-07T01:52:30+00:00,50,1,1,4,6,7,9,12,14,15,,,,,,,,,,,,
2347280,56526,Russia,4555706644,1775525850000,2026-04-07T01:37:30+00:00,50,3,1,3,4,9,10,12,14,15,,,,,,,,,,,,
2347272,56526,Russia,4555706569,1775524950000,2026-04-07T01:22:30+00:00,50,2,1,3,4,5,11,12,14,17,,,,,,,,,,,,
2347254,56526,Russia,4555706491,1775524050000,2026-04-07T01:07:30+00:00,50,3,3,7,9,12,13,15,18,20,,,,,,,,,,,,
2347230,56526,Russia,4555706419,1775523150000,2026-04-07T00:52:30+00:00,50,4,3,4,5,6,12,14,17,19,,,,,,,,,,,,
2347210,56526,Russia,4555706341,1775522250000,2026-04-07T00:37:30+00:00,50,1,1,7,8,9,14,15,16,19,,,,,,,,,,,,
2347173,56526,Russia,4555706266,1775521350000,2026-04-07T00:22:30+00:00,50,4,2,5,6,8,10,13,14,19,,,,,,,,,,,,
2347171,56526,Russia,4555706188,1775520450000,2026-04-07T00:07:30+00:00,50,3,2,4,5,6,8,9,10,12,,,,,,,,,,,,
2347146,56526,Russia,4553713879,1775519550000,2026-04-06T23:52:30+00:00,50,4,1,3,5,6,7,11,12,17,,,,,,,,,,,,
2347122,56526,Russia,4553713801,1775518650000,2026-04-06T23:37:30+00:00,50,3,3,4,5,6,7,11,13,20,,,,,,,,,,,,
2347090,56526,Russia,4553713726,1775517750000,2026-04-06T23:22:30+00:00,50,3,2,5,8,10,14,17,19,20,,,,,,,,,,,,
2347076,56526,Russia,4553713648,1775516850000,2026-04-06T23:07:30+00:00,50,4,1,6,7,8,10,14,17,20,,,,,,,,,,,,
2347042,56526,Russia,4553713576,1775515950000,2026-04-06T22:52:30+00:00,50,2,1,3,4,6,9,15,19,20,,,,,,,,,,,,
2347030,56526,Russia,4553713498,1775515050000,2026-04-06T22:37:30+00:00,50,2,4,6,7,9,13,14,16,19,,,,,,,,,,,,
2347006,56526,Russia,4553713423,1775514150000,2026-04-06T22:22:30+00:00,50,1,1,3,8,9,10,15,17,18,,,,,,,,,,,,
2346983,56526,Russia,4553713354,1775513250000,2026-04-06T22:07:30+00:00,50,4,4,5,7,8,9,10,13,14,,,,,,,,,,,,
2346961,56526,Russia,4553713312,1775512350000,2026-04-06T21:52:30+00:00,50,1,4,5,10,11,13,14,18,19,,,,,,,,,,,,
2346941,56526,Russia,4553713288,1775511450000,2026-04-06T21:37:30+00:00,50,2,1,4,7,9,11,13,18,20,,,,,,,,,,,,
2346920,56526,Russia,4553713264,1775510550000,2026-04-06T21:22:30+00:00,50,2,1,7,10,11,16,17,18,20,,,,,,,,,,,,
2346859,56526,Russia,4553713243,1775509650000,2026-04-06T21:07:30+00:00,50,4,1,3,4,5,8,9,15,16,,,,,,,,,,,,
2346858,56526,Russia,4553712016,1775508750000,2026-04-06T20:52:30+00:00,50,1,2,3,10,11,13,14,17,20,,,,,,,,,,,,
2346796,56526,Russia,4553711911,1775507850000,2026-04-06T20:37:30+00:00,50,3,1,3,5,9,10,12,13,14,,,,,,,,,,,,
2344364,56526,Russia,4553711818,1775506950000,2026-04-06T20:22:30+00:00,60,,,,,,,,,,,,,,,,,,,,,
2346732,56526,Russia,4553711710,1775506050000,2026-04-06T20:07:30+00:00,50,3,1,7,8,10,13,15,16,18,,,,,,,,,,,,
2346709,56526,Russia,4553711596,1775505150000,2026-04-06T19:52:30+00:00,50,3,2,3,6,10,12,15,17,18,,,,,,,,,,,,
2346690,56526,Russia,4553711476,1775504250000,2026-04-06T19:37:30+00:00,50,2,3,5,6,10,13,14,15,19,,,,,,,,,,,,
2344363,56526,Russia,4553711368,1775503350000,2026-04-06T19:22:30+00:00,60,,,,,,,,,,,,,,,,,,,,,
2344362,56526,Russia,4553711257,1775502450000,2026-04-06T19:07:30+00:00,60,,,,,,,,,,,,,,,,,,,,,
2344361,56526,Russia,4553711140,1775501550000,2026-04-06T18:52:30+00:00,60,,,,,,,,,,,,,,,,,,,,,
2346563,56526,Russia,4553711023,1775500650000,2026-04-06T18:37:30+00:00,50,2,7,9,10,11,13,15,16,20,,,,,,,,,,,,
2346505,56526,Russia,4553710903,1775499750000,2026-04-06T18:22:30+00:00,50,3,1,3,5,6,9,10,18,19,,,,,,,,,,,,
2346504,56526,Russia,4553710786,1775498850000,2026-04-06T18:07:30+00:00,50,4,7,8,9,10,12,15,18,20,,,,,,,,,,,,
2346455,56526,Russia,4553710660,1775497950000,2026-04-06T17:52:30+00:00,50,3,2,5,8,13,14,15,16,18,,,,,,,,,,,,
2346447,56526,Russia,4553710546,1775497050000,2026-04-06T17:37:30+00:00,50,3,2,5,6,10,11,14,15,20,,,,,,,,,,,,
2346403,56526,Russia,4553710438,1775496150000,2026-04-06T17:22:30+00:00,50,3,1,4,7,11,12,14,15,17,,,,,,,,,,,,
2344359,56526,Russia,4553710324,1775495250000,2026-04-06T17:07:30+00:00,60,,,,,,,,,,,,,,,,,,,,,
2344358,56526,Russia,4553710198,1775494350000,2026-04-06T16:52:30+00:00,60,,,,,,,,,,,,,,,,,,,,,
2346308,56526,Russia,4553710078,1775493450000,2026-04-06T16:37:30+00:00,50,2,1,4,7,9,11,14,15,20,,,,,,,,,,,,
2346272,56526,Russia,4553709967,1775492550000,2026-04-06T16:22:30+00:00,50,4,2,5,7,8,9,13,14,17,,,,,,,,,,,,
2346255,56526,Russia,4553709856,1775491650000,2026-04-06T16:07:30+00:00,50,4,3,4,5,9,11,15,19,20,,,,,,,,,,,,
2346219,56526,Russia,4553709742,1775490750000,2026-04-06T15:52:30+00:00,50,4,3,4,7,12,13,14,15,19,,,,,,,,,,,,
2346179,56526,Russia,4553709619,1775489850000,2026-04-06T15:37:30+00:00,50,3,2,3,5,9,10,11,12,19,,,,,,,,,,,,
2344357,56526,Russia,4553709511,1775488950000,2026-04-06T15:22:30+00:00,60,,,,,,,,,,,,,,,,,,,,,
2344356,56526,Russia,4553709400,1775488050000,2026-04-06T15:07:30+00:00,60,,,,,,,,,,,,,,,,,,,,,
2344355,56526,Russia,4553709283,1775487150000,2026-04-06T14:52:30+00:00,60,,,,,,,,,,,,,,,,,,,,,
2346052,56526,Russia,4553709172,1775486250000,2026-04-06T14:37:30+00:00,50,1,1,2,3,4,11,12,16,18,,,,,,,,,,,,
2346022,56526,Russia,4553709067,1775485350000,2026-04-06T14:22:30+00:00,50,1,4,5,6,9,10,11,17,19,,,,,,,,,,,,
2346006,56526,Russia,4553708956,1775484450000,2026-04-06T14:07:30+00:00,50,2,4,9,10,12,15,16,17,19,,,,,,,,,,,,
2345966,56526,Russia,4553708845,1775483550000,2026-04-06T13:52:30+00:00,50,2,3,5,8,9,15,16,18,19,,,,,,,,,,,,
2345952,56526,Russia,4553708734,1775482650000,2026-04-06T13:37:30+00:00,50,3,2,6,8,10,12,15,17,19,,,,,,,,,,,,
2344352,56526,Russia,4553708632,1775481750000,2026-04-06T13:22:30+00:00,60,,,,,,,,,,,,,,,,,,,,,
2344348,56526,Russia,4553708515,1775480850000,2026-04-06T13:07:30+00:00,60,,,,,,,,,,,,,,,,,,,,,
2345843,56526,Russia,4553708392,1775479950000,2026-04-06T12:52:30+00:00,50,1,5,7,8,11,12,15,19,20,,,,,,,,,,,,
2345806,56526,Russia,4553708281,1775479050000,2026-04-06T12:37:30+00:00,50,2,1,5,6,9,13,14,16,20,,,,,,,,,,,,
2345780,56526,Russia,4553708173,1775478150000,2026-04-06T12:22:30+00:00,50,2,3,4,5,6,11,14,16,18,,,,,,,,,,,,
2345758,56526,Russia,4553708062,1775477250000,2026-04-06T12:07:30+00:00,50,4,2,3,4,6,10,15,17,18,,,,,,,,,,,,
2345708,56526,Russia,4553707945,1775476350000,2026-04-06T11:52:30+00:00,50,4,1,4,8,11,14,16,17,18,,,,,,,,,,,,
2345684,56526,Russia,4553707828,1775475450000,2026-04-06T11:37:30+00:00,50,2,1,2,7,8,13,16,18,20,,,,,,,,,,,,
2345644,56526,Russia,4553707723,1775474550000,2026-04-06T11:22:30+00:00,50,2,2,4,5,6,8,9,13,15,,,,,,,,,,,,
2345620,56526,Russia,4553707612,1775473650000,2026-04-06T11:07:30+00:00,50,3,5,6,7,8,14,18,19,20,,,,,,,,,,,,
2344346,56526,Russia,4553707501,1775472750000,2026-04-06T10:52:30+00:00,60,,,,,,,,,,,,,,,,,,,,,
2345558,56526,Russia,4553707381,1775471850000,2026-04-06T10:37:30+00:00,50,1,1,8,9,10,11,13,18,20,,,,,,,,,,,,
2344345,56526,Russia,4553707273,1775470950000,2026-04-06T10:22:30+00:00,60,,,,,,,,,,,,,,,,,,,,,
2344344,56526,Russia,4553707162,1775470050000,2026-04-06T10:07:30+00:00,60,,,,,,,,,,,,,,,,,,,,,
2344343,56526,Russia,4553707048,1775469150000,2026-04-06T09:52:30+00:00,60,,,,,,,,,,,,,,,,,,,,,
2345443,56526,Russia,4553706934,1775468250000,2026-04-06T09:37:30+00:00,50,1,4,6,7,8,10,11,12,13,,,,,,,,,,,,
2345407,56526,Russia,4553706826,1775467350000,2026-04-06T09:22:30+00:00,50,2,1,4,6,7,11,12,13,19,,,,,,,,,,,,
2344342,56526,Russia,4553706715,1775466450000,2026-04-06T09:07:30+00:00,60,,,,,,,,,,,,,,,,,,,,,
2345343,56526,Russia,4553706601,1775465550000,2026-04-06T08:52:30+00:00,50,3,2,7,8,10,12,13,14,19,,,,,,,,,,,,
2345315,56526,Russia,4553706490,1775464650000,2026-04-06T08:37:30+00:00,50,3,1,2,4,5,7,17,19,20,,,,,,,,,,,,
2345279,56526,Russia,4553706385,1775463750000,2026-04-06T08:22:30+00:00,50,2,1,4,6,7,11,12,14,17,,,,,,,,,,,,
2345268,56526,Russia,4553706274,1775462850000,2026-04-06T08:07:30+00:00,50,2,2,5,9,10,14,15,18,20,,,,,,,,,,,,
2345209,56526,Russia,4553706163,1775461950000,2026-04-06T07:52:30+00:00,50,1,1,8,13,14,15,17,18,19,,,,,,,,,,,,
2345190,56526,Russia,4553706052,1775461050000,2026-04-06T07:37:30+00:00,50,2,5,7,8,9,13,16,17,20,,,,,,,,,,,,
2344341,56526,Russia,4553705947,1775460150000,2026-04-06T07:22:30+00:00,60,,,,,,,,,,,,,,,,,,,,,
2344340,56526,Russia,4553705836,1775459250000,2026-04-06T07:07:30+00:00,60,,,,,,,,,,,,,,,,,,,,,
2344338,56526,Russia,4553705722,1775458350000,2026-04-06T06:52:30+00:00,60,,,,,,,,,,,,,,,,,,,,,
2345072,56526,Russia,4553705611,1775457450000,2026-04-06T06:37:30+00:00,50,4,9,10,11,12,15,16,18,19,,,,,,,,,,,,
2345039,56526,Russia,4553705509,1775456550000,2026-04-06T06:22:30+00:00,50,2,4,5,10,13,14,16,17,19,,,,,,,,,,,,
2345008,56526,Russia,4553705398,1775455650000,2026-04-06T06:07:30+00:00,50,3,2,3,7,11,13,17,18,20,,,,,,,,,,,,
2344972,56526,Russia,4553705296,1775454750000,2026-04-06T05:52:30+00:00,50,3,2,4,9,12,13,17,19,20,,,,,,,,,,,,
2344961,56526,Russia,4553705194,1775453850000,2026-04-06T05:37:30+00:00,50,1,3,6,9,11,13,16,17,20,,,,,,,,,,,,
2344931,56526,Russia,4553705101,1775452950000,2026-04-06T05:22:30+00:00,50,3,2,4,7,11,12,13,15,17,,,,,,,,,,,,
2344900,56526,Russia,4553704999,1775452050000,2026-04-06T05:07:30+00:00,50,1,3,5,8,9,10,16,18,20,,,,,,,,,,,,
2344878,56526,Russia,4553704909,1775451150000,2026-04-06T04:52:30+00:00,50,4,2,3,8,11,13,15,18,20,,,,,,,,,,,,
2344855,56526,Russia,4553704819,1775450250000,2026-04-06T04:37:30+00:00,50,4,5,6,7,10,11,12,16,19,,,,,,,,,,,,
2344832,56526,Russia,4553704741,1775449350000,2026-04-06T04:22:30+00:00,50,1,2,3,4,7,12,17,18,20,,,,,,,,,,,,
2344819,56526,Russia,4553704663,1775448450000,2026-04-06T04:07:30+00:00,50,1,3,7,8,13,14,15,16,20,,,,,,,,,,,,
2344775,56526,Russia,4553704591,1775447550000,2026-04-06T03:52:30+00:00,50,2,2,3,7,10,12,15,17,19,,,,,,,,,,,,
2344767,56526,Russia,4553704513,1775446650000,2026-04-06T03:37:30+00:00,50,3,3,4,5,7,12,15,16,18,,,,,,,,,,,,
2344741,56526,Russia,4553704438,1775445750000,2026-04-06T03:22:30+00:00,50,2,1,2,4,6,10,14,15,17,,,,,,,,,,,,
2344725,56526,Russia,4553704360,1775444850000,2026-04-06T03:07:30+00:00,50,2,1,6,7,11,13,14,17,18,,,,,,,,,,,,
2344704,56526,Russia,4553704288,1775443950000,2026-04-06T02:52:30+00:00,50,4,1,2,6,10,11,12,15,20,,,,,,,,,,,,
2344680,56526,Russia,4553704210,1775443050000,2026-04-06T02:37:30+00:00,50,3,8,12,13,14,15,16,17,20,,,,,,,,,,,,
2344659,56526,Russia,4553704135,1775442150000,2026-04-06T02:22:30+00:00,50,1,2,5,6,8,9,10,12,14,,,,,,,,,,,,
2344636,56526,Russia,4553704057,1775441250000,2026-04-06T02:07:30+00:00,50,1,1,2,4,6,10,11,12,20,,,,,,,,,,,,
2344607,56526,Russia,4553703985,1775440350000,2026-04-06T01:52:30+00:00,50,2,5,8,9,11,13,14,18,20,,,,,,,,,,,,
2344585,56526,Russia,4553703907,1775439450000,2026-04-06T01:37:30+00:00,50,4,1,5,9,11,14,15,18,20,,,,,,,,,,,,
2344564,56526,Russia,4553703832,1775438550000,2026-04-06T01:22:30+00:00,50,1,1,4,6,7,9,11,14,15,,,,,,,,,,,,
2344558,56526,Russia,4553703754,1775437650000,2026-04-06T01:07:30+00:00,50,1,3,7,8,9,10,14,16,18,,,,,,,,,,,,
2344531,56526,Russia,4553703682,1775436750000,2026-04-06T00:52:30+00:00,50,4,2,4,5,9,12,15,16,17,,,,,,,,,,,,
2344511,56526,Russia,4553703604,1775435850000,2026-04-06T00:37:30+00:00,50,4,1,4,5,8,9,10,11,18,,,,,,,,,,,,
2344494,56526,Russia,4553703529,1775434950000,2026-04-06T00:22:30+00:00,50,2,1,4,7,9,11,12,15,18,,,,,,,,,,,,
2344465,56526,Russia,4553703451,1775434050000,2026-04-06T00:07:30+00:00,50,3,3,5,6,10,11,14,15,20,,,,,,,,,,,,
2344450,56526,Russia,4551404986,1775433150000,2026-04-05T23:52:30+00:00,50,1,1,5,7,11,12,15,16,19,,,,,,,,,,,,
2344436,56526,Russia,4551404908,1775432250000,2026-04-05T23:37:30+00:00,50,4,3,4,8,12,14,16,17,20,,,,,,,,,,,,
2344402,56526,Russia,4551404833,1775431350000,2026-04-05T23:22:30+00:00,50,1,4,5,6,7,11,14,17,20,,,,,,,,,,,,
2344389,56526,Russia,4551404755,1775430450000,2026-04-05T23:07:30+00:00,50,3,4,6,11,13,16,17,18,19,,,,,,,,,,,,
2344366,56526,Russia,4551404683,1775429550000,2026-04-05T22:52:30+00:00,50,2,3,6,8,11,13,14,17,20,,,,,,,,,,,,
2344327,56526,Russia,4551404605,1775428650000,2026-04-05T22:37:30+00:00,50,1,3,4,6,9,10,13,16,20,,,,,,,,,,,,
2344310,56526,Russia,4551404530,1775427750000,2026-04-05T22:22:30+00:00,50,2,2,6,8,10,15,17,18,20,,,,,,,,,,,,
2344289,56526,Russia,4551404461,1775426850000,2026-04-05T22:07:30+00:00,50,3,1,2,3,5,6,12,17,19,,,,,,,,,,,,
2344257,56526,Russia,4551404419,1775425950000,2026-04-05T21:52:30+00:00,50,3,2,3,5,7,10,11,14,16,,,,,,,,,,,,
2344229,56526,Russia,4551404395,1775425050000,2026-04-05T21:37:30+00:00,50,4,2,3,4,5,10,13,15,20,,,,,,,,,,,,
2344206,56526,Russia,4551404371,1775424150000,2026-04-05T21:22:30+00:00,50,2,2,5,7,9,10,13,16,20,,,,,,,,,,,,
2344156,56526,Russia,4551404350,1775423250000,2026-04-05T21:07:30+00:00,50,1,2,5,7,9,11,12,14,15,,,,,,,,,,,,
2344142,56526,Russia,4551403144,1775422350000,2026-04-05T20:52:30+00:00,50,1,3,4,6,7,14,16,17,18,,,,,,,,,,,,
2344113,56526,Russia,4551403039,1775421450000,2026-04-05T20:37:30+00:00,50,3,1,5,9,12,13,15,18,20,,,,,,,,,,,,
2341541,56526,Russia,4551402946,1775420550000,2026-04-05T20:22:30+00:00,60,,,,,,,,,,,,,,,,,,,,,
2344045,56526,Russia,4551402838,1775419650000,2026-04-05T20:07:30+00:00,50,3,1,6,8,10,11,14,17,18,,,,,,,,,,,,
2344027,56526,Russia,4551402724,1775418750000,2026-04-05T19:52:30+00:00,50,4,1,6,7,11,13,16,17,18,,,,,,,,,,,,
2343988,56526,Russia,4551402607,1775417850000,2026-04-05T19:37:30+00:00,50,3,1,2,4,6,9,13,17,19,,,,,,,,,,,,
2341540,56526,Russia,4551402496,1775416950000,2026-04-05T19:22:30+00:00,60,,,,,,,,,,,,,,,,,,,,,
2341539,56526,Russia,4551402385,1775416050000,2026-04-05T19:07:30+00:00,60,,,,,,,,,,,,,,,,,,,,,
2341538,56526,Russia,4551402265,1775415150000,2026-04-05T18:52:30+00:00,60,,,,,,,,,,,,,,,,,,,,,
2343835,56526,Russia,4551402151,1775414250000,2026-04-05T18:37:30+00:00,50,1,2,3,6,7,9,11,13,18,,,,,,,,,,,,
2343811,56526,Russia,4551402034,1775413350000,2026-04-05T18:22:30+00:00,50,3,1,2,3,7,9,12,16,19,,,,,,,,,,,,
2343789,56526,Russia,4551401923,1775412450000,2026-04-05T18:07:30+00:00,50,1,2,3,9,12,13,14,18,20,,,,,,,,,,,,
2343765,56526,Russia,4551401797,1775411550000,2026-04-05T17:52:30+00:00,50,3,2,5,6,11,13,14,15,16,,,,,,,,,,,,
2343732,56526,Russia,4551401683,1775410650000,2026-04-05T17:37:30+00:00,50,3,2,4,6,7,10,13,18,20,,,,,,,,,,,,
2343683,56526,Russia,4551401578,1775409750000,2026-04-05T17:22:30+00:00,50,4,2,6,10,11,14,16,17,18,,,,,,,,,,,,
2341537,56526,Russia,4551401461,1775408850000,2026-04-05T17:07:30+00:00,60,,,,,,,,,,,,,,,,,,,,,
2341536,56526,Russia,4551401335,1775407950000,2026-04-05T16:52:30+00:00,60,,,,,,,,,,,,,,,,,,,,,
2343596,56526,Russia,4551401215,1775407050000,2026-04-05T16:37:30+00:00,50,1,4,7,8,9,12,16,18,19,,,,,,,,,,,,
2343571,56526,Russia,4551401104,1775406150000,2026-04-05T16:22:30+00:00,50,3,3,4,5,6,8,12,17,18,,,,,,,,,,,,
2343541,56526,Russia,4551400993,1775405250000,2026-04-05T16:07:30+00:00,50,1,1,5,6,8,9,11,13,17,,,,,,,,,,,,
2343501,56526,Russia,4551400879,1775404350000,2026-04-05T15:52:30+00:00,50,4,1,5,8,9,14,16,17,20,,,,,,,,,,,,
2343481,56526,Russia,4551400759,1775403450000,2026-04-05T15:37:30+00:00,50,3,2,4,5,8,9,10,11,16,,,,,,,,,,,,
2341532,56526,Russia,4551400645,1775402550000,2026-04-05T15:22:30+00:00,60,,,,,,,,,,,,,,,,,,,,,
2341529,56526,Russia,4551400534,1775401650000,2026-04-05T15:07:30+00:00,60,,,,,,,,,,,,,,,,,,,,,
2341525,56526,Russia,4551400420,1775400750000,2026-04-05T14:52:30+00:00,60,,,,,,,,,,,,,,,,,,,,,
2343357,56526,Russia,4551400309,1775399850000,2026-04-05T14:37:30+00:00,50,1,3,9,11,12,13,14,16,19,,,,,,,,,,,,
2343328,56526,Russia,4551400204,1775398950000,2026-04-05T14:22:30+00:00,50,3,1,9,12,13,14,15,17,18,,,,,,,,,,,,
2343285,56526,Russia,4551400093,1775398050000,2026-04-05T14:07:30+00:00,50,2,4,5,10,13,14,15,16,20,,,,,,,,,,,,
2343261,56526,Russia,4551399982,1775397150000,2026-04-05T13:52:30+00:00,50,4,7,10,13,14,15,17,19,20,,,,,,,,,,,,
2343228,56526,Russia,4551399871,1775396250000,2026-04-05T13:37:30+00:00,50,2,2,4,9,10,14,16,18,20,,,,,,,,,,,,
2341523,56526,Russia,4551399769,1775395350000,2026-04-05T13:22:30+00:00,60,,,,,,,,,,,,,,,,,,,,,
2341522,56526,Russia,4551399652,1775394450000,2026-04-05T13:07:30+00:00,60,,,,,,,,,,,,,,,,,,,,,
2343134,56526,Russia,4551399532,1775393550000,2026-04-05T12:52:30+00:00,50,4,1,3,4,6,7,9,14,16,,,,,,,,,,,,
2343104,56526,Russia,4551399421,1775392650000,2026-04-05T12:37:30+00:00,50,2,1,3,4,7,8,12,13,18,,,,,,,,,,,,
2343075,56526,Russia,4551399313,1775391750000,2026-04-05T12:22:30+00:00,50,4,2,5,6,10,12,18,19,20,,,,,,,,,,,,
2343048,56526,Russia,4551399202,1775390850000,2026-04-05T12:07:30+00:00,50,1,3,4,6,8,12,13,15,19,,,,,,,,,,,,
2343008,56526,Russia,4551399085,1775389950000,2026-04-05T11:52:30+00:00,50,1,1,5,6,13,14,18,19,20,,,,,,,,,,,,
2342981,56526,Russia,4551398968,1775389050000,2026-04-05T11:37:30+00:00,50,1,4,7,10,13,15,17,19,20,,,,,,,,,,,,
2342952,56526,Russia,4551398863,1775388150000,2026-04-05T11:22:30+00:00,50,2,1,3,6,7,8,9,16,19,,,,,,,,,,,,
2342916,56526,Russia,4551398752,1775387250000,2026-04-05T11:07:30+00:00,50,2,2,3,8,10,12,13,15,20,,,,,,,,,,,,
2341521,56526,Russia,4551398641,1775386350000,2026-04-05T10:52:30+00:00,60,,,,,,,,,,,,,,,,,,,,,
2342867,56526,Russia,4551398521,1775385450000,2026-04-05T10:37:30+00:00,50,1,3,4,5,6,7,9,10,13,,,,,,,,,,,,
2341520,56526,Russia,4551398416,1775384550000,2026-04-05T10:22:30+00:00,60,,,,,,,,,,,,,,,,,,,,,
2341519,56526,Russia,4551398305,1775383650000,2026-04-05T10:07:30+00:00,60,,,,,,,,,,,,,,,,,,,,,
2341518,56526,Russia,4551398191,1775382750000,2026-04-05T09:52:30+00:00,60,,,,,,,,,,,,,,,,,,,,,
2342726,56526,Russia,4551398080,1775381850000,2026-04-05T09:37:30+00:00,50,1,2,4,10,12,13,15,16,17,,,,,,,,,,,,
2342700,56526,Russia,4551397975,1775380950000,2026-04-05T09:22:30+00:00,50,3,2,3,6,7,15,16,18,19,,,,,,,,,,,,
2341512,56526,Russia,4551397864,1775380050000,2026-04-05T09:07:30+00:00,60,,,,,,,,,,,,,,,,,,,,,
2342647,56526,Russia,4551397750,1775379150000,2026-04-05T08:52:30+00:00,50,2,1,3,7,10,11,14,17,20,,,,,,,,,,,,
2342619,56526,Russia,4551397639,1775378250000,2026-04-05T08:37:30+00:00,50,2,3,5,7,8,11,14,16,19,,,,,,,,,,,,
2342580,56526,Russia,4551397534,1775377350000,2026-04-05T08:22:30+00:00,50,1,2,3,8,9,14,16,17,20,,,,,,,,,,,,
2342553,56526,Russia,4551397423,1775376450000,2026-04-05T08:07:30+00:00,50,2,1,4,7,8,11,12,14,15,,,,,,,,,,,,
2342527,56526,Russia,4551397312,1775375550000,2026-04-05T07:52:30+00:00,50,1,1,7,9,11,12,15,17,20,,,,,,,,,,,,
2342489,56526,Russia,4551397201,1775374650000,2026-04-05T07:37:30+00:00,50,3,1,5,6,7,13,17,19,20,,,,,,,,,,,,
2341505,56526,Russia,4551397096,1775373750000,2026-04-05T07:22:30+00:00,60,,,,,,,,,,,,,,,,,,,,,
2341503,56526,Russia,4551396985,1775372850000,2026-04-05T07:07:30+00:00,60,,,,,,,,,,,,,,,,,,,,,
2341501,56526,Russia,4551396871,1775371950000,2026-04-05T06:52:30+00:00,60,,,,,,,,,,,,,,,,,,,,,
2342373,56526,Russia,4551396760,1775371050000,2026-04-05T06:37:30+00:00,50,1,2,6,7,9,13,14,16,18,,,,,,,,,,,,
2342343,56526,Russia,4551396658,1775370150000,2026-04-05T06:22:30+00:00,50,4,1,3,4,5,6,8,11,18,,,,,,,,,,,,
2342313,56526,Russia,4551396547,1775369250000,2026-04-05T06:07:30+00:00,50,1,3,6,8,9,11,12,14,17,,,,,,,,,,,,
2342290,56526,Russia,4551396445,1775368350000,2026-04-05T05:52:30+00:00,50,3,6,7,13,14,15,16,19,20,,,,,,,,,,,,
2342256,56526,Russia,4551396343,1775367450000,2026-04-05T05:37:30+00:00,50,2,2,4,5,9,13,16,19,20,,,,,,,,,,,,
2342226,56526,Russia,4551396250,1775366550000,2026-04-05T05:22:30+00:00,50,3,1,2,6,8,9,10,12,20,,,,,,,,,,,,
2342197,56526,Russia,4551396148,1775365650000,2026-04-05T05:07:30+00:00,50,4,5,11,13,14,15,16,19,20,,,,,,,,,,,,
2342178,56526,Russia,4551396058,1775364750000,2026-04-05T04:52:30+00:00,50,3,1,6,7,11,12,13,16,18,,,,,,,,,,,,
2342160,56526,Russia,4551395968,1775363850000,2026-04-05T04:37:30+00:00,50,4,2,3,4,7,9,10,11,20,,,,,,,,,,,,
2342130,56526,Russia,4551395890,1775362950000,2026-04-05T04:22:30+00:00,50,4,1,2,7,12,13,14,15,18,,,,,,,,,,,,
2342113,56526,Russia,4551395812,1775362050000,2026-04-05T04:07:30+00:00,50,3,5,6,10,11,13,15,17,18,,,,,,,,,,,,
2342089,56526,Russia,4551395740,1775361150000,2026-04-05T03:52:30+00:00,50,1,3,5,11,12,13,16,17,19,,,,,,,,,,,,
2342061,56526,Russia,4551395662,1775360250000,2026-04-05T03:37:30+00:00,50,3,2,3,5,6,9,15,17,19,,,,,,,,,,,,
2342034,56526,Russia,4551395587,1775359350000,2026-04-05T03:22:30+00:00,50,1,6,7,9,10,12,13,16,20,,,,,,,,,,,,
2342012,56526,Russia,4551395509,1775358450000,2026-04-05T03:07:30+00:00,50,3,3,6,9,10,13,14,18,19,,,,,,,,,,,,
2341986,56526,Russia,4551395437,1775357550000,2026-04-05T02:52:30+00:00,50,4,2,3,5,6,10,12,13,16,,,,,,,,,,,,
2341963,56526,Russia,4551395359,1775356650000,2026-04-05T02:37:30+00:00,50,4,1,4,7,8,9,11,13,16,,,,,,,,,,,,
2341937,56526,Russia,4551395284,1775355750000,2026-04-05T02:22:30+00:00,50,3,2,6,7,9,10,12,14,20,,,,,,,,,,,,
2341919,56526,Russia,4551395206,1775354850000,2026-04-05T02:07:30+00:00,50,4,1,2,3,5,12,13,14,16,,,,,,,,,,,,
2341894,56526,Russia,4551395134,1775353950000,2026-04-05T01:52:30+00:00,50,4,4,6,7,9,13,16,18,19,,,,,,,,,,,,
2341873,56526,Russia,4551395056,1775353050000,2026-04-05T01:37:30+00:00,50,4,3,7,9,12,14,15,16,19,,,,,,,,,,,,
2341856,56526,Russia,4551394981,1775352150000,2026-04-05T01:22:30+00:00,50,3,2,5,11,15,16,17,18,19,,,,,,,,,,,,
2341836,56526,Russia,4551394903,1775351250000,2026-04-05T01:07:30+00:00,50,2,5,9,12,14,15,16,18,19,,,,,,,,,,,,
2341809,56526,Russia,4551394831,1775350350000,2026-04-05T00:52:30+00:00,50,3,1,4,6,7,9,11,12,13,,,,,,,,,,,,
2341788,56526,Russia,4551394753,1775349450000,2026-04-05T00:37:30+00:00,50,4,1,3,4,6,9,10,12,15,,,,,,,,,,,,
2341769,56526,Russia,4551394678,1775348550000,2026-04-05T00:22:30+00:00,50,2,4,7,9,12,13,15,17,20,,,,,,,,,,,,
2341748,56526,Russia,4551394600,1775347650000,2026-04-05T00:07:30+00:00,50,3,7,8,9,10,11,12,14,20,,,,,,,,,,,,
2341722,56526,Russia,4549596409,1775346750000,2026-04-04T23:52:30+00:00,50,4,3,5,11,12,13,14,16,19,,,,,,,,,,,,
2341688,56526,Russia,4549596331,1775345850000,2026-04-04T23:37:30+00:00,50,2,2,3,5,7,8,14,16,20,,,,,,,,,,,,
2341683,56526,Russia,4549596256,1775344950000,2026-04-04T23:22:30+00:00,50,3,3,7,9,11,12,14,16,20,,,,,,,,,,,,
2341660,56526,Russia,4549596178,1775344050000,2026-04-04T23:07:30+00:00,50,2,2,6,9,10,15,17,18,19,,,,,,,,,,,,
2341636,56526,Russia,4549596106,1775343150000,2026-04-04T22:52:30+00:00,50,1,1,5,6,8,9,13,15,19,,,,,,,,,,,,
2341611,56526,Russia,4549596028,1775342250000,2026-04-04T22:37:30+00:00,50,1,1,3,4,7,12,13,14,20,,,,,,,,,,,,
2341590,56526,Russia,4549595953,1775341350000,2026-04-04T22:22:30+00:00,50,4,5,6,7,11,12,14,17,19,,,,,,,,,,,,
2341571,56526,Russia,4549595884,1775340450000,2026-04-04T22:07:30+00:00,50,3,4,6,9,10,11,13,17,19,,,,,,,,,,,,
2341558,56526,Russia,4549595842,1775339550000,2026-04-04T21:52:30+00:00,50,1,1,5,10,12,13,15,17,18,,,,,,,,,,,,
2341493,56526,Russia,4549595818,1775338650000,2026-04-04T21:37:30+00:00,50,2,1,2,4,5,7,9,10,14,,,,,,,,,,,,
2341471,56526,Russia,4549595794,1775337750000,2026-04-04T21:22:30+00:00,50,2,3,4,6,7,10,15,17,20,,,,,,,,,,,,
2341442,56526,Russia,4549595773,1775336850000,2026-04-04T21:07:30+00:00,50,3,1,6,11,13,14,16,18,19,,,,,,,,,,,,
2341413,56526,Russia,4549594552,1775335950000,2026-04-04T20:52:30+00:00,50,3,1,5,11,13,14,18,19,20,,,,,,,,,,,,
2341382,56526,Russia,4549594447,1775335050000,2026-04-04T20:37:30+00:00,50,3,1,4,5,7,10,12,16,18,,,,,,,,,,,,
2338824,56526,Russia,4549594354,1775334150000,2026-04-04T20:22:30+00:00,60,,,,,,,,,,,,,,,,,,,,,
2341307,56526,Russia,4549594246,1775333250000,2026-04-04T20:07:30+00:00,50,3,3,4,5,6,7,11,12,18,,,,,,,,,,,,
2341270,56526,Russia,4549594135,1775332350000,2026-04-04T19:52:30+00:00,50,1,1,4,5,11,13,15,18,19,,,,,,,,,,,,
2341248,56526,Russia,4549594009,1775331450000,2026-04-04T19:37:30+00:00,50,4,3,4,8,9,11,14,15,20,,,,,,,,,,,,
2338823,56526,Russia,4549593901,1775330550000,2026-04-04T19:22:30+00:00,60,,,,,,,,,,,,,,,,,,,,,
2338822,56526,Russia,4549593784,1775329650000,2026-04-04T19:07:30+00:00,60,,,,,,,,,,,,,,,,,,,,,
2338821,56526,Russia,4549593655,1775328750000,2026-04-04T18:52:30+00:00,60,,,,,,,,,,,,,,,,,,,,,
2341113,56526,Russia,4549593532,1775327850000,2026-04-04T18:37:30+00:00,50,3,3,6,8,14,15,17,18,20,,,,,,,,,,,,
2341077,56526,Russia,4549593409,1775326950000,2026-04-04T18:22:30+00:00,50,3,1,2,3,9,13,14,15,19,,,,,,,,,,,,
2341055,56526,Russia,4549593292,1775326050000,2026-04-04T18:07:30+00:00,50,2,3,4,9,11,14,15,17,19,,,,,,,,,,,,
2341013,56526,Russia,4549593157,1775325150000,2026-04-04T17:52:30+00:00,50,3,3,9,10,11,12,13,18,19,,,,,,,,,,,,
2340984,56526,Russia,4549593043,1775324250000,2026-04-04T17:37:30+00:00,50,1,1,2,3,7,10,11,15,19,,,,,,,,,,,,
2340943,56526,Russia,4549592932,1775323350000,2026-04-04T17:22:30+00:00,50,4,1,7,9,11,15,16,17,19,,,,,,,,,,,,
2338820,56526,Russia,4549592818,1775322450000,2026-04-04T17:07:30+00:00,60,,,,,,,,,,,,,,,,,,,,,
2338819,56526,Russia,4549592686,1775321550000,2026-04-04T16:52:30+00:00,60,,,,,,,,,,,,,,,,,,,,,
2340847,56526,Russia,4549592566,1775320650000,2026-04-04T16:37:30+00:00,50,1,1,2,8,10,13,14,15,20,,,,,,,,,,,,
2340822,56526,Russia,4549592455,1775319750000,2026-04-04T16:22:30+00:00,50,2,7,9,10,11,12,16,17,20,,,,,,,,,,,,
2340791,56526,Russia,4549592338,1775318850000,2026-04-04T16:07:30+00:00,50,2,2,4,8,11,15,16,17,19,,,,,,,,,,,,
2340762,56526,Russia,4549592221,1775317950000,2026-04-04T15:52:30+00:00,50,2,3,4,6,7,10,13,16,20,,,,,,,,,,,,
2340714,56526,Russia,4549592098,1775317050000,2026-04-04T15:37:30+00:00,50,2,2,6,10,14,16,17,18,19,,,,,,,,,,,,
2338818,56526,Russia,4549591990,1775316150000,2026-04-04T15:22:30+00:00,60,,,,,,,,,,,,,,,,,,,,,
2338817,56526,Russia,4549591879,1775315250000,2026-04-04T15:07:30+00:00,60,,,,,,,,,,,,,,,,,,,,,
2338816,56526,Russia,4549591756,1775314350000,2026-04-04T14:52:30+00:00,60,,,,,,,,,,,,,,,,,,,,,
2340591,56526,Russia,4549591645,1775313450000,2026-04-04T14:37:30+00:00,50,1,1,6,9,12,14,16,18,20,,,,,,,,,,,,
2340563,56526,Russia,4549591540,1775312550000,2026-04-04T14:22:30+00:00,50,3,4,11,13,14,16,17,19,20,,,,,,,,,,,,
2340530,56526,Russia,4549591429,1775311650000,2026-04-04T14:07:30+00:00,50,2,2,5,7,10,11,14,15,17,,,,,,,,,,,,
2340502,56526,Russia,4549591318,1775310750000,2026-04-04T13:52:30+00:00,50,2,1,7,8,9,13,14,15,18,,,,,,,,,,,,
2340474,56526,Russia,4549591207,1775309850000,2026-04-04T13:37:30+00:00,50,2,1,2,4,8,10,12,17,18,,,,,,,,,,,,
2338815,56526,Russia,4549591105,1775308950000,2026-04-04T13:22:30+00:00,60,,,,,,,,,,,,,,,,,,,,,
2338814,56526,Russia,4549590988,1775308050000,2026-04-04T13:07:30+00:00,60,,,,,,,,,,,,,,,,,,,,,
2340368,56526,Russia,4549590868,1775307150000,2026-04-04T12:52:30+00:00,50,2,3,5,6,10,12,13,15,19,,,,,,,,,,,,
2340343,56526,Russia,4549590757,1775306250000,2026-04-04T12:37:30+00:00,50,4,1,4,6,9,16,17,19,20,,,,,,,,,,,,
2340316,56526,Russia,4549590649,1775305350000,2026-04-04T12:22:30+00:00,50,4,2,6,8,9,10,12,14,19,,,,,,,,,,,,
2340288,56526,Russia,4549590538,1775304450000,2026-04-04T12:07:30+00:00,50,3,4,9,10,11,13,16,18,20,,,,,,,,,,,,
2340257,56526,Russia,4549590421,1775303550000,2026-04-04T11:52:30+00:00,50,1,1,3,5,10,13,16,19,20,,,,,,,,,,,,
2340226,56526,Russia,4549590304,1775302650000,2026-04-04T11:37:30+00:00,50,2,4,7,9,13,17,18,19,20,,,,,,,,,,,,
2340193,56526,Russia,4549590196,1775301750000,2026-04-04T11:22:30+00:00,50,3,3,7,9,12,16,17,19,20,,,,,,,,,,,,
2340162,56526,Russia,4549590085,1775300850000,2026-04-04T11:07:30+00:00,50,3,4,5,10,13,14,16,19,20,,,,,,,,,,,,
2338813,56526,Russia,4549589974,1775299950000,2026-04-04T10:52:30+00:00,60,,,,,,,,,,,,,,,,,,,,,
2340096,56526,Russia,4549589854,1775299050000,2026-04-04T10:37:30+00:00,50,2,2,3,6,8,9,11,12,16,,,,,,,,,,,,
2338812,56526,Russia,4549589749,1775298150000,2026-04-04T10:22:30+00:00,60,,,,,,,,,,,,,,,,,,,,,
2338811,56526,Russia,4549589638,1775297250000,2026-04-04T10:07:30+00:00,60,,,,,,,,,,,,,,,,,,,,,
2338810,56526,Russia,4549589524,1775296350000,2026-04-04T09:52:30+00:00,60,,,,,,,,,,,,,,,,,,,,,
2339980,56526,Russia,4549589413,1775295450000,2026-04-04T09:37:30+00:00,50,1,1,5,10,11,12,17,18,19,,,,,,,,,,,,
2339950,56526,Russia,4549589305,1775294550000,2026-04-04T09:22:30+00:00,50,4,1,2,7,8,13,15,17,20,,,,,,,,,,,,
2338809,56526,Russia,4549589194,1775293650000,2026-04-04T09:07:30+00:00,60,,,,,,,,,,,,,,,,,,,,,
2339884,56526,Russia,4549589080,1775292750000,2026-04-04T08:52:30+00:00,50,3,1,2,7,9,10,12,14,16,,,,,,,,,,,,
2339857,56526,Russia,4549588969,1775291850000,2026-04-04T08:37:30+00:00,50,2,4,5,7,9,10,13,16,17,,,,,,,,,,,,
2339827,56526,Russia,4549588864,1775290950000,2026-04-04T08:22:30+00:00,50,3,3,4,6,7,10,11,13,17,,,,,,,,,,,,
2339796,56526,Russia,4549588753,1775290050000,2026-04-04T08:07:30+00:00,50,2,1,3,5,7,10,12,16,18,,,,,,,,,,,,
2339757,56526,Russia,4549588642,1775289150000,2026-04-04T07:52:30+00:00,50,4,1,4,7,9,12,14,16,17,,,,,,,,,,,,
2339733,56526,Russia,4549588531,1775288250000,2026-04-04T07:37:30+00:00,50,3,4,9,11,12,14,15,19,20,,,,,,,,,,,,
2338808,56526,Russia,4549588426,1775287350000,2026-04-04T07:22:30+00:00,60,,,,,,,,,,,,,,,,,,,,,
2338807,56526,Russia,4549588315,1775286450000,2026-04-04T07:07:30+00:00,60,,,,,,,,,,,,,,,,,,,,,
2338806,56526,Russia,4549588201,1775285550000,2026-04-04T06:52:30+00:00,60,,,,,,,,,,,,,,,,,,,,,
2339614,56526,Russia,4549588090,1775284650000,2026-04-04T06:37:30+00:00,50,2,6,7,8,12,15,16,17,19,,,,,,,,,,,,
2339579,56526,Russia,4549587985,1775283750000,2026-04-04T06:22:30+00:00,50,1,3,4,5,6,9,14,15,18,,,,,,,,,,,,
2339547,56526,Russia,4549587874,1775282850000,2026-04-04T06:07:30+00:00,50,3,1,2,3,4,6,7,14,19,,,,,,,,,,,,
2339519,56526,Russia,4549587772,1775281950000,2026-04-04T05:52:30+00:00,50,2,7,9,10,14,15,16,17,18,,,,,,,,,,,,
2339503,56526,Russia,4549587670,1775281050000,2026-04-04T05:37:30+00:00,50,4,2,4,5,9,11,13,15,19,,,,,,,,,,,,
2339472,56526,Russia,4549587577,1775280150000,2026-04-04T05:22:30+00:00,50,3,4,6,7,10,12,16,19,20,,,,,,,,,,,,
2339438,56526,Russia,4549587475,1775279250000,2026-04-04T05:07:30+00:00,50,4,1,4,8,9,12,13,14,20,,,,,,,,,,,,
2339415,56526,Russia,4549587385,1775278350000,2026-04-04T04:52:30+00:00,50,2,4,5,7,13,14,15,19,20,,,,,,,,,,,,
2339392,56526,Russia,4549587295,1775277450000,2026-04-04T04:37:30+00:00,50,1,3,6,8,12,13,14,15,20,,,,,,,,,,,,
2339373,56526,Russia,4549587217,1775276550000,2026-04-04T04:22:30+00:00,50,1,2,3,4,5,7,8,16,17,,,,,,,,,,,,
2339354,56526,Russia,4549587139,1775275650000,2026-04-04T04:07:30+00:00,50,2,1,2,3,7,10,11,14,18,,,,,,,,,,,,
2339332,56526,Russia,4549587067,1775274750000,2026-04-04T03:52:30+00:00,50,1,1,4,8,9,11,13,15,20,,,,,,,,,,,,
2339313,56526,Russia,4549586989,1775273850000,2026-04-04T03:37:30+00:00,50,4,2,5,9,11,13,15,16,20,,,,,,,,,,,,
2339284,56526,Russia,4549586914,1775272950000,2026-04-04T03:22:30+00:00,50,3,2,3,6,7,12,13,17,19,,,,,,,,,,,,
2339258,56526,Russia,4549586836,1775272050000,2026-04-04T03:07:30+00:00,50,1,3,4,8,9,14,15,16,20,,,,,,,,,,,,
2339237,56526,Russia,4549586764,1775271150000,2026-04-04T02:52:30+00:00,50,4,2,8,9,12,13,15,16,18,,,,,,,,,,,,
2339222,56526,Russia,4549586686,1775270250000,2026-04-04T02:37:30+00:00,50,3,1,2,3,6,9,10,17,20,,,,,,,,,,,,
2339190,56526,Russia,4549586611,1775269350000,2026-04-04T02:22:30+00:00,50,1,2,5,8,12,15,16,18,20,,,,,,,,,,,,
2339177,56526,Russia,4549586533,1775268450000,2026-04-04T02:07:30+00:00,50,2,3,6,10,12,13,14,17,18,,,,,,,,,,,,
2339147,56526,Russia,4549586461,1775267550000,2026-04-04T01:52:30+00:00,50,3,2,9,11,12,13,14,16,19,,,,,,,,,,,,
2339129,56526,Russia,4549586383,1775266650000,2026-04-04T01:37:30+00:00,50,3,2,7,12,14,15,16,17,18,,,,,,,,,,,,
2339108,56526,Russia,4549586308,1775265750000,2026-04-04T01:22:30+00:00,50,4,1,2,9,10,12,15,18,19,,,,,,,,,,,,
2339091,56526,Russia,4549586230,1775264850000,2026-04-04T01:07:30+00:00,50,4,2,3,5,8,10,11,16,18,,,,,,,,,,,,
2339070,56526,Russia,4549586158,1775263950000,2026-04-04T00:52:30+00:00,50,1,3,5,11,13,15,16,17,20,,,,,,,,,,,,
2339052,56526,Russia,4549586080,1775263050000,2026-04-04T00:37:30+00:00,50,2,3,4,8,9,10,12,14,16,,,,,,,,,,,,
2339031,56526,Russia,4549586005,1775262150000,2026-04-04T00:22:30+00:00,50,4,7,9,10,11,13,14,15,17,,,,,,,,,,,,
2338999,56526,Russia,4549585927,1775261250000,2026-04-04T00:07:30+00:00,50,3,1,3,7,10,12,14,15,19,,,,,,,,,,,,
2338990,56526,Russia,4547579314,1775260350000,2026-04-03T23:52:30+00:00,50,2,1,5,6,14,17,18,19,20,,,,,,,,,,,,
2338977,56526,Russia,4547579236,1775259450000,2026-04-03T23:37:30+00:00,50,2,1,2,4,5,7,12,14,19,,,,,,,,,,,,
2338944,56526,Russia,4547579161,1775258550000,2026-04-03T23:22:30+00:00,50,2,1,3,6,7,10,11,13,17,,,,,,,,,,,,
2338923,56526,Russia,4547579083,1775257650000,2026-04-03T23:07:30+00:00,50,2,2,5,6,10,11,12,14,16,,,,,,,,,,,,
2338898,56526,Russia,4547579011,1775256750000,2026-04-03T22:52:30+00:00,50,3,1,3,9,10,11,17,18,19,,,,,,,,,,,,
2338876,56526,Russia,4547578933,1775255850000,2026-04-03T22:37:30+00:00,50,1,1,3,7,8,11,15,17,19,,,,,,,,,,,,
2338858,56526,Russia,4547578858,1775254950000,2026-04-03T22:22:30+00:00,50,1,2,4,7,8,16,17,19,20,,,,,,,,,,,,
2338839,56526,Russia,4547578789,1775254050000,2026-04-03T22:07:30+00:00,50,1,1,2,4,7,12,13,17,19,,,,,,,,,,,,
2338804,56526,Russia,4547578747,1775253150000,2026-04-03T21:52:30+00:00,50,1,3,5,9,12,15,16,18,20,,,,,,,,,,,,
2338784,56526,Russia,4547578723,1775252250000,2026-04-03T21:37:30+00:00,50,4,3,4,10,12,14,15,17,20,,,,,,,,,,,,
2338754,56526,Russia,4547578699,1775251350000,2026-04-03T21:22:30+00:00,50,3,3,4,8,10,15,16,18,20,,,,,,,,,,,,
2338736,56526,Russia,4547578678,1775250450000,2026-04-03T21:07:30+00:00,50,1,1,5,6,8,9,10,11,18,,,,,,,,,,,,
2338712,56526,Russia,4547577457,1775249550000,2026-04-03T20:52:30+00:00,50,3,1,2,4,6,7,8,10,14,,,,,,,,,,,,
2338666,56526,Russia,4547577352,1775248650000,2026-04-03T20:37:30+00:00,50,1,1,5,6,7,8,13,15,19,,,,,,,,,,,,
2336318,56526,Russia,4547577259,1775247750000,2026-04-03T20:22:30+00:00,60,,,,,,,,,,,,,,,,,,,,,
2338637,56526,Russia,4547577151,1775246850000,2026-04-03T20:07:30+00:00,50,3,5,6,7,12,13,14,16,18,,,,,,,,,,,,
2338596,56526,Russia,4547577040,1775245950000,2026-04-03T19:52:30+00:00,50,4,2,6,7,15,16,17,18,20,,,,,,,,,,,,
2338591,56526,Russia,4547576923,1775245050000,2026-04-03T19:37:30+00:00,50,1,2,7,9,11,13,15,19,20,,,,,,,,,,,,
2336314,56526,Russia,4547576815,1775244150000,2026-04-03T19:22:30+00:00,60,,,,,,,,,,,,,,,,,,,,,
2336313,56526,Russia,4547576704,1775243250000,2026-04-03T19:07:30+00:00,60,,,,,,,,,,,,,,,,,,,,,
2336310,56526,Russia,4547576581,1775242350000,2026-04-03T18:52:30+00:00,60,,,,,,,,,,,,,,,,,,,,,
2338471,56526,Russia,4547576461,1775241450000,2026-04-03T18:37:30+00:00,50,2,5,8,10,11,17,18,19,20,,,,,,,,,,,,
2338462,56526,Russia,4547576341,1775240550000,2026-04-03T18:22:30+00:00,50,4,3,4,6,8,10,11,17,20,,,,,,,,,,,,
2338438,56526,Russia,4547576230,1775239650000,2026-04-03T18:07:30+00:00,50,3,3,7,10,12,15,16,17,20,,,,,,,,,,,,
2338416,56526,Russia,4547576095,1775238750000,2026-04-03T17:52:30+00:00,50,1,2,6,7,8,10,16,17,19,,,,,,,,,,,,
2338391,56526,Russia,4547575981,1775237850000,2026-04-03T17:37:30+00:00,50,1,1,7,8,11,13,14,16,20,,,,,,,,,,,,
2338365,56526,Russia,4547575873,1775236950000,2026-04-03T17:22:30+00:00,50,1,1,2,4,5,6,9,19,20,,,,,,,,,,,,
2336309,56526,Russia,4547575759,1775236050000,2026-04-03T17:07:30+00:00,60,,,,,,,,,,,,,,,,,,,,,
2336308,56526,Russia,4547575630,1775235150000,2026-04-03T16:52:30+00:00,60,,,,,,,,,,,,,,,,,,,,,
2338280,56526,Russia,4547575510,1775234250000,2026-04-03T16:37:30+00:00,50,3,2,4,9,10,15,16,17,18,,,,,,,,,,,,
2338252,56526,Russia,4547575399,1775233350000,2026-04-03T16:22:30+00:00,50,1,1,5,8,9,13,15,16,20,,,,,,,,,,,,
2338236,56526,Russia,4547575288,1775232450000,2026-04-03T16:07:30+00:00,50,2,5,8,12,16,17,18,19,20,,,,,,,,,,,,
2338212,56526,Russia,4547575174,1775231550000,2026-04-03T15:52:30+00:00,50,3,3,4,5,6,8,11,13,14,,,,,,,,,,,,
2338188,56526,Russia,4547575045,1775230650000,2026-04-03T15:37:30+00:00,50,1,2,6,7,8,12,15,18,19,,,,,,,,,,,,
2336307,56526,Russia,4547574937,1775229750000,2026-04-03T15:22:30+00:00,60,,,,,,,,,,,,,,,,,,,,,
2336306,56526,Russia,4547574826,1775228850000,2026-04-03T15:07:30+00:00,60,,,,,,,,,,,,,,,,,,,,,
2336305,56526,Russia,4547574709,1775227950000,2026-04-03T14:52:30+00:00,60,,,,,,,,,,,,,,,,,,,,,
2338098,56526,Russia,4547574598,1775227050000,2026-04-03T14:37:30+00:00,50,2,5,8,10,11,12,14,17,19,,,,,,,,,,,,
2338074,56526,Russia,4547574490,1775226150000,2026-04-03T14:22:30+00:00,50,1,2,4,10,11,13,15,16,19,,,,,,,,,,,,
2338053,56526,Russia,4547574379,1775225250000,2026-04-03T14:07:30+00:00,50,4,2,6,8,9,14,15,16,19,,,,,,,,,,,,
2338025,56526,Russia,4547574268,1775224350000,2026-04-03T13:52:30+00:00,50,1,5,6,7,9,11,15,17,20,,,,,,,,,,,,
2338008,56526,Russia,4547574157,1775223450000,2026-04-03T13:37:30+00:00,50,4,3,5,7,10,15,16,19,20,,,,,,,,,,,,
2336304,56526,Russia,4547574055,1775222550000,2026-04-03T13:22:30+00:00,60,,,,,,,,,,,,,,,,,,,,,
2336303,56526,Russia,4547573938,1775221650000,2026-04-03T13:07:30+00:00,60,,,,,,,,,,,,,,,,,,,,,
2337936,56526,Russia,4547573818,1775220750000,2026-04-03T12:52:30+00:00,50,4,3,4,7,8,15,18,19,20,,,,,,,,,,,,
2337910,56526,Russia,4547573707,1775219850000,2026-04-03T12:37:30+00:00,50,3,2,3,4,7,9,11,15,19,,,,,,,,,,,,
2337881,56526,Russia,4547573599,1775218950000,2026-04-03T12:22:30+00:00,50,4,4,5,6,8,9,15,16,17,,,,,,,,,,,,
2337857,56526,Russia,4547573488,1775218050000,2026-04-03T12:07:30+00:00,50,2,2,6,10,13,15,16,17,19,,,,,,,,,,,,
2337833,56526,Russia,4547573371,1775217150000,2026-04-03T11:52:30+00:00,50,1,2,3,4,6,7,8,13,15,,,,,,,,,,,,
2337823,56526,Russia,4547573254,1775216250000,2026-04-03T11:37:30+00:00,50,4,5,7,10,11,14,15,18,20,,,,,,,,,,,,
2337789,56526,Russia,4547573149,1775215350000,2026-04-03T11:22:30+00:00,50,1,2,4,5,11,14,15,16,17,,,,,,,,,,,,
2337766,56526,Russia,4547573038,1775214450000,2026-04-03T11:07:30+00:00,50,4,6,7,8,15,16,17,19,20,,,,,,,,,,,,
2336302,56526,Russia,4547572927,1775213550000,2026-04-03T10:52:30+00:00,60,,,,,,,,,,,,,,,,,,,,,
2337718,56526,Russia,4547572807,1775212650000,2026-04-03T10:37:30+00:00,50,1,2,3,4,9,12,14,16,20,,,,,,,,,,,,
2336301,56526,Russia,4547572702,1775211750000,2026-04-03T10:22:30+00:00,60,,,,,,,,,,,,,,,,,,,,,
2336300,56526,Russia,4547572591,1775210850000,2026-04-03T10:07:30+00:00,60,,,,,,,,,,,,,,,,,,,,,
2336299,56526,Russia,4547572477,1775209950000,2026-04-03T09:52:30+00:00,60,,,,,,,,,,,,,,,,,,,,,
2337627,56526,Russia,4547572363,1775209050000,2026-04-03T09:37:30+00:00,50,4,2,6,12,13,14,17,18,19,,,,,,,,,,,,
2337611,56526,Russia,4547572258,1775208150000,2026-04-03T09:22:30+00:00,50,3,2,4,11,12,13,17,19,20,,,,,,,,,,,,
2336298,56526,Russia,4547572147,1775207250000,2026-04-03T09:07:30+00:00,60,,,,,,,,,,,,,,,,,,,,,
2337560,56526,Russia,4547572033,1775206350000,2026-04-03T08:52:30+00:00,50,3,1,3,7,9,11,15,18,20,,,,,,,,,,,,
2337526,56526,Russia,4547571922,1775205450000,2026-04-03T08:37:30+00:00,50,1,4,9,11,12,13,14,18,19,,,,,,,,,,,,
2337512,56526,Russia,4547571814,1775204550000,2026-04-03T08:22:30+00:00,50,4,6,7,9,12,15,17,19,20,,,,,,,,,,,,
2337485,56526,Russia,4547571703,1775203650000,2026-04-03T08:07:30+00:00,50,2,2,3,4,5,6,8,15,19,,,,,,,,,,,,
2337460,56526,Russia,4547571592,1775202750000,2026-04-03T07:52:30+00:00,50,2,1,5,8,13,16,17,18,20,,,,,,,,,,,,
2337447,56526,Russia,4547571481,1775201850000,2026-04-03T07:37:30+00:00,50,4,3,5,8,14,15,18,19,20,,,,,,,,,,,,
2336297,56526,Russia,4547571376,1775200950000,2026-04-03T07:22:30+00:00,60,,,,,,,,,,,,,,,,,,,,,
2336296,56526,Russia,4547571265,1775200050000,2026-04-03T07:07:30+00:00,60,,,,,,,,,,,,,,,,,,,,,
2336295,56526,Russia,4547571151,1775199150000,2026-04-03T06:52:30+00:00,60,,,,,,,,,,,,,,,,,,,,,
2337271,56526,Russia,4547571040,1775198250000,2026-04-03T06:37:30+00:00,50,3,5,7,8,9,10,11,12,15,,,,,,,,,,,,
2337267,56526,Russia,4547570938,1775197350000,2026-04-03T06:22:30+00:00,50,2,1,6,7,8,14,16,17,20,,,,,,,,,,,,
2337244,56526,Russia,4547570827,1775196450000,2026-04-03T06:07:30+00:00,50,4,4,7,9,10,14,15,19,20,,,,,,,,,,,,
2337216,56526,Russia,4547570725,1775195550000,2026-04-03T05:52:30+00:00,50,3,2,5,10,14,16,17,19,20,,,,,,,,,,,,
2337195,56526,Russia,4547570623,1775194650000,2026-04-03T05:37:30+00:00,50,2,1,3,9,11,14,16,17,19,,,,,,,,,,,,
2337118,56526,Russia,4547570530,1775193750000,2026-04-03T05:22:30+00:00,50,4,2,5,7,14,15,16,18,20,,,,,,,,,,,,
2337068,56526,Russia,4547570428,1775192850000,2026-04-03T05:07:30+00:00,50,3,4,6,11,12,14,15,17,19,,,,,,,,,,,,
2337058,56526,Russia,4547570338,1775191950000,2026-04-03T04:52:30+00:00,50,1,1,2,3,4,11,13,14,16,,,,,,,,,,,,
2337050,56526,Russia,4547570248,1775191050000,2026-04-03T04:37:30+00:00,50,2,5,6,8,11,13,14,17,18,,,,,,,,,,,,
2336367,56526,Russia,4547570170,1775190150000,2026-04-03T04:22:30+00:00,50,4,2,3,6,7,11,14,16,20,,,,,,,,,,,,
2336360,56526,Russia,4547570092,1775189250000,2026-04-03T04:07:30+00:00,50,2,1,7,10,12,14,15,19,20,,,,,,,,,,,,
2336344,56526,Russia,4547570020,1775188350000,2026-04-03T03:52:30+00:00,50,2,1,3,6,10,15,16,18,20,,,,,,,,,,,,
2336335,56526,Russia,4547569942,1775187450000,2026-04-03T03:37:30+00:00,50,3,2,5,10,11,13,14,18,20,,,,,,,,,,,,
2336284,56526,Russia,4547569867,1775186550000,2026-04-03T03:22:30+00:00,50,3,5,6,9,10,12,15,17,18,,,,,,,,,,,,
2336269,56526,Russia,4547569789,1775185650000,2026-04-03T03:07:30+00:00,50,1,3,8,9,10,13,14,18,20,,,,,,,,,,,,
2336255,56526,Russia,4547569717,1775184750000,2026-04-03T02:52:30+00:00,50,1,4,5,6,11,13,14,16,17,,,,,,,,,,,,
2336244,56526,Russia,4547569639,1775183850000,2026-04-03T02:37:30+00:00,50,4,3,4,5,7,9,14,15,18,,,,,,,,,,,,
2336236,56526,Russia,4547569564,1775182950000,2026-04-03T02:22:30+00:00,50,2,1,2,7,10,13,15,17,19,,,,,,,,,,,,
2336217,56526,Russia,4547569486,1775182050000,2026-04-03T02:07:30+00:00,50,3,2,4,5,6,8,12,13,19,,,,,,,,,,,,
2336206,56526,Russia,4547569414,1775181150000,2026-04-03T01:52:30+00:00,50,4,6,7,8,9,10,13,15,19,,,,,,,,,,,,
2336193,56526,Russia,4547569336,1775180250000,2026-04-03T01:37:30+00:00,50,3,4,5,7,8,10,12,15,17,,,,,,,,,,,,
2336181,56526,Russia,4547569261,1775179350000,2026-04-03T01:22:30+00:00,50,4,1,2,6,10,11,12,13,19,,,,,,,,,,,,
2336167,56526,Russia,4547569183,1775178450000,2026-04-03T01:07:30+00:00,50,4,6,7,9,10,11,15,18,19,,,,,,,,,,,,
2336159,56526,Russia,4547569111,1775177550000,2026-04-03T00:52:30+00:00,50,4,1,8,13,15,16,17,19,20,,,,,,,,,,,,
2336146,56526,Russia,4547569033,1775176650000,2026-04-03T00:37:30+00:00,50,1,3,5,6,8,11,15,17,20,,,,,,,,,,,,
2336129,56526,Russia,4547568958,1775175750000,2026-04-03T00:22:30+00:00,50,3,3,5,9,11,14,15,16,19,,,,,,,,,,,,
2336114,56526,Russia,4547568880,1775174850000,2026-04-03T00:07:30+00:00,50,3,1,4,5,10,11,12,15,18,,,,,,,,,,,,
2336097,56526,Russia,4545739471,1775173950000,2026-04-02T23:52:30+00:00,50,4,1,4,7,12,14,15,16,19,,,,,,,,,,,,
2336089,56526,Russia,4545739393,1775173050000,2026-04-02T23:37:30+00:00,50,1,2,5,6,8,11,12,13,20,,,,,,,,,,,,
2336070,56526,Russia,4545739318,1775172150000,2026-04-02T23:22:30+00:00,50,4,1,2,4,8,9,10,11,13,,,,,,,,,,,,
2336055,56526,Russia,4545739240,1775171250000,2026-04-02T23:07:30+00:00,50,2,1,6,9,10,11,15,16,19,,,,,,,,,,,,
2336041,56526,Russia,4545739168,1775170350000,2026-04-02T22:52:30+00:00,50,4,4,5,7,8,10,15,17,19,,,,,,,,,,,,
2336021,56526,Russia,4545739090,1775169450000,2026-04-02T22:37:30+00:00,50,4,1,2,4,5,6,9,14,19,,,,,,,,,,,,
2336011,56526,Russia,4545739015,1775168550000,2026-04-02T22:22:30+00:00,50,2,2,5,6,7,9,10,17,20,,,,,,,,,,,,
2335991,56526,Russia,4545738946,1775167650000,2026-04-02T22:07:30+00:00,50,2,2,5,7,10,11,12,15,19,,,,,,,,,,,,
2335982,56526,Russia,4545738904,1775166750000,2026-04-02T21:52:30+00:00,50,2,2,5,6,10,11,12,14,18,,,,,,,,,,,,
2335963,56526,Russia,4545738880,1775165850000,2026-04-02T21:37:30+00:00,50,2,1,2,4,6,11,15,19,20,,,,,,,,,,,,
2335944,56526,Russia,4545738856,1775164950000,2026-04-02T21:22:30+00:00,50,1,1,3,7,8,16,17,18,19,,,,,,,,,,,,
2335918,56526,Russia,4545738835,1775164050000,2026-04-02T21:07:30+00:00,50,4,4,5,6,8,9,10,12,16,,,,,,,,,,,,
2335898,56526,Russia,4545737614,1775163150000,2026-04-02T20:52:30+00:00,50,3,4,6,9,10,13,14,19,20,,,,,,,,,,,,
2335875,56526,Russia,4545737509,1775162250000,2026-04-02T20:37:30+00:00,50,3,3,6,9,10,12,13,14,16,,,,,,,,,,,,
2333361,56526,Russia,4545737416,1775161350000,2026-04-02T20:22:30+00:00,60,,,,,,,,,,,,,,,,,,,,,
2335813,56526,Russia,4545737308,1775160450000,2026-04-02T20:07:30+00:00,50,2,1,3,8,10,12,14,18,19,,,,,,,,,,,,
2335797,56526,Russia,4545737197,1775159550000,2026-04-02T19:52:30+00:00,50,2,1,4,6,7,9,12,14,15,,,,,,,,,,,,
2335772,56526,Russia,4545737071,1775158650000,2026-04-02T19:37:30+00:00,50,1,3,4,7,8,9,11,14,20,,,,,,,,,,,,
2333360,56526,Russia,4545736963,1775157750000,2026-04-02T19:22:30+00:00,60,,,,,,,,,,,,,,,,,,,,,
2333358,56526,Russia,4545736852,1775156850000,2026-04-02T19:07:30+00:00,60,,,,,,,,,,,,,,,,,,,,,
2333357,56526,Russia,4545736735,1775155950000,2026-04-02T18:52:30+00:00,60,,,,,,,,,,,,,,,,,,,,,
2335664,56526,Russia,4545736618,1775155050000,2026-04-02T18:37:30+00:00,50,3,2,3,11,12,14,15,17,20,,,,,,,,,,,,
2335631,56526,Russia,4545736498,1775154150000,2026-04-02T18:22:30+00:00,50,4,1,2,4,14,15,16,18,19,,,,,,,,,,,,
2335600,56526,Russia,4545736387,1775153250000,2026-04-02T18:07:30+00:00,50,3,1,2,3,4,10,15,18,20,,,,,,,,,,,,
2335562,56526,Russia,4545736255,1775152350000,2026-04-02T17:52:30+00:00,50,4,1,3,4,5,9,12,17,20,,,,,,,,,,,,
2335527,56526,Russia,4545736141,1775151450000,2026-04-02T17:37:30+00:00,50,3,2,3,6,9,10,14,15,19,,,,,,,,,,,,
2335505,56526,Russia,4545736033,1775150550000,2026-04-02T17:22:30+00:00,50,3,4,5,11,12,15,17,18,20,,,,,,,,,,,,
2333355,56526,Russia,4545735919,1775149650000,2026-04-02T17:07:30+00:00,60,,,,,,,,,,,,,,,,,,,,,
2333352,56526,Russia,4545735790,1775148750000,2026-04-02T16:52:30+00:00,60,,,,,,,,,,,,,,,,,,,,,
2335407,56526,Russia,4545735670,1775147850000,2026-04-02T16:37:30+00:00,50,3,1,4,6,10,13,14,17,18,,,,,,,,,,,,
2335374,56526,Russia,4545735559,1775146950000,2026-04-02T16:22:30+00:00,50,3,4,5,8,11,12,13,15,16,,,,,,,,,,,,
2335348,56526,Russia,4545735448,1775146050000,2026-04-02T16:07:30+00:00,50,2,1,2,4,6,8,10,11,14,,,,,,,,,,,,
2335304,56526,Russia,4545735334,1775145150000,2026-04-02T15:52:30+00:00,50,3,1,2,3,6,11,14,18,20,,,,,,,,,,,,
2335274,56526,Russia,4545735211,1775144250000,2026-04-02T15:37:30+00:00,50,1,1,3,6,12,14,16,17,20,,,,,,,,,,,,
2333348,56526,Russia,4545735100,1775143350000,2026-04-02T15:22:30+00:00,60,,,,,,,,,,,,,,,,,,,,,
2333347,56526,Russia,4545734989,1775142450000,2026-04-02T15:07:30+00:00,60,,,,,,,,,,,,,,,,,,,,,
2333346,56526,Russia,4545734872,1775141550000,2026-04-02T14:52:30+00:00,60,,,,,,,,,,,,,,,,,,,,,
2335151,56526,Russia,4545734761,1775140650000,2026-04-02T14:37:30+00:00,50,3,2,3,4,7,13,15,18,20,,,,,,,,,,,,
2335112,56526,Russia,4545734656,1775139750000,2026-04-02T14:22:30+00:00,50,2,4,5,7,11,14,15,17,18,,,,,,,,,,,,
2335088,56526,Russia,4545734545,1775138850000,2026-04-02T14:07:30+00:00,50,4,7,8,10,11,13,14,17,20,,,,,,,,,,,,
2335049,56526,Russia,4545734434,1775137950000,2026-04-02T13:52:30+00:00,50,3,1,7,8,9,11,16,18,20,,,,,,,,,,,,
2335015,56526,Russia,4545734323,1775137050000,2026-04-02T13:37:30+00:00,50,3,1,5,6,9,10,15,16,19,,,,,,,,,,,,
2333345,56526,Russia,4545734221,1775136150000,2026-04-02T13:22:30+00:00,60,,,,,,,,,,,,,,,,,,,,,
2333344,56526,Russia,4545734104,1775135250000,2026-04-02T13:07:30+00:00,60,,,,,,,,,,,,,,,,,,,,,
2334914,56526,Russia,4545733984,1775134350000,2026-04-02T12:52:30+00:00,50,3,4,5,6,8,13,15,16,20,,,,,,,,,,,,
2334900,56526,Russia,4545733873,1775133450000,2026-04-02T12:37:30+00:00,50,3,1,6,8,13,15,17,19,20,,,,,,,,,,,,
2334870,56526,Russia,4545733765,1775132550000,2026-04-02T12:22:30+00:00,50,2,2,7,8,10,13,15,18,20,,,,,,,,,,,,
2334848,56526,Russia,4545733654,1775131650000,2026-04-02T12:07:30+00:00,50,4,1,5,9,10,13,15,16,19,,,,,,,,,,,,
2334795,56526,Russia,4545733537,1775130750000,2026-04-02T11:52:30+00:00,50,1,2,3,4,11,12,13,15,18,,,,,,,,,,,,
2334769,56526,Russia,4545733420,1775129850000,2026-04-02T11:37:30+00:00,50,3,1,5,7,9,11,12,15,19,,,,,,,,,,,,
2334746,56526,Russia,4545733315,1775128950000,2026-04-02T11:22:30+00:00,50,3,2,7,9,11,13,14,18,20,,,,,,,,,,,,
2334715,56526,Russia,4545733204,1775128050000,2026-04-02T11:07:30+00:00,50,2,1,7,8,13,14,15,19,20,,,,,,,,,,,,
2333343,56526,Russia,4545733093,1775127150000,2026-04-02T10:52:30+00:00,60,,,,,,,,,,,,,,,,,,,,,
2334658,56526,Russia,4545732973,1775126250000,2026-04-02T10:37:30+00:00,50,2,1,3,4,7,8,12,15,17,,,,,,,,,,,,
2333342,56526,Russia,4545732865,1775125350000,2026-04-02T10:22:30+00:00,60,,,,,,,,,,,,,,,,,,,,,
2333341,56526,Russia,4545732754,1775124450000,2026-04-02T10:07:30+00:00,60,,,,,,,,,,,,,,,,,,,,,
2333340,56526,Russia,4545732640,1775123550000,2026-04-02T09:52:30+00:00,60,,,,,,,,,,,,,,,,,,,,,
2334526,56526,Russia,4545732526,1775122650000,2026-04-02T09:37:30+00:00,50,2,5,6,8,10,13,14,15,18,,,,,,,,,,,,
2334495,56526,Russia,4545732418,1775121750000,2026-04-02T09:22:30+00:00,50,2,2,5,11,14,15,17,18,19,,,,,,,,,,,,
2333339,56526,Russia,4545732307,1775120850000,2026-04-02T09:07:30+00:00,60,,,,,,,,,,,,,,,,,,,,,
2334431,56526,Russia,4545732193,1775119950000,2026-04-02T08:52:30+00:00,50,4,6,8,10,11,14,16,18,20,,,,,,,,,,,,
2334420,56526,Russia,4545732082,1775119050000,2026-04-02T08:37:30+00:00,50,3,8,9,10,11,13,15,16,18,,,,,,,,,,,,
2334386,56526,Russia,4545731977,1775118150000,2026-04-02T08:22:30+00:00,50,2,4,7,12,13,16,17,19,20,,,,,,,,,,,,
2334353,56526,Russia,4545731866,1775117250000,2026-04-02T08:07:30+00:00,50,4,3,4,5,12,14,16,17,19,,,,,,,,,,,,
2334311,56526,Russia,4545731755,1775116350000,2026-04-02T07:52:30+00:00,50,1,1,5,7,10,12,16,17,18,,,,,,,,,,,,
2334288,56526,Russia,4545731644,1775115450000,2026-04-02T07:37:30+00:00,50,1,3,4,5,6,9,15,16,20,,,,,,,,,,,,
2333338,56526,Russia,4545731539,1775114550000,2026-04-02T07:22:30+00:00,60,,,,,,,,,,,,,,,,,,,,,
2333337,56526,Russia,4545731428,1775113650000,2026-04-02T07:07:30+00:00,60,,,,,,,,,,,,,,,,,,,,,
2333336,56526,Russia,4545731314,1775112750000,2026-04-02T06:52:30+00:00,60,,,,,,,,,,,,,,,,,,,,,
2334169,56526,Russia,4545731203,1775111850000,2026-04-02T06:37:30+00:00,50,2,1,4,9,10,12,13,17,20,,,,,,,,,,,,
2334139,56526,Russia,4545731101,1775110950000,2026-04-02T06:22:30+00:00,50,1,1,7,8,9,10,12,18,19,,,,,,,,,,,,
2334101,56526,Russia,4545730990,1775110050000,2026-04-02T06:07:30+00:00,50,2,1,3,4,7,10,11,16,20,,,,,,,,,,,,
2334077,56526,Russia,4545730888,1775109150000,2026-04-02T05:52:30+00:00,50,1,1,5,6,8,9,10,15,19,,,,,,,,,,,,
2334055,56526,Russia,4545730786,1775108250000,2026-04-02T05:37:30+00:00,50,2,4,8,9,10,14,17,19,20,,,,,,,,,,,,
2334028,56526,Russia,4545730693,1775107350000,2026-04-02T05:22:30+00:00,50,2,3,7,11,12,13,14,16,17,,,,,,,,,,,,
2333995,56526,Russia,4545730591,1775106450000,2026-04-02T05:07:30+00:00,50,4,2,3,4,8,11,13,16,17,,,,,,,,,,,,
2333980,56526,Russia,4545730501,1775105550000,2026-04-02T04:52:30+00:00,50,4,1,4,7,8,11,12,17,19,,,,,,,,,,,,
2333952,56526,Russia,4545730411,1775104650000,2026-04-02T04:37:30+00:00,50,4,3,7,11,13,15,17,19,20,,,,,,,,,,,,
2333931,56526,Russia,4545730333,1775103750000,2026-04-02T04:22:30+00:00,50,2,1,2,4,7,8,14,16,19,,,,,,,,,,,,
2333910,56526,Russia,4545730255,1775102850000,2026-04-02T04:07:30+00:00,50,1,2,3,9,10,12,15,17,20,,,,,,,,,,,,
2333891,56526,Russia,4545730183,1775101950000,2026-04-02T03:52:30+00:00,50,4,1,2,4,6,9,10,15,17,,,,,,,,,,,,
2333868,56526,Russia,4545730105,1775101050000,2026-04-02T03:37:30+00:00,50,1,1,2,4,6,7,8,9,16,,,,,,,,,,,,
2333828,56526,Russia,4545730030,1775100150000,2026-04-02T03:22:30+00:00,50,1,1,4,6,7,11,14,16,19,,,,,,,,,,,,
2333775,56526,Russia,4545729952,1775099250000,2026-04-02T03:07:30+00:00,50,4,4,5,6,9,11,12,14,18,,,,,,,,,,,,
2333731,56526,Russia,4545729880,1775098350000,2026-04-02T02:52:30+00:00,50,1,2,3,6,7,11,16,17,20,,,,,,,,,,,,
2333711,56526,Russia,4545729802,1775097450000,2026-04-02T02:37:30+00:00,50,3,1,2,5,6,8,9,16,19,,,,,,,,,,,,
2333695,56526,Russia,4545729727,1775096550000,2026-04-02T02:22:30+00:00,50,1,1,2,4,5,7,8,15,17,,,,,,,,,,,,
2333662,56526,Russia,4545729649,1775095650000,2026-04-02T02:07:30+00:00,50,3,1,2,10,11,12,15,17,18,,,,,,,,,,,,
2333641,56526,Russia,4545729577,1775094750000,2026-04-02T01:52:30+00:00,50,1,1,2,4,6,10,11,16,18,,,,,,,,,,,,
2333625,56526,Russia,4545729499,1775093850000,2026-04-02T01:37:30+00:00,50,2,1,2,3,4,5,6,11,17,,,,,,,,,,,,
2333612,56526,Russia,4545729424,1775092950000,2026-04-02T01:22:30+00:00,50,4,3,4,5,6,8,12,14,15,,,,,,,,,,,,
2333593,56526,Russia,4545729346,1775092050000,2026-04-02T01:07:30+00:00,50,3,1,2,3,9,10,11,15,18,,,,,,,,,,,,
2333570,56526,Russia,4545729274,1775091150000,2026-04-02T00:52:30+00:00,50,4,1,3,4,6,9,12,13,15,,,,,,,,,,,,
2333558,56526,Russia,4545729196,1775090250000,2026-04-02T00:37:30+00:00,50,2,2,3,5,6,8,11,15,17,,,,,,,,,,,,
2333543,56526,Russia,4545729121,1775089350000,2026-04-02T00:22:30+00:00,50,2,2,3,9,10,13,14,15,17,,,,,,,,,,,,
2333522,56526,Russia,4545729043,1775088450000,2026-04-02T00:07:30+00:00,50,3,3,5,8,9,11,13,16,18,,,,,,,,,,,,
2333500,56526,Russia,4543860925,1775087550000,2026-04-01T23:52:30+00:00,50,2,3,4,6,9,10,14,15,18,,,,,,,,,,,,
2333481,56526,Russia,4543860847,1775086650000,2026-04-01T23:37:30+00:00,50,1,2,3,5,6,13,14,17,20,,,,,,,,,,,,
2333455,56526,Russia,4543860772,1775085750000,2026-04-01T23:22:30+00:00,50,4,1,2,3,5,7,15,17,19,,,,,,,,,,,,
2333440,56526,Russia,4543860694,1775084850000,2026-04-01T23:07:30+00:00,50,4,1,2,3,5,8,13,15,18,,,,,,,,,,,,
2333433,56526,Russia,4543860622,1775083950000,2026-04-01T22:52:30+00:00,50,4,1,5,10,11,12,15,16,17,,,,,,,,,,,,
2333406,56526,Russia,4543860544,1775083050000,2026-04-01T22:37:30+00:00,50,2,4,5,9,11,15,16,18,20,,,,,,,,,,,,
2333385,56526,Russia,4543860469,1775082150000,2026-04-01T22:22:30+00:00,50,3,1,5,6,8,13,16,18,19,,,,,,,,,,,,
2333370,56526,Russia,4543860400,1775081250000,2026-04-01T22:07:30+00:00,50,4,2,3,4,5,9,12,16,20,,,,,,,,,,,,
2333329,56526,Russia,4543860358,1775080350000,2026-04-01T21:52:30+00:00,50,4,1,2,3,7,13,15,17,18,,,,,,,,,,,,
2333307,56526,Russia,4543860334,1775079450000,2026-04-01T21:37:30+00:00,50,3,1,2,6,9,10,16,19,20,,,,,,,,,,,,
2333281,56526,Russia,4543860310,1775078550000,2026-04-01T21:22:30+00:00,50,3,1,2,6,10,12,13,16,19,,,,,,,,,,,,
2333246,56526,Russia,4543860289,1775077650000,2026-04-01T21:07:30+00:00,50,2,1,4,6,9,10,13,14,16,,,,,,,,,,,,
2333196,56526,Russia,4543859062,1775076750000,2026-04-01T20:52:30+00:00,50,1,1,2,6,7,9,13,16,17,,,,,,,,,,,,
2333137,56526,Russia,4543858957,1775075850000,2026-04-01T20:37:30+00:00,50,1,1,3,6,7,9,13,19,20,,,,,,,,,,,,
2330621,56526,Russia,4543858864,1775074950000,2026-04-01T20:22:30+00:00,60,,,,,,,,,,,,,,,,,,,,,
2333114,56526,Russia,4543858756,1775074050000,2026-04-01T20:07:30+00:00,50,1,1,4,5,10,11,13,15,18,,,,,,,,,,,,
2333079,56526,Russia,4543858645,1775073150000,2026-04-01T19:52:30+00:00,50,2,3,12,13,15,16,17,19,20,,,,,,,,,,,,
2333047,56526,Russia,4543858528,1775072250000,2026-04-01T19:37:30+00:00,50,1,4,7,9,14,15,16,17,19,,,,,,,,,,,,
2330618,56526,Russia,4543858420,1775071350000,2026-04-01T19:22:30+00:00,60,,,,,,,,,,,,,,,,,,,,,
2330617,56526,Russia,4543858306,1775070450000,2026-04-01T19:07:30+00:00,60,,,,,,,,,,,,,,,,,,,,,
2330616,56526,Russia,4543858177,1775069550000,2026-04-01T18:52:30+00:00,60,,,,,,,,,,,,,,,,,,,,,
2332916,56526,Russia,4543858054,1775068650000,2026-04-01T18:37:30+00:00,50,4,4,7,10,12,14,15,16,20,,,,,,,,,,,,
2332880,56526,Russia,4543857934,1775067750000,2026-04-01T18:22:30+00:00,50,1,4,5,6,7,10,11,15,20,,,,,,,,,,,,
2332866,56526,Russia,4543857817,1775066850000,2026-04-01T18:07:30+00:00,50,4,1,2,3,5,6,7,8,18,,,,,,,,,,,,
2332815,56526,Russia,4543857691,1775065950000,2026-04-01T17:52:30+00:00,50,3,5,7,8,10,11,13,19,20,,,,,,,,,,,,
2332803,56526,Russia,4543857577,1775065050000,2026-04-01T17:37:30+00:00,50,1,6,8,9,10,12,14,15,18,,,,,,,,,,,,
2332738,56526,Russia,4543857469,1775064150000,2026-04-01T17:22:30+00:00,50,3,4,8,10,11,12,14,15,17,,,,,,,,,,,,
2330615,56526,Russia,4543857355,1775063250000,2026-04-01T17:07:30+00:00,60,,,,,,,,,,,,,,,,,,,,,
2330614,56526,Russia,4543857220,1775062350000,2026-04-01T16:52:30+00:00,60,,,,,,,,,,,,,,,,,,,,,
2332666,56526,Russia,4543857097,1775061450000,2026-04-01T16:37:30+00:00,50,4,2,6,9,11,12,13,14,16,,,,,,,,,,,,
2332615,56526,Russia,4543856983,1775060550000,2026-04-01T16:22:30+00:00,50,2,1,3,4,11,14,15,16,19,,,,,,,,,,,,
2332585,56526,Russia,4543856872,1775059650000,2026-04-01T16:07:30+00:00,50,3,1,3,9,13,15,17,19,20,,,,,,,,,,,,
2332539,56526,Russia,4543856758,1775058750000,2026-04-01T15:52:30+00:00,50,3,3,7,9,10,12,14,17,18,,,,,,,,,,,,
2332494,56526,Russia,4543856638,1775057850000,2026-04-01T15:37:30+00:00,50,4,4,5,8,13,15,16,17,19,,,,,,,,,,,,
2330613,56526,Russia,4543856527,1775056950000,2026-04-01T15:22:30+00:00,60,,,,,,,,,,,,,,,,,,,,,
2330612,56526,Russia,4543856410,1775056050000,2026-04-01T15:07:30+00:00,60,,,,,,,,,,,,,,,,,,,,,
2330611,56526,Russia,4543856290,1775055150000,2026-04-01T14:52:30+00:00,60,,,,,,,,,,,,,,,,,,,,,
2332391,56526,Russia,4543856179,1775054250000,2026-04-01T14:37:30+00:00,50,3,1,3,4,6,7,9,14,17,,,,,,,,,,,,
2332358,56526,Russia,4543856074,1775053350000,2026-04-01T14:22:30+00:00,50,3,2,3,4,7,10,13,17,20,,,,,,,,,,,,
2332332,56526,Russia,4543855963,1775052450000,2026-04-01T14:07:30+00:00,50,1,1,4,5,6,7,10,14,18,,,,,,,,,,,,
2332298,56526,Russia,4543855852,1775051550000,2026-04-01T13:52:30+00:00,50,2,3,5,7,12,14,15,18,20,,,,,,,,,,,,
2332261,56526,Russia,4543855741,1775050650000,2026-04-01T13:37:30+00:00,50,2,3,4,8,9,12,14,16,17,,,,,,,,,,,,
2330610,56526,Russia,4543855639,1775049750000,2026-04-01T13:22:30+00:00,60,,,,,,,,,,,,,,,,,,,,,
2330609,56526,Russia,4543855522,1775048850000,2026-04-01T13:07:30+00:00,60,,,,,,,,,,,,,,,,,,,,,
2332173,56526,Russia,4543855402,1775047950000,2026-04-01T12:52:30+00:00,50,3,5,10,11,13,15,17,18,20,,,,,,,,,,,,
2332139,56526,Russia,4543855291,1775047050000,2026-04-01T12:37:30+00:00,50,3,4,7,8,9,15,16,18,20,,,,,,,,,,,,
2332112,56526,Russia,4543855183,1775046150000,2026-04-01T12:22:30+00:00,50,1,3,5,11,12,13,15,16,17,,,,,,,,,,,,
2332082,56526,Russia,4543855072,1775045250000,2026-04-01T12:07:30+00:00,50,3,2,6,8,11,13,15,18,20,,,,,,,,,,,,
2332049,56526,Russia,4543854955,1775044350000,2026-04-01T11:52:30+00:00,50,3,1,2,9,10,16,17,18,20,,,,,,,,,,,,
2332021,56526,Russia,4543854838,1775043450000,2026-04-01T11:37:30+00:00,50,2,1,4,5,6,7,14,16,17,,,,,,,,,,,,
2331986,56526,Russia,4543854733,1775042550000,2026-04-01T11:22:30+00:00,50,4,3,4,5,6,8,17,19,20,,,,,,,,,,,,
2331961,56526,Russia,4543854622,1775041650000,2026-04-01T11:07:30+00:00,50,4,4,9,10,11,14,17,18,19,,,,,,,,,,,,
2330608,56526,Russia,4543854511,1775040750000,2026-04-01T10:52:30+00:00,60,,,,,,,,,,,,,,,,,,,,,
2331897,56526,Russia,4543854391,1775039850000,2026-04-01T10:37:30+00:00,50,4,3,6,7,8,9,11,14,15,,,,,,,,,,,,
2330604,56526,Russia,4543854286,1775038950000,2026-04-01T10:22:30+00:00,60,,,,,,,,,,,,,,,,,,,,,
2330603,56526,Russia,4543854175,1775038050000,2026-04-01T10:07:30+00:00,60,,,,,,,,,,,,,,,,,,,,,
2330602,56526,Russia,4543854061,1775037150000,2026-04-01T09:52:30+00:00,60,,,,,,,,,,,,,,,,,,,,,
2331772,56526,Russia,4543853950,1775036250000,2026-04-01T09:37:30+00:00,50,1,1,2,8,9,12,14,18,19,,,,,,,,,,,,
2331736,56526,Russia,4543853845,1775035350000,2026-04-01T09:22:30+00:00,50,4,1,3,9,14,16,17,19,20,,,,,,,,,,,,
2330601,56526,Russia,4543853734,1775034450000,2026-04-01T09:07:30+00:00,60,,,,,,,,,,,,,,,,,,,,,
2331682,56526,Russia,4543853620,1775033550000,2026-04-01T08:52:30+00:00,50,1,1,5,6,10,11,13,14,19,,,,,,,,,,,,
2331655,56526,Russia,4543853509,1775032650000,2026-04-01T08:37:30+00:00,50,2,1,2,5,8,10,14,15,16,,,,,,,,,,,,
2331625,56526,Russia,4543853401,1775031750000,2026-04-01T08:22:30+00:00,50,3,1,5,8,11,15,17,19,20,,,,,,,,,,,,
2331595,56526,Russia,4543853290,1775030850000,2026-04-01T08:07:30+00:00,50,4,2,4,9,13,15,17,18,19,,,,,,,,,,,,
2331558,56526,Russia,4543853179,1775029950000,2026-04-01T07:52:30+00:00,50,1,5,7,8,10,11,12,15,20,,,,,,,,,,,,
2331525,56526,Russia,4543853068,1775029050000,2026-04-01T07:37:30+00:00,50,1,1,4,5,7,9,10,14,18,,,,,,,,,,,,
2330600,56526,Russia,4543852963,1775028150000,2026-04-01T07:22:30+00:00,60,,,,,,,,,,,,,,,,,,,,,
2330599,56526,Russia,4543852852,1775027250000,2026-04-01T07:07:30+00:00,60,,,,,,,,,,,,,,,,,,,,,
2330598,56526,Russia,4543852738,1775026350000,2026-04-01T06:52:30+00:00,60,,,,,,,,,,,,,,,,,,,,,
2331408,56526,Russia,4543852627,1775025450000,2026-04-01T06:37:30+00:00,50,3,2,3,4,6,10,13,15,18,,,,,,,,,,,,
2331365,56526,Russia,4543852522,1775024550000,2026-04-01T06:22:30+00:00,50,4,3,4,7,8,9,10,12,15,,,,,,,,,,,,
2331347,56526,Russia,4543852411,1775023650000,2026-04-01T06:07:30+00:00,50,4,3,6,11,13,14,16,18,19,,,,,,,,,,,,
2331327,56526,Russia,4543852309,1775022750000,2026-04-01T05:52:30+00:00,50,2,1,5,9,10,13,15,17,19,,,,,,,,,,,,
2331292,56526,Russia,4543852207,1775021850000,2026-04-01T05:37:30+00:00,50,4,3,4,5,8,13,14,17,20,,,,,,,,,,,,
2331271,56526,Russia,4543852114,1775020950000,2026-04-01T05:22:30+00:00,50,1,1,2,3,6,7,8,12,14,,,,,,,,,,,,
2331228,56526,Russia,4543852012,1775020050000,2026-04-01T05:07:30+00:00,50,3,2,3,4,10,11,14,15,18,,,,,,,,,,,,
2331224,56526,Russia,4543851922,1775019150000,2026-04-01T04:52:30+00:00,50,1,1,4,7,8,9,10,13,20,,,,,,,,,,,,
2331191,56526,Russia,4543851832,1775018250000,2026-04-01T04:37:30+00:00,50,2,2,3,5,7,10,14,16,19,,,,,,,,,,,,
2331175,56526,Russia,4543851754,1775017350000,2026-04-01T04:22:30+00:00,50,3,1,3,5,7,9,10,13,17,,,,,,,,,,,,
2331156,56526,Russia,4543851676,1775016450000,2026-04-01T04:07:30+00:00,50,4,1,2,5,12,13,16,17,19,,,,,,,,,,,,
2331139,56526,Russia,4543851604,1775015550000,2026-04-01T03:52:30+00:00,50,1,2,3,5,6,7,8,9,18,,,,,,,,,,,,
2331114,56526,Russia,4543851526,1775014650000,2026-04-01T03:37:30+00:00,50,3,1,4,5,13,14,15,18,20,,,,,,,,,,,,
2331085,56526,Russia,4543851451,1775013750000,2026-04-01T03:22:30+00:00,50,3,1,2,3,8,9,15,18,20,,,,,,,,,,,,
2331061,56526,Russia,4543851373,1775012850000,2026-04-01T03:07:30+00:00,50,3,2,3,6,7,10,13,14,20,,,,,,,,,,,,
2331039,56526,Russia,4543851301,1775011950000,2026-04-01T02:52:30+00:00,50,2,1,4,5,7,8,10,13,20,,,,,,,,,,,,
2331022,56526,Russia,4543851223,1775011050000,2026-04-01T02:37:30+00:00,50,3,2,3,5,7,9,13,15,20,,,,,,,,,,,,
2330991,56526,Russia,4543851148,1775010150000,2026-04-01T02:22:30+00:00,50,3,1,2,4,10,12,13,14,15,,,,,,,,,,,,
2330974,56526,Russia,4543851070,1775009250000,2026-04-01T02:07:30+00:00,50,4,2,3,6,9,10,11,17,19,,,,,,,,,,,,
2330952,56526,Russia,4543850998,1775008350000,2026-04-01T01:52:30+00:00,50,4,3,6,7,9,15,18,19,20,,,,,,,,,,,,
2330940,56526,Russia,4543850920,1775007450000,2026-04-01T01:37:30+00:00,50,1,2,4,5,7,11,15,17,19,,,,,,,,,,,,
2330915,56526,Russia,4543850845,1775006550000,2026-04-01T01:22:30+00:00,50,4,2,8,11,14,16,17,18,19,,,,,,,,,,,,
2330897,56526,Russia,4543850767,1775005650000,2026-04-01T01:07:30+00:00,50,1,6,7,9,13,14,15,16,17,,,,,,,,,,,,
2330883,56526,Russia,4543850695,1775004750000,2026-04-01T00:52:30+00:00,50,1,3,9,12,13,14,18,19,20,,,,,,,,,,,,
2330853,56526,Russia,4543850617,1775003850000,2026-04-01T00:37:30+00:00,50,4,2,3,6,8,14,18,19,20,,,,,,,,,,,,
2330830,56526,Russia,4543850542,1775002950000,2026-04-01T00:22:30+00:00,50,1,1,3,4,10,11,15,19,20,,,,,,,,,,,,
2330812,56526,Russia,4543850464,1775002050000,2026-04-01T00:07:30+00:00,50,2,4,6,9,11,17,18,19,20,,,,,,,,,,,,
2330788,56526,Russia,4541705563,1775001150000,2026-03-31T23:52:30+00:00,50,3,1,4,7,12,13,15,19,20,,,,,,,,,,,,
2330766,56526,Russia,4541705485,1775000250000,2026-03-31T23:37:30+00:00,50,1,1,2,7,9,10,13,14,17,,,,,,,,,,,,
2330746,56526,Russia,4541705410,1774999350000,2026-03-31T23:22:30+00:00,50,3,1,4,7,13,14,15,16,20,,,,,,,,,,,,
2330721,56526,Russia,4541705332,1774998450000,2026-03-31T23:07:30+00:00,50,1,2,3,9,13,14,18,19,20,,,,,,,,,,,,
2330708,56526,Russia,4541705260,1774997550000,2026-03-31T22:52:30+00:00,50,4,2,3,5,6,7,10,15,17,,,,,,,,,,,,
2330683,56526,Russia,4541705182,1774996650000,2026-03-31T22:37:30+00:00,50,4,2,3,6,9,14,15,16,19,,,,,,,,,,,,
2330656,56526,Russia,4541705107,1774995750000,2026-03-31T22:22:30+00:00,50,1,3,8,10,13,16,17,19,20,,,,,,,,,,,,
2330622,56526,Russia,4541705038,1774994850000,2026-03-31T22:07:30+00:00,50,2,1,2,7,10,11,13,15,20,,,,,,,,,,,,
2330590,56526,Russia,4541704996,1774993950000,2026-03-31T21:52:30+00:00,50,2,3,4,6,8,13,15,17,20,,,,,,,,,,,,
2330557,56526,Russia,4541704972,1774993050000,2026-03-31T21:37:30+00:00,50,3,2,3,7,8,14,15,18,20,,,,,,,,,,,,
2330535,56526,Russia,4541704948,1774992150000,2026-03-31T21:22:30+00:00,50,1,2,3,5,6,8,12,13,20,,,,,,,,,,,,
2330502,56526,Russia,4541704927,1774991250000,2026-03-31T21:07:30+00:00,50,2,3,6,9,10,12,15,18,19,,,,,,,,,,,,
2330473,56526,Russia,4541703709,1774990350000,2026-03-31T20:52:30+00:00,50,3,1,5,7,9,10,13,17,18,,,,,,,,,,,,
2330432,56526,Russia,4541703604,1774989450000,2026-03-31T20:37:30+00:00,50,1,8,10,11,12,13,14,15,19,,,,,,,,,,,,
2327943,56526,Russia,4541703511,1774988550000,2026-03-31T20:22:30+00:00,60,,,,,,,,,,,,,,,,,,,,,
2330371,56526,Russia,4541703403,1774987650000,2026-03-31T20:07:30+00:00,50,3,1,2,3,5,7,12,19,20,,,,,,,,,,,,
2330342,56526,Russia,4541703292,1774986750000,2026-03-31T19:52:30+00:00,50,3,3,7,8,10,11,12,16,20,,,,,,,,,,,,
2330320,56526,Russia,4541703169,1774985850000,2026-03-31T19:37:30+00:00,50,4,4,5,6,8,12,13,19,20,,,,,,,,,,,,
2327942,56526,Russia,4541703061,1774984950000,2026-03-31T19:22:30+00:00,60,,,,,,,,,,,,,,,,,,,,,
2327941,56526,Russia,4541702950,1774984050000,2026-03-31T19:07:30+00:00,60,,,,,,,,,,,,,,,,,,,,,
2327940,56526,Russia,4541702824,1774983150000,2026-03-31T18:52:30+00:00,60,,,,,,,,,,,,,,,,,,,,,
2330184,56526,Russia,4541702704,1774982250000,2026-03-31T18:37:30+00:00,50,3,3,5,7,11,13,16,17,18,,,,,,,,,,,,
2330141,56526,Russia,4541702581,1774981350000,2026-03-31T18:22:30+00:00,50,2,1,3,4,6,12,15,16,17,,,,,,,,,,,,
2330111,56526,Russia,4541702470,1774980450000,2026-03-31T18:07:30+00:00,50,1,1,4,5,10,14,15,18,20,,,,,,,,,,,,
2330072,56526,Russia,4541702335,1774979550000,2026-03-31T17:52:30+00:00,50,1,2,3,5,6,10,13,15,18,,,,,,,,,,,,
2330061,56526,Russia,4541702221,1774978650000,2026-03-31T17:37:30+00:00,50,1,1,2,6,11,12,14,16,18,,,,,,,,,,,,
2330020,56526,Russia,4541702113,1774977750000,2026-03-31T17:22:30+00:00,50,3,6,7,11,12,13,17,19,20,,,,,,,,,,,,
2327939,56526,Russia,4541701999,1774976850000,2026-03-31T17:07:30+00:00,60,,,,,,,,,,,,,,,,,,,,,
2327938,56526,Russia,4541701870,1774975950000,2026-03-31T16:52:30+00:00,60,,,,,,,,,,,,,,,,,,,,,
2329919,56526,Russia,4541701750,1774975050000,2026-03-31T16:37:30+00:00,50,4,3,4,5,10,11,14,16,19,,,,,,,,,,,,
2329890,56526,Russia,4541701639,1774974150000,2026-03-31T16:22:30+00:00,50,2,1,4,7,8,10,12,13,20,,,,,,,,,,,,
2329853,56526,Russia,4541701528,1774973250000,2026-03-31T16:07:30+00:00,50,1,1,2,3,7,8,10,15,19,,,,,,,,,,,,
2329810,56526,Russia,4541701414,1774972350000,2026-03-31T15:52:30+00:00,50,3,1,3,8,15,17,18,19,20,,,,,,,,,,,,
2329793,56526,Russia,4541701285,1774971450000,2026-03-31T15:37:30+00:00,50,4,1,4,8,9,10,12,16,20,,,,,,,,,,,,
2327932,56526,Russia,4541701177,1774970550000,2026-03-31T15:22:30+00:00,60,,,,,,,,,,,,,,,,,,,,,
2327931,56526,Russia,4541701066,1774969650000,2026-03-31T15:07:30+00:00,60,,,,,,,,,,,,,,,,,,,,,
2327930,56526,Russia,4541700949,1774968750000,2026-03-31T14:52:30+00:00,60,,,,,,,,,,,,,,,,,,,,,
2329683,56526,Russia,4541700838,1774967850000,2026-03-31T14:37:30+00:00,50,2,4,8,10,11,14,15,18,19,,,,,,,,,,,,
2329647,56526,Russia,4541700730,1774966950000,2026-03-31T14:22:30+00:00,50,2,1,5,6,8,9,16,17,20,,,,,,,,,,,,
2329613,56526,Russia,4541700619,1774966050000,2026-03-31T14:07:30+00:00,50,3,2,5,6,9,10,13,16,19,,,,,,,,,,,,
2329576,56526,Russia,4541700508,1774965150000,2026-03-31T13:52:30+00:00,50,1,3,5,7,8,11,15,16,19,,,,,,,,,,,,
2329544,56526,Russia,4541700397,1774964250000,2026-03-31T13:37:30+00:00,50,1,1,2,3,4,5,7,14,17,,,,,,,,,,,,
2327929,56526,Russia,4541700295,1774963350000,2026-03-31T13:22:30+00:00,60,,,,,,,,,,,,,,,,,,,,,
2327928,56526,Russia,4541700178,1774962450000,2026-03-31T13:07:30+00:00,60,,,,,,,,,,,,,,,,,,,,,
2329461,56526,Russia,4541700058,1774961550000,2026-03-31T12:52:30+00:00,50,2,1,3,7,12,16,17,19,20,,,,,,,,,,,,
2329440,56526,Russia,4541699947,1774960650000,2026-03-31T12:37:30+00:00,50,1,8,9,10,11,14,15,17,19,,,,,,,,,,,,
2329398,56526,Russia,4541699839,1774959750000,2026-03-31T12:22:30+00:00,50,4,1,2,3,5,6,7,17,20,,,,,,,,,,,,
2329365,56526,Russia,4541699728,1774958850000,2026-03-31T12:07:30+00:00,50,2,2,5,7,11,12,14,16,17,,,,,,,,,,,,
2329319,56526,Russia,4541699611,1774957950000,2026-03-31T11:52:30+00:00,50,2,1,7,9,11,12,14,17,20,,,,,,,,,,,,
2329306,56526,Russia,4541699494,1774957050000,2026-03-31T11:37:30+00:00,50,3,4,8,11,13,14,16,17,18,,,,,,,,,,,,
2329272,56526,Russia,4541699389,1774956150000,2026-03-31T11:22:30+00:00,50,1,7,8,11,12,15,17,18,20,,,,,,,,,,,,
2329242,56526,Russia,4541699278,1774955250000,2026-03-31T11:07:30+00:00,50,1,1,7,10,11,13,16,17,20,,,,,,,,,,,,
2327926,56526,Russia,4541699167,1774954350000,2026-03-31T10:52:30+00:00,60,,,,,,,,,,,,,,,,,,,,,
2329176,56526,Russia,4541699047,1774953450000,2026-03-31T10:37:30+00:00,50,2,2,3,4,9,10,14,15,19,,,,,,,,,,,,
2327925,56526,Russia,4541698942,1774952550000,2026-03-31T10:22:30+00:00,60,,,,,,,,,,,,,,,,,,,,,
2327924,56526,Russia,4541698831,1774951650000,2026-03-31T10:07:30+00:00,60,,,,,,,,,,,,,,,,,,,,,
2327923,56526,Russia,4541698717,1774950750000,2026-03-31T09:52:30+00:00,60,,,,,,,,,,,,,,,,,,,,,
2329038,56526,Russia,4541698606,1774949850000,2026-03-31T09:37:30+00:00,50,4,1,2,6,7,8,9,10,13,,,,,,,,,,,,
2329021,56526,Russia,4541698501,1774948950000,2026-03-31T09:22:30+00:00,50,2,1,2,3,7,9,10,13,15,,,,,,,,,,,,
2327922,56526,Russia,4541698390,1774948050000,2026-03-31T09:07:30+00:00,60,,,,,,,,,,,,,,,,,,,,,
2328959,56526,Russia,4541698276,1774947150000,2026-03-31T08:52:30+00:00,50,2,2,3,5,7,8,9,13,14,,,,,,,,,,,,
2328930,56526,Russia,4541698165,1774946250000,2026-03-31T08:37:30+00:00,50,4,3,6,7,9,11,12,13,17,,,,,,,,,,,,
2328901,56526,Russia,4541698060,1774945350000,2026-03-31T08:22:30+00:00,50,3,2,3,4,10,14,15,16,19,,,,,,,,,,,,
2328870,56526,Russia,4541697949,1774944450000,2026-03-31T08:07:30+00:00,50,2,4,5,7,9,10,16,17,20,,,,,,,,,,,,
2328835,56526,Russia,4541697844,1774943550000,2026-03-31T07:52:30+00:00,50,4,1,5,7,10,12,16,18,19,,,,,,,,,,,,
2328809,56526,Russia,4541697742,1774942650000,2026-03-31T07:37:30+00:00,50,1,2,4,5,9,13,17,19,20,,,,,,,,,,,,
2327921,56526,Russia,4541697646,1774941750000,2026-03-31T07:22:30+00:00,60,,,,,,,,,,,,,,,,,,,,,
2327920,56526,Russia,4541697544,1774940850000,2026-03-31T07:07:30+00:00,60,,,,,,,,,,,,,,,,,,,,,
2327919,56526,Russia,4541697439,1774939950000,2026-03-31T06:52:30+00:00,60,,,,,,,,,,,,,,,,,,,,,
2328685,56526,Russia,4541697337,1774939050000,2026-03-31T06:37:30+00:00,50,4,1,4,5,7,10,12,17,18,,,,,,,,,,,,
2328647,56526,Russia,4541697244,1774938150000,2026-03-31T06:22:30+00:00,50,4,2,3,8,11,12,14,17,20,,,,,,,,,,,,
2328629,56526,Russia,4541697142,1774937250000,2026-03-31T06:07:30+00:00,50,3,1,4,7,8,11,12,14,19,,,,,,,,,,,,
2328580,56526,Russia,4541697043,1774936350000,2026-03-31T05:52:30+00:00,50,3,1,7,9,12,13,14,17,18,,,,,,,,,,,,
2328573,56526,Russia,4541696941,1774935450000,2026-03-31T05:37:30+00:00,50,1,2,6,8,10,11,15,18,19,,,,,,,,,,,,
2328546,56526,Russia,4541696848,1774934550000,2026-03-31T05:22:30+00:00,50,2,3,5,13,15,16,17,18,20,,,,,,,,,,,,
2328513,56526,Russia,4541696746,1774933650000,2026-03-31T05:07:30+00:00,50,4,2,3,4,6,7,9,10,11,,,,,,,,,,,,
2328497,56526,Russia,4541696656,1774932750000,2026-03-31T04:52:30+00:00,50,2,3,4,7,10,11,12,15,20,,,,,,,,,,,,
2328467,56526,Russia,4541696566,1774931850000,2026-03-31T04:37:30+00:00,50,3,1,2,3,11,15,16,17,18,,,,,,,,,,,,
2328458,56526,Russia,4541696488,1774930950000,2026-03-31T04:22:30+00:00,50,4,6,8,9,11,13,15,17,18,,,,,,,,,,,,
2328435,56526,Russia,4541696410,1774930050000,2026-03-31T04:07:30+00:00,50,1,5,6,7,11,12,17,18,20,,,,,,,,,,,,
2328414,56526,Russia,4541696338,1774929150000,2026-03-31T03:52:30+00:00,50,4,1,3,8,9,11,13,17,19,,,,,,,,,,,,
2328397,56526,Russia,4541696260,1774928250000,2026-03-31T03:37:30+00:00,50,4,5,7,9,14,15,18,19,20,,,,,,,,,,,,
2328360,56526,Russia,4541696185,1774927350000,2026-03-31T03:22:30+00:00,50,3,2,4,9,13,14,15,16,17,,,,,,,,,,,,
2328333,56526,Russia,4541696107,1774926450000,2026-03-31T03:07:30+00:00,50,1,1,2,7,9,13,14,15,17,,,,,,,,,,,,
2328319,56526,Russia,4541696035,1774925550000,2026-03-31T02:52:30+00:00,50,3,4,6,9,12,13,18,19,20,,,,,,,,,,,,
2328291,56526,Russia,4541695957,1774924650000,2026-03-31T02:37:30+00:00,50,4,3,5,6,7,12,13,14,18,,,,,,,,,,,,
2328260,56526,Russia,4541695882,1774923750000,2026-03-31T02:22:30+00:00,50,1,1,2,4,6,7,14,16,20,,,,,,,,,,,,
2328253,56526,Russia,4541695804,1774922850000,2026-03-31T02:07:30+00:00,50,2,2,3,6,7,9,10,16,18,,,,,,,,,,,,
2328227,56526,Russia,4541695732,1774921950000,2026-03-31T01:52:30+00:00,50,2,2,3,4,9,12,16,19,20,,,,,,,,,,,,
2328206,56526,Russia,4541695654,1774921050000,2026-03-31T01:37:30+00:00,50,3,2,5,6,11,13,16,18,20,,,,,,,,,,,,
2328183,56526,Russia,4541695579,1774920150000,2026-03-31T01:22:30+00:00,50,4,3,7,9,11,13,17,19,20,,,,,,,,,,,,
2328159,56526,Russia,4541695501,1774919250000,2026-03-31T01:07:30+00:00,50,4,1,3,6,10,13,16,17,20,,,,,,,,,,,,
2328142,56526,Russia,4541695429,1774918350000,2026-03-31T00:52:30+00:00,50,1,1,5,6,10,12,14,15,18,,,,,,,,,,,,
2328115,56526,Russia,4541695351,1774917450000,2026-03-31T00:37:30+00:00,50,2,1,2,4,5,6,7,19,20,,,,,,,,,,,,
2328106,56526,Russia,4541695276,1774916550000,2026-03-31T00:22:30+00:00,50,3,2,3,6,9,11,14,15,20,,,,,,,,,,,,
2328076,56526,Russia,4541695198,1774915650000,2026-03-31T00:07:30+00:00,50,3,1,2,3,7,14,17,18,19,,,,,,,,,,,,
2328053,56526,Russia,4539669571,1774914750000,2026-03-30T23:52:30+00:00,50,4,3,5,7,10,11,15,17,20,,,,,,,,,,,,
2328034,56526,Russia,4539669493,1774913850000,2026-03-30T23:37:30+00:00,50,1,1,5,6,8,9,13,14,16,,,,,,,,,,,,
2328018,56526,Russia,4539669418,1774912950000,2026-03-30T23:22:30+00:00,50,1,4,7,9,10,15,17,18,19,,,,,,,,,,,,
2327980,56526,Russia,4539669340,1774912050000,2026-03-30T23:07:30+00:00,50,2,1,2,9,10,12,13,18,19,,,,,,,,,,,,
2327971,56526,Russia,4539669268,1774911150000,2026-03-30T22:52:30+00:00,50,4,4,5,7,9,10,15,19,20,,,,,,,,,,,,
2327950,56526,Russia,4539669190,1774910250000,2026-03-30T22:37:30+00:00,50,2,1,2,4,5,6,17,19,20,,,,,,,,,,,,
2327901,56526,Russia,4539669115,1774909350000,2026-03-30T22:22:30+00:00,50,3,3,4,7,11,13,14,15,18,,,,,,,,,,,,
2327873,56526,Russia,4539669046,1774908450000,2026-03-30T22:07:30+00:00,50,2,2,3,5,7,10,12,18,19,,,,,,,,,,,,
2327860,56526,Russia,4539669004,1774907550000,2026-03-30T21:52:30+00:00,50,1,2,7,8,10,11,12,15,17,,,,,,,,,,,,
2327828,56526,Russia,4539668980,1774906650000,2026-03-30T21:37:30+00:00,50,2,4,10,11,12,15,18,19,20,,,,,,,,,,,,
2327817,56526,Russia,4539668956,1774905750000,2026-03-30T21:22:30+00:00,50,1,1,4,8,9,12,17,19,20,,,,,,,,,,,,
2327770,56526,Russia,4539668935,1774904850000,2026-03-30T21:07:30+00:00,50,1,2,7,8,10,13,15,16,19,,,,,,,,,,,,
2327735,56526,Russia,4539667705,1774903950000,2026-03-30T20:52:30+00:00,50,2,2,7,8,10,13,17,18,19,,,,,,,,,,,,
2327711,56526,Russia,4539667600,1774903050000,2026-03-30T20:37:30+00:00,50,4,3,5,7,10,12,13,15,19,,,,,,,,,,,,
2325181,56526,Russia,4539667507,1774902150000,2026-03-30T20:22:30+00:00,60,,,,,,,,,,,,,,,,,,,,,
2327643,56526,Russia,4539667399,1774901250000,2026-03-30T20:07:30+00:00,50,4,4,6,9,10,11,12,16,18,,,,,,,,,,,,
2327610,56526,Russia,4539667288,1774900350000,2026-03-30T19:52:30+00:00,50,3,7,9,10,11,16,17,18,20,,,,,,,,,,,,
2327578,56526,Russia,4539667168,1774899450000,2026-03-30T19:37:30+00:00,50,4,1,2,3,6,7,11,18,19,,,,,,,,,,,,
2325176,56526,Russia,4539667060,1774898550000,2026-03-30T19:22:30+00:00,60,,,,,,,,,,,,,,,,,,,,,
2325180,56526,Russia,4539666949,1774897650000,2026-03-30T19:07:30+00:00,60,,,,,,,,,,,,,,,,,,,,,
2325175,56526,Russia,4539666835,1774896750000,2026-03-30T18:52:30+00:00,60,,,,,,,,,,,,,,,,,,,,,
2327451,56526,Russia,4539666718,1774895850000,2026-03-30T18:37:30+00:00,50,2,5,6,9,11,12,13,15,18,,,,,,,,,,,,
2327419,56526,Russia,4539666598,1774894950000,2026-03-30T18:22:30+00:00,50,4,5,8,9,11,12,13,18,19,,,,,,,,,,,,
2327385,56526,Russia,4539666481,1774894050000,2026-03-30T18:07:30+00:00,50,3,1,3,4,7,14,15,17,20,,,,,,,,,,,,
2327356,56526,Russia,4539666355,1774893150000,2026-03-30T17:52:30+00:00,50,1,1,5,6,9,13,14,15,16,,,,,,,,,,,,
2327327,56526,Russia,4539666241,1774892250000,2026-03-30T17:37:30+00:00,50,1,2,6,10,12,14,15,16,17,,,,,,,,,,,,
2327305,56526,Russia,4539666133,1774891350000,2026-03-30T17:22:30+00:00,50,2,1,5,7,8,17,18,19,20,,,,,,,,,,,,
2325174,56526,Russia,4539666019,1774890450000,2026-03-30T17:07:30+00:00,60,,,,,,,,,,,,,,,,,,,,,
2325173,56526,Russia,4539665890,1774889550000,2026-03-30T16:52:30+00:00,60,,,,,,,,,,,,,,,,,,,,,
2327198,56526,Russia,4539665770,1774888650000,2026-03-30T16:37:30+00:00,50,2,1,3,4,6,10,15,17,18,,,,,,,,,,,,
2327165,56526,Russia,4539665659,1774887750000,2026-03-30T16:22:30+00:00,50,2,2,4,7,9,11,17,18,20,,,,,,,,,,,,
2327127,56526,Russia,4539665548,1774886850000,2026-03-30T16:07:30+00:00,50,3,1,2,5,6,11,12,15,18,,,,,,,,,,,,
2327107,56526,Russia,4539665434,1774885950000,2026-03-30T15:52:30+00:00,50,3,4,7,8,9,10,11,16,18,,,,,,,,,,,,
2327064,56526,Russia,4539665311,1774885050000,2026-03-30T15:37:30+00:00,50,3,5,6,8,9,11,13,16,19,,,,,,,,,,,,
2325172,56526,Russia,4539665203,1774884150000,2026-03-30T15:22:30+00:00,60,,,,,,,,,,,,,,,,,,,,,
2325171,56526,Russia,4539665092,1774883250000,2026-03-30T15:07:30+00:00,60,,,,,,,,,,,,,,,,,,,,,
2325170,56526,Russia,4539664975,1774882350000,2026-03-30T14:52:30+00:00,60,,,,,,,,,,,,,,,,,,,,,
2326946,56526,Russia,4539664864,1774881450000,2026-03-30T14:37:30+00:00,50,4,3,6,9,13,16,17,19,20,,,,,,,,,,,,
2326921,56526,Russia,4539664759,1774880550000,2026-03-30T14:22:30+00:00,50,3,1,5,7,8,9,14,17,19,,,,,,,,,,,,
2326888,56526,Russia,4539664648,1774879650000,2026-03-30T14:07:30+00:00,50,4,2,6,9,11,13,14,16,20,,,,,,,,,,,,
2326860,56526,Russia,4539664537,1774878750000,2026-03-30T13:52:30+00:00,50,1,8,11,12,13,17,18,19,20,,,,,,,,,,,,
2326829,56526,Russia,4539664426,1774877850000,2026-03-30T13:37:30+00:00,50,3,7,10,11,14,16,17,19,20,,,,,,,,,,,,
2325169,56526,Russia,4539664324,1774876950000,2026-03-30T13:22:30+00:00,60,,,,,,,,,,,,,,,,,,,,,
2325168,56526,Russia,4539664207,1774876050000,2026-03-30T13:07:30+00:00,60,,,,,,,,,,,,,,,,,,,,,
2326721,56526,Russia,4539664084,1774875150000,2026-03-30T12:52:30+00:00,50,2,5,7,10,12,14,15,16,17,,,,,,,,,,,,
2326693,56526,Russia,4539663973,1774874250000,2026-03-30T12:37:30+00:00,50,1,3,5,7,11,13,15,18,20,,,,,,,,,,,,
2326659,56526,Russia,4539663865,1774873350000,2026-03-30T12:22:30+00:00,50,1,1,2,10,11,12,13,17,18,,,,,,,,,,,,
2326613,56526,Russia,4539663754,1774872450000,2026-03-30T12:07:30+00:00,50,3,1,5,12,13,14,16,17,20,,,,,,,,,,,,
2326596,56526,Russia,4539663637,1774871550000,2026-03-30T11:52:30+00:00,50,1,1,6,12,13,15,17,18,20,,,,,,,,,,,,
2326566,56526,Russia,4539663520,1774870650000,2026-03-30T11:37:30+00:00,50,3,2,6,10,12,13,15,16,20,,,,,,,,,,,,
2326520,56526,Russia,4539663415,1774869750000,2026-03-30T11:22:30+00:00,50,1,2,3,4,7,8,13,14,19,,,,,,,,,,,,
2326487,56526,Russia,4539663304,1774868850000,2026-03-30T11:07:30+00:00,50,2,4,5,9,11,13,14,17,18,,,,,,,,,,,,
2325166,56526,Russia,4539663193,1774867950000,2026-03-30T10:52:30+00:00,60,,,,,,,,,,,,,,,,,,,,,
2326450,56526,Russia,4539663073,1774867050000,2026-03-30T10:37:30+00:00,50,1,2,4,6,8,9,10,14,20,,,,,,,,,,,,
2325165,56526,Russia,4539662965,1774866150000,2026-03-30T10:22:30+00:00,60,,,,,,,,,,,,,,,,,,,,,
2325164,56526,Russia,4539662854,1774865250000,2026-03-30T10:07:30+00:00,60,,,,,,,,,,,,,,,,,,,,,
2325160,56526,Russia,4539662740,1774864350000,2026-03-30T09:52:30+00:00,60,,,,,,,,,,,,,,,,,,,,,
2326318,56526,Russia,4539662626,1774863450000,2026-03-30T09:37:30+00:00,50,3,1,3,5,8,13,14,16,17,,,,,,,,,,,,
2326296,56526,Russia,4539662521,1774862550000,2026-03-30T09:22:30+00:00,50,4,4,5,10,14,15,16,17,18,,,,,,,,,,,,
2325158,56526,Russia,4539662410,1774861650000,2026-03-30T09:07:30+00:00,60,,,,,,,,,,,,,,,,,,,,,
2326228,56526,Russia,4539662296,1774860750000,2026-03-30T08:52:30+00:00,50,4,2,4,5,9,10,12,14,19,,,,,,,,,,,,
2326194,56526,Russia,4539662185,1774859850000,2026-03-30T08:37:30+00:00,50,2,6,8,9,10,14,15,18,19,,,,,,,,,,,,
2326179,56526,Russia,4539662077,1774858950000,2026-03-30T08:22:30+00:00,50,2,2,3,5,6,7,12,17,19,,,,,,,,,,,,
2326137,56526,Russia,4539661966,1774858050000,2026-03-30T08:07:30+00:00,50,3,1,3,5,7,11,13,17,19,,,,,,,,,,,,
2326108,56526,Russia,4539661861,1774857150000,2026-03-30T07:52:30+00:00,50,1,4,5,6,12,15,17,18,20,,,,,,,,,,,,
2326080,56526,Russia,4539661759,1774856250000,2026-03-30T07:37:30+00:00,50,2,4,5,6,8,10,15,16,19,,,,,,,,,,,,
2325157,56526,Russia,4539661663,1774855350000,2026-03-30T07:22:30+00:00,60,,,,,,,,,,,,,,,,,,,,,
2325155,56526,Russia,4539661561,1774854450000,2026-03-30T07:07:30+00:00,60,,,,,,,,,,,,,,,,,,,,,
2325154,56526,Russia,4539661456,1774853550000,2026-03-30T06:52:30+00:00,60,,,,,,,,,,,,,,,,,,,,,
2325960,56526,Russia,4539661354,1774852650000,2026-03-30T06:37:30+00:00,50,3,3,5,8,13,15,17,18,19,,,,,,,,,,,,
2325932,56526,Russia,4539661261,1774851750000,2026-03-30T06:22:30+00:00,50,4,4,8,10,12,14,18,19,20,,,,,,,,,,,,
2325893,56526,Russia,4539661159,1774850850000,2026-03-30T06:07:30+00:00,50,3,1,5,8,11,12,16,17,19,,,,,,,,,,,,
2325873,56526,Russia,4539661060,1774849950000,2026-03-30T05:52:30+00:00,50,1,1,2,5,9,13,14,15,16,,,,,,,,,,,,
2325845,56526,Russia,4539660958,1774849050000,2026-03-30T05:37:30+00:00,50,1,1,6,7,11,15,17,19,20,,,,,,,,,,,,
2325818,56526,Russia,4539660865,1774848150000,2026-03-30T05:22:30+00:00,50,2,9,10,14,15,17,18,19,20,,,,,,,,,,,,
2325776,56526,Russia,4539660763,1774847250000,2026-03-30T05:07:30+00:00,50,1,1,8,10,12,13,15,18,19,,,,,,,,,,,,
2325766,56526,Russia,4539660673,1774846350000,2026-03-30T04:52:30+00:00,50,1,2,5,8,10,12,15,17,18,,,,,,,,,,,,
2325738,56526,Russia,4539660583,1774845450000,2026-03-30T04:37:30+00:00,50,2,1,3,9,11,12,17,18,19,,,,,,,,,,,,
2325727,56526,Russia,4539660505,1774844550000,2026-03-30T04:22:30+00:00,50,2,1,6,8,10,12,14,17,19,,,,,,,,,,,,
2325705,56526,Russia,4539660427,1774843650000,2026-03-30T04:07:30+00:00,50,3,8,9,11,13,14,15,17,18,,,,,,,,,,,,
2325690,56526,Russia,4539660355,1774842750000,2026-03-30T03:52:30+00:00,50,1,2,3,5,6,8,11,16,19,,,,,,,,,,,,
2325662,56526,Russia,4539660277,1774841850000,2026-03-30T03:37:30+00:00,50,2,1,3,5,7,9,11,12,14,,,,,,,,,,,,
2325642,56526,Russia,4539660202,1774840950000,2026-03-30T03:22:30+00:00,50,2,2,5,8,13,15,16,17,19,,,,,,,,,,,,
2325611,56526,Russia,4539660124,1774840050000,2026-03-30T03:07:30+00:00,50,2,2,3,8,10,13,14,16,20,,,,,,,,,,,,
2325593,56526,Russia,4539660052,1774839150000,2026-03-30T02:52:30+00:00,50,2,1,2,6,9,10,14,16,20,,,,,,,,,,,,
2325561,56526,Russia,4539659974,1774838250000,2026-03-30T02:37:30+00:00,50,3,1,2,5,8,13,14,17,19,,,,,,,,,,,,
2325556,56526,Russia,4539659899,1774837350000,2026-03-30T02:22:30+00:00,50,1,1,5,6,12,17,18,19,20,,,,,,,,,,,,
2325528,56526,Russia,4539659821,1774836450000,2026-03-30T02:07:30+00:00,50,3,1,2,5,10,11,12,17,19,,,,,,,,,,,,
2325498,56526,Russia,4539659749,1774835550000,2026-03-30T01:52:30+00:00,50,2,2,4,11,12,15,16,18,19,,,,,,,,,,,,
2325484,56526,Russia,4539659671,1774834650000,2026-03-30T01:37:30+00:00,50,3,1,3,6,7,8,11,16,19,,,,,,,,,,,,
2325462,56526,Russia,4539659596,1774833750000,2026-03-30T01:22:30+00:00,50,1,3,5,8,11,12,13,17,19,,,,,,,,,,,,
2325448,56526,Russia,4539659518,1774832850000,2026-03-30T01:07:30+00:00,50,1,3,7,10,13,15,17,18,20,,,,,,,,,,,,
2325422,56526,Russia,4539659446,1774831950000,2026-03-30T00:52:30+00:00,50,3,2,5,6,7,8,14,18,20,,,,,,,,,,,,
2325397,56526,Russia,4539659368,1774831050000,2026-03-30T00:37:30+00:00,50,2,3,8,11,13,15,16,17,20,,,,,,,,,,,,
2325390,56526,Russia,4539659293,1774830150000,2026-03-30T00:22:30+00:00,50,2,1,5,7,9,10,15,16,19,,,,,,,,,,,,
2325358,56526,Russia,4539659215,1774829250000,2026-03-30T00:07:30+00:00,50,1,1,3,5,6,8,9,12,15,,,,,,,,,,,,
2325329,56526,Russia,4537389352,1774828350000,2026-03-29T23:52:30+00:00,50,4,1,3,9,10,13,14,15,16,,,,,,,,,,,,
2325316,56526,Russia,4537389274,1774827450000,2026-03-29T23:37:30+00:00,50,1,7,8,10,11,13,14,15,17,,,,,,,,,,,,
2325296,56526,Russia,4537389199,1774826550000,2026-03-29T23:22:30+00:00,50,2,4,5,6,7,9,12,16,18,,,,,,,,,,,,
2325280,56526,Russia,4537389121,1774825650000,2026-03-29T23:07:30+00:00,50,2,1,2,4,10,12,16,19,20,,,,,,,,,,,,
2325251,56526,Russia,4537389049,1774824750000,2026-03-29T22:52:30+00:00,50,2,2,3,5,8,10,14,19,20,,,,,,,,,,,,
2325225,56526,Russia,4537388971,1774823850000,2026-03-29T22:37:30+00:00,50,4,1,2,3,7,8,10,11,14,,,,,,,,,,,,
2325201,56526,Russia,4537388896,1774822950000,2026-03-29T22:22:30+00:00,50,4,10,12,13,15,16,17,18,20,,,,,,,,,,,,
2325190,56526,Russia,4537388827,1774822050000,2026-03-29T22:07:30+00:00,50,1,3,4,6,7,13,14,16,20,,,,,,,,,,,,
2325146,56526,Russia,4537388785,1774821150000,2026-03-29T21:52:30+00:00,50,4,2,3,4,7,14,17,19,20,,,,,,,,,,,,
2325117,56526,Russia,4537388761,1774820250000,2026-03-29T21:37:30+00:00,50,1,1,2,3,4,8,10,11,14,,,,,,,,,,,,
2325087,56526,Russia,4537388737,1774819350000,2026-03-29T21:22:30+00:00,50,3,7,10,13,14,16,18,19,20,,,,,,,,,,,,
2325059,56526,Russia,4537388716,1774818450000,2026-03-29T21:07:30+00:00,50,3,2,8,11,15,16,18,19,20,,,,,,,,,,,,
2325027,56526,Russia,4537387750,1774817550000,2026-03-29T20:52:30+00:00,50,3,5,6,7,8,10,11,13,14,,,,,,,,,,,,
2324992,56526,Russia,4537387645,1774816650000,2026-03-29T20:37:30+00:00,50,3,1,4,5,10,16,18,19,20,,,,,,,,,,,,
2322366,56526,Russia,4537387549,1774815750000,2026-03-29T20:22:30+00:00,60,,,,,,,,,,,,,,,,,,,,,
2324931,56526,Russia,4537387441,1774814850000,2026-03-29T20:07:30+00:00,50,1,10,11,12,13,14,15,19,20,,,,,,,,,,,,
2324887,56526,Russia,4537387330,1774813950000,2026-03-29T19:52:30+00:00,50,4,1,5,6,8,9,15,19,20,,,,,,,,,,,,
2324869,56526,Russia,4537387213,1774813050000,2026-03-29T19:37:30+00:00,50,2,4,7,8,9,10,12,16,17,,,,,,,,,,,,
2322365,56526,Russia,4537387102,1774812150000,2026-03-29T19:22:30+00:00,60,,,,,,,,,,,,,,,,,,,,,
2322364,56526,Russia,4537386991,1774811250000,2026-03-29T19:07:30+00:00,60,,,,,,,,,,,,,,,,,,,,,
2322363,56526,Russia,4537386874,1774810350000,2026-03-29T18:52:30+00:00,60,,,,,,,,,,,,,,,,,,,,,
2324758,56526,Russia,4537386760,1774809450000,2026-03-29T18:37:30+00:00,50,2,1,6,8,10,15,16,17,19,,,,,,,,,,,,
2324698,56526,Russia,4537386643,1774808550000,2026-03-29T18:22:30+00:00,50,4,2,8,9,11,14,15,17,18,,,,,,,,,,,,
2324672,56526,Russia,4537386532,1774807650000,2026-03-29T18:07:30+00:00,50,2,1,10,12,14,15,17,18,20,,,,,,,,,,,,
2324649,56526,Russia,4537386406,1774806750000,2026-03-29T17:52:30+00:00,50,3,3,4,9,12,14,16,17,18,,,,,,,,,,,,
2324620,56526,Russia,4537386292,1774805850000,2026-03-29T17:37:30+00:00,50,2,1,4,5,6,10,12,15,16,,,,,,,,,,,,
2324585,56526,Russia,4537386187,1774804950000,2026-03-29T17:22:30+00:00,50,3,2,4,6,8,12,13,15,18,,,,,,,,,,,,
2322362,56526,Russia,4537386070,1774804050000,2026-03-29T17:07:30+00:00,60,,,,,,,,,,,,,,,,,,,,,
2322361,56526,Russia,4537385941,1774803150000,2026-03-29T16:52:30+00:00,60,,,,,,,,,,,,,,,,,,,,,
2324489,56526,Russia,4537385821,1774802250000,2026-03-29T16:37:30+00:00,50,1,1,2,3,4,7,8,13,16,,,,,,,,,,,,
2324440,56526,Russia,4537385707,1774801350000,2026-03-29T16:22:30+00:00,50,4,1,3,4,11,13,16,17,18,,,,,,,,,,,,
2324424,56526,Russia,4537385596,1774800450000,2026-03-29T16:07:30+00:00,50,2,1,2,3,7,8,15,17,20,,,,,,,,,,,,
2324388,56526,Russia,4537385482,1774799550000,2026-03-29T15:52:30+00:00,50,2,1,4,10,11,12,13,14,15,,,,,,,,,,,,
2324355,56526,Russia,4537385362,1774798650000,2026-03-29T15:37:30+00:00,50,3,2,6,7,10,12,15,19,20,,,,,,,,,,,,
2322360,56526,Russia,4537385248,1774797750000,2026-03-29T15:22:30+00:00,60,,,,,,,,,,,,,,,,,,,,,
2322359,56526,Russia,4537385137,1774796850000,2026-03-29T15:07:30+00:00,60,,,,,,,,,,,,,,,,,,,,,
2322357,56526,Russia,4537385023,1774795950000,2026-03-29T14:52:30+00:00,60,,,,,,,,,,,,,,,,,,,,,
2324243,56526,Russia,4537384912,1774795050000,2026-03-29T14:37:30+00:00,50,1,8,9,12,15,17,18,19,20,,,,,,,,,,,,
2324202,56526,Russia,4537384804,1774794150000,2026-03-29T14:22:30+00:00,50,1,3,5,6,7,8,11,13,18,,,,,,,,,,,,
2324167,56526,Russia,4537384693,1774793250000,2026-03-29T14:07:30+00:00,50,2,5,7,8,11,12,16,18,19,,,,,,,,,,,,
2324141,56526,Russia,4537384582,1774792350000,2026-03-29T13:52:30+00:00,50,1,1,3,6,8,10,11,13,18,,,,,,,,,,,,
2324111,56526,Russia,4537384471,1774791450000,2026-03-29T13:37:30+00:00,50,4,1,2,4,5,11,14,18,19,,,,,,,,,,,,
2322356,56526,Russia,4537384369,1774790550000,2026-03-29T13:22:30+00:00,60,,,,,,,,,,,,,,,,,,,,,
2322354,56526,Russia,4537384252,1774789650000,2026-03-29T13:07:30+00:00,60,,,,,,,,,,,,,,,,,,,,,
2324014,56526,Russia,4537384132,1774788750000,2026-03-29T12:52:30+00:00,50,1,1,2,7,8,13,14,16,17,,,,,,,,,,,,
2323984,56526,Russia,4537384021,1774787850000,2026-03-29T12:37:30+00:00,50,1,1,2,8,11,13,14,17,19,,,,,,,,,,,,
2323943,56526,Russia,4537383910,1774786950000,2026-03-29T12:22:30+00:00,50,3,2,3,7,8,10,12,16,20,,,,,,,,,,,,
2323918,56526,Russia,4537383799,1774786050000,2026-03-29T12:07:30+00:00,50,3,1,7,8,12,13,14,16,20,,,,,,,,,,,,
2323882,56526,Russia,4537383682,1774785150000,2026-03-29T11:52:30+00:00,50,1,2,8,9,10,11,14,15,16,,,,,,,,,,,,
2323864,56526,Russia,4537383565,1774784250000,2026-03-29T11:37:30+00:00,50,2,1,2,6,10,12,13,14,16,,,,,,,,,,,,
2323826,56526,Russia,4537383460,1774783350000,2026-03-29T11:22:30+00:00,50,1,3,4,7,13,14,15,16,20,,,,,,,,,,,,
2323784,56526,Russia,4537383349,1774782450000,2026-03-29T11:07:30+00:00,50,1,1,3,6,8,9,10,14,15,,,,,,,,,,,,
2322348,56526,Russia,4537383238,1774781550000,2026-03-29T10:52:30+00:00,60,,,,,,,,,,,,,,,,,,,,,
2323734,56526,Russia,4537383118,1774780650000,2026-03-29T10:37:30+00:00,50,2,4,6,8,10,11,13,15,18,,,,,,,,,,,,
2322346,56526,Russia,4537383010,1774779750000,2026-03-29T10:22:30+00:00,60,,,,,,,,,,,,,,,,,,,,,
2322342,56526,Russia,4537382899,1774778850000,2026-03-29T10:07:30+00:00,60,,,,,,,,,,,,,,,,,,,,,
2322338,56526,Russia,4537382785,1774777950000,2026-03-29T09:52:30+00:00,60,,,,,,,,,,,,,,,,,,,,,
2323617,56526,Russia,4537382674,1774777050000,2026-03-29T09:37:30+00:00,50,4,3,6,7,8,12,13,14,16,,,,,,,,,,,,
2323585,56526,Russia,4537382569,1774776150000,2026-03-29T09:22:30+00:00,50,3,4,5,7,9,11,13,15,18,,,,,,,,,,,,
2322333,56526,Russia,4537382458,1774775250000,2026-03-29T09:07:30+00:00,60,,,,,,,,,,,,,,,,,,,,,
2323519,56526,Russia,4537382344,1774774350000,2026-03-29T08:52:30+00:00,50,3,3,5,6,7,9,14,17,18,,,,,,,,,,,,
2323490,56526,Russia,4537382233,1774773450000,2026-03-29T08:37:30+00:00,50,2,2,4,5,8,11,13,16,19,,,,,,,,,,,,
2323469,56526,Russia,4537382125,1774772550000,2026-03-29T08:22:30+00:00,50,3,1,3,6,8,9,12,15,19,,,,,,,,,,,,
2323413,56526,Russia,4537382014,1774771650000,2026-03-29T08:07:30+00:00,50,2,5,6,9,12,16,17,19,20,,,,,,,,,,,,
2323381,56526,Russia,4537381909,1774770750000,2026-03-29T07:52:30+00:00,50,4,2,5,7,8,9,12,16,18,,,,,,,,,,,,
2323372,56526,Russia,4537381807,1774769850000,2026-03-29T07:37:30+00:00,50,4,3,5,8,9,11,13,17,18,,,,,,,,,,,,
2322325,56526,Russia,4537381711,1774768950000,2026-03-29T07:22:30+00:00,60,,,,,,,,,,,,,,,,,,,,,
2322324,56526,Russia,4537381609,1774768050000,2026-03-29T07:07:30+00:00,60,,,,,,,,,,,,,,,,,,,,,
2322323,56526,Russia,4537381504,1774767150000,2026-03-29T06:52:30+00:00,60,,,,,,,,,,,,,,,,,,,,,
2323247,56526,Russia,4537381402,1774766250000,2026-03-29T06:37:30+00:00,50,2,1,3,5,6,12,13,19,20,,,,,,,,,,,,
2323202,56526,Russia,4537381306,1774765350000,2026-03-29T06:22:30+00:00,50,1,1,5,7,8,9,14,17,18,,,,,,,,,,,,
2323188,56526,Russia,4537381204,1774764450000,2026-03-29T06:07:30+00:00,50,3,1,9,10,14,17,18,19,20,,,,,,,,,,,,
2323160,56526,Russia,4537381105,1774763550000,2026-03-29T05:52:30+00:00,50,2,3,4,7,10,12,14,16,19,,,,,,,,,,,,
2323146,56526,Russia,4537381003,1774762650000,2026-03-29T05:37:30+00:00,50,4,1,4,5,9,10,12,15,17,,,,,,,,,,,,
2323107,56526,Russia,4537380910,1774761750000,2026-03-29T05:22:30+00:00,50,1,3,5,6,9,10,15,17,18,,,,,,,,,,,,
2323078,56526,Russia,4537380808,1774760850000,2026-03-29T05:07:30+00:00,50,4,2,5,10,11,12,14,15,18,,,,,,,,,,,,
2323045,56526,Russia,4537380718,1774759950000,2026-03-29T04:52:30+00:00,50,2,1,2,8,10,12,13,16,17,,,,,,,,,,,,
2323030,56526,Russia,4537380628,1774759050000,2026-03-29T04:37:30+00:00,50,2,2,4,5,7,10,11,13,16,,,,,,,,,,,,
2323001,56526,Russia,4537380547,1774758150000,2026-03-29T04:22:30+00:00,50,4,2,3,6,10,12,13,17,18,,,,,,,,,,,,
2322987,56526,Russia,4537380469,1774757250000,2026-03-29T04:07:30+00:00,50,2,3,4,6,8,12,14,18,19,,,,,,,,,,,,
2322955,56526,Russia,4537380397,1774756350000,2026-03-29T03:52:30+00:00,50,4,1,4,6,7,10,11,15,18,,,,,,,,,,,,
2322907,56526,Russia,4537380319,1774755450000,2026-03-29T03:37:30+00:00,50,4,3,4,5,9,11,13,15,18,,,,,,,,,,,,
2322884,56526,Russia,4537380244,1774754550000,2026-03-29T03:22:30+00:00,50,2,4,6,7,9,10,14,16,18,,,,,,,,,,,,
2322859,56526,Russia,4537380166,1774753650000,2026-03-29T03:07:30+00:00,50,2,1,3,5,7,10,11,13,17,,,,,,,,,,,,
2322832,56526,Russia,4537380094,1774752750000,2026-03-29T02:52:30+00:00,50,1,3,7,9,10,11,12,17,20,,,,,,,,,,,,
2322807,56526,Russia,4537380016,1774751850000,2026-03-29T02:37:30+00:00,50,2,5,6,11,12,15,16,18,20,,,,,,,,,,,,
2322791,56526,Russia,4537379938,1774750950000,2026-03-29T02:22:30+00:00,50,4,6,7,10,11,13,14,19,20,,,,,,,,,,,,
2322749,56526,Russia,4537379860,1774750050000,2026-03-29T02:07:30+00:00,50,3,3,4,5,11,14,15,16,17,,,,,,,,,,,,
2322722,56526,Russia,4537379788,1774749150000,2026-03-29T01:52:30+00:00,50,1,3,4,6,8,12,15,17,19,,,,,,,,,,,,
2322696,56526,Russia,4537379710,1774748250000,2026-03-29T01:37:30+00:00,50,3,2,7,8,13,14,16,18,20,,,,,,,,,,,,
2322691,56526,Russia,4537379635,1774747350000,2026-03-29T01:22:30+00:00,50,4,1,2,4,7,8,9,10,11,,,,,,,,,,,,
2322676,56526,Russia,4537379557,1774746450000,2026-03-29T01:07:30+00:00,50,4,1,3,4,6,8,9,16,20,,,,,,,,,,,,
2322657,56526,Russia,4537379485,1774745550000,2026-03-29T00:52:30+00:00,50,1,5,9,11,12,13,15,16,20,,,,,,,,,,,,
2322638,56526,Russia,4537379407,1774744650000,2026-03-29T00:37:30+00:00,50,1,4,6,11,12,13,14,17,20,,,,,,,,,,,,
2322621,56526,Russia,4537379332,1774743750000,2026-03-29T00:22:30+00:00,50,4,2,4,6,7,10,11,14,15,,,,,,,,,,,,
2322601,56526,Russia,4537379254,1774742850000,2026-03-29T00:07:30+00:00,50,1,4,6,8,13,14,15,17,19,,,,,,,,,,,,
2322578,56526,Russia,4535637463,1774741950000,2026-03-28T23:52:30+00:00,50,4,1,2,5,6,7,8,14,17,,,,,,,,,,,,
2322560,56526,Russia,4535637385,1774741050000,2026-03-28T23:37:30+00:00,50,1,5,7,8,9,13,14,15,20,,,,,,,,,,,,
2322546,56526,Russia,4535637310,1774740150000,2026-03-28T23:22:30+00:00,50,3,2,4,6,9,10,12,16,19,,,,,,,,,,,,
2322531,56526,Russia,4535637241,1774739250000,2026-03-28T23:07:30+00:00,50,4,1,6,8,9,10,14,16,18,,,,,,,,,,,,
2322508,56526,Russia,4535637199,1774738350000,2026-03-28T22:52:30+00:00,50,3,6,9,10,13,14,17,19,20,,,,,,,,,,,,
2322479,56526,Russia,4535637175,1774737450000,2026-03-28T22:37:30+00:00,50,2,1,7,8,10,14,18,19,20,,,,,,,,,,,,
2322433,56526,Russia,4535637151,1774736550000,2026-03-28T22:22:30+00:00,50,2,1,2,8,10,11,12,16,17,,,,,,,,,,,,
2322408,56526,Russia,4535637127,1774735650000,2026-03-28T22:07:30+00:00,50,2,1,2,3,4,7,9,18,20,,,,,,,,,,,,
2322387,56526,Russia,4535637106,1774734750000,2026-03-28T21:52:30+00:00,50,3,1,2,3,4,10,13,14,19,,,,,,,,,,,,
2322322,56526,Russia,4535637091,1774733850000,2026-03-28T21:37:30+00:00,50,1,7,11,12,13,14,16,17,19,,,,,,,,,,,,
2322294,56526,Russia,4535637076,1774732950000,2026-03-28T21:22:30+00:00,50,4,2,3,5,7,9,12,16,17,,,,,,,,,,,,
2322273,56526,Russia,4535637064,1774732050000,2026-03-28T21:07:30+00:00,50,3,1,2,5,7,8,11,13,20,,,,,,,,,,,,
2322239,56526,Russia,4535635750,1774731150000,2026-03-28T20:52:30+00:00,50,3,2,9,10,11,12,13,16,19,,,,,,,,,,,,
2322211,56526,Russia,4535635630,1774730250000,2026-03-28T20:37:30+00:00,50,1,1,7,10,11,12,17,18,20,,,,,,,,,,,,
2320212,56526,Russia,4535635531,1774729350000,2026-03-28T20:22:30+00:00,60,,,,,,,,,,,,,,,,,,,,,
2322122,56526,Russia,4535635417,1774728450000,2026-03-28T20:07:30+00:00,50,2,3,5,6,8,10,16,17,20,,,,,,,,,,,,
2322107,56526,Russia,4535635306,1774727550000,2026-03-28T19:52:30+00:00,50,3,1,4,5,8,11,14,18,19,,,,,,,,,,,,
2322033,56526,Russia,4535635183,1774726650000,2026-03-28T19:37:30+00:00,50,3,10,12,13,14,15,17,19,20,,,,,,,,,,,,
2320211,56526,Russia,4535635069,1774725750000,2026-03-28T19:22:30+00:00,60,,,,,,,,,,,,,,,,,,,,,
2320210,56526,Russia,4535634952,1774724850000,2026-03-28T19:07:30+00:00,60,,,,,,,,,,,,,,,,,,,,,
2320209,56526,Russia,4535634811,1774723950000,2026-03-28T18:52:30+00:00,60,,,,,,,,,,,,,,,,,,,,,
2321946,56526,Russia,4535634700,1774723050000,2026-03-28T18:37:30+00:00,50,4,1,4,5,8,12,14,16,19,,,,,,,,,,,,
2321905,56526,Russia,4535634580,1774722150000,2026-03-28T18:22:30+00:00,50,4,1,2,8,10,12,13,17,20,,,,,,,,,,,,
2321880,56526,Russia,4535634466,1774721250000,2026-03-28T18:07:30+00:00,50,4,1,2,8,9,10,13,19,20,,,,,,,,,,,,
2321844,56526,Russia,4535634346,1774720350000,2026-03-28T17:52:30+00:00,50,3,1,2,5,8,14,16,17,20,,,,,,,,,,,,
2321813,56526,Russia,4535634226,1774719450000,2026-03-28T17:37:30+00:00,50,2,3,4,7,9,12,15,16,19,,,,,,,,,,,,
2321791,56526,Russia,4535634115,1774718550000,2026-03-28T17:22:30+00:00,50,1,4,6,8,9,10,13,18,19,,,,,,,,,,,,
2320208,56526,Russia,4535633998,1774717650000,2026-03-28T17:07:30+00:00,60,,,,,,,,,,,,,,,,,,,,,
2320207,56526,Russia,4535633863,1774716750000,2026-03-28T16:52:30+00:00,60,,,,,,,,,,,,,,,,,,,,,
2321669,56526,Russia,4535633743,1774715850000,2026-03-28T16:37:30+00:00,50,1,5,6,10,11,13,14,15,18,,,,,,,,,,,,
2321650,56526,Russia,4535633632,1774714950000,2026-03-28T16:22:30+00:00,50,4,1,4,7,10,12,15,16,17,,,,,,,,,,,,
2321618,56526,Russia,4535633521,1774714050000,2026-03-28T16:07:30+00:00,50,3,2,3,5,6,7,8,13,19,,,,,,,,,,,,
2321583,56526,Russia,4535633407,1774713150000,2026-03-28T15:52:30+00:00,50,2,1,2,6,12,14,15,16,19,,,,,,,,,,,,
2321557,56526,Russia,4535633290,1774712250000,2026-03-28T15:37:30+00:00,50,4,3,4,8,10,11,16,17,19,,,,,,,,,,,,
2320206,56526,Russia,4535633182,1774711350000,2026-03-28T15:22:30+00:00,60,,,,,,,,,,,,,,,,,,,,,
2320205,56526,Russia,4535633071,1774710450000,2026-03-28T15:07:30+00:00,60,,,,,,,,,,,,,,,,,,,,,
2320204,56526,Russia,4535632951,1774709550000,2026-03-28T14:52:30+00:00,60,,,,,,,,,,,,,,,,,,,,,
2321434,56526,Russia,4535632840,1774708650000,2026-03-28T14:37:30+00:00,50,3,1,2,3,7,8,13,18,20,,,,,,,,,,,,
2321406,56526,Russia,4535632732,1774707750000,2026-03-28T14:22:30+00:00,50,1,5,6,8,14,15,17,18,19,,,,,,,,,,,,
2321382,56526,Russia,4535632621,1774706850000,2026-03-28T14:07:30+00:00,50,4,1,2,3,4,10,11,13,15,,,,,,,,,,,,
2321339,56526,Russia,4535632504,1774705950000,2026-03-28T13:52:30+00:00,50,2,4,5,10,11,14,16,18,20,,,,,,,,,,,,
2321308,56526,Russia,4535632393,1774705050000,2026-03-28T13:37:30+00:00,50,3,1,2,3,4,7,8,12,14,,,,,,,,,,,,
2320203,56526,Russia,4535632288,1774704150000,2026-03-28T13:22:30+00:00,60,,,,,,,,,,,,,,,,,,,,,
2320201,56526,Russia,4535632171,1774703250000,2026-03-28T13:07:30+00:00,60,,,,,,,,,,,,,,,,,,,,,
2321211,56526,Russia,4535632051,1774702350000,2026-03-28T12:52:30+00:00,50,2,5,7,10,11,13,14,15,19,,,,,,,,,,,,
2321178,56526,Russia,4535631937,1774701450000,2026-03-28T12:37:30+00:00,50,2,1,4,8,12,14,15,17,20,,,,,,,,,,,,
2321148,56526,Russia,4535631829,1774700550000,2026-03-28T12:22:30+00:00,50,3,1,4,5,9,12,18,19,20,,,,,,,,,,,,
2321116,56526,Russia,4535631718,1774699650000,2026-03-28T12:07:30+00:00,50,1,7,9,10,12,13,16,17,20,,,,,,,,,,,,
2321095,56526,Russia,4535631607,1774698750000,2026-03-28T11:52:30+00:00,50,2,1,2,5,10,15,17,18,20,,,,,,,,,,,,
2321054,56526,Russia,4535631490,1774697850000,2026-03-28T11:37:30+00:00,50,3,4,5,7,9,10,12,14,17,,,,,,,,,,,,
2321033,56526,Russia,4535631382,1774696950000,2026-03-28T11:22:30+00:00,50,1,2,3,4,8,11,14,17,19,,,,,,,,,,,,
2320987,56526,Russia,4535631271,1774696050000,2026-03-28T11:07:30+00:00,50,1,2,5,7,8,11,13,16,19,,,,,,,,,,,,
2320200,56526,Russia,4535631160,1774695150000,2026-03-28T10:52:30+00:00,60,,,,,,,,,,,,,,,,,,,,,
2320933,56526,Russia,4535631043,1774694250000,2026-03-28T10:37:30+00:00,50,2,1,3,4,9,10,16,17,19,,,,,,,,,,,,
2320198,56526,Russia,4535630935,1774693350000,2026-03-28T10:22:30+00:00,60,,,,,,,,,,,,,,,,,,,,,
2320197,56526,Russia,4535630824,1774692450000,2026-03-28T10:07:30+00:00,60,,,,,,,,,,,,,,,,,,,,,
2320196,56526,Russia,4535630710,1774691550000,2026-03-28T09:52:30+00:00,60,,,,,,,,,,,,,,,,,,,,,
2320818,56526,Russia,4535630599,1774690650000,2026-03-28T09:37:30+00:00,50,4,2,4,6,10,12,14,16,20,,,,,,,,,,,,
2320781,56526,Russia,4535630488,1774689750000,2026-03-28T09:22:30+00:00,50,1,1,3,4,10,14,16,17,19,,,,,,,,,,,,
2320195,56526,Russia,4535630377,1774688850000,2026-03-28T09:07:30+00:00,60,,,,,,,,,,,,,,,,,,,,,
2320721,56526,Russia,4535630263,1774687950000,2026-03-28T08:52:30+00:00,50,3,3,9,10,11,13,14,15,16,,,,,,,,,,,,
2320680,56526,Russia,4535630152,1774687050000,2026-03-28T08:37:30+00:00,50,1,3,6,7,8,9,11,13,17,,,,,,,,,,,,
2320658,56526,Russia,4535630047,1774686150000,2026-03-28T08:22:30+00:00,50,3,4,7,9,11,12,15,16,17,,,,,,,,,,,,
2320632,56526,Russia,4535629936,1774685250000,2026-03-28T08:07:30+00:00,50,3,1,2,4,5,7,15,19,20,,,,,,,,,,,,
2320601,56526,Russia,4535629831,1774684350000,2026-03-28T07:52:30+00:00,50,2,1,3,8,11,12,13,14,15,,,,,,,,,,,,
2320562,56526,Russia,4535629729,1774683450000,2026-03-28T07:37:30+00:00,50,4,3,5,6,10,16,17,18,20,,,,,,,,,,,,
2320193,56526,Russia,4535629633,1774682550000,2026-03-28T07:22:30+00:00,60,,,,,,,,,,,,,,,,,,,,,
2320192,56526,Russia,4535629531,1774681650000,2026-03-28T07:07:30+00:00,60,,,,,,,,,,,,,,,,,,,,,
2320190,56526,Russia,4535629426,1774680750000,2026-03-28T06:52:30+00:00,60,,,,,,,,,,,,,,,,,,,,,
2320469,56526,Russia,4535629324,1774679850000,2026-03-28T06:37:30+00:00,50,1,1,2,8,12,14,16,18,19,,,,,,,,,,,,
2320426,56526,Russia,4535629225,1774678950000,2026-03-28T06:22:30+00:00,50,2,1,5,6,7,8,12,17,19,,,,,,,,,,,,
2320417,56526,Russia,4535629123,1774678050000,2026-03-28T06:07:30+00:00,50,1,1,2,6,7,8,9,16,20,,,,,,,,,,,,
2320384,56526,Russia,4535629033,1774677150000,2026-03-28T05:52:30+00:00,50,2,8,9,13,14,16,17,19,20,,,,,,,,,,,,
2320362,56526,Russia,4535628943,1774676250000,2026-03-28T05:37:30+00:00,50,4,2,3,8,10,11,15,17,18,,,,,,,,,,,,
2320342,56526,Russia,4535628865,1774675350000,2026-03-28T05:22:30+00:00,50,4,2,3,6,8,13,16,19,20,,,,,,,,,,,,
2320313,56526,Russia,4535628787,1774674450000,2026-03-28T05:07:30+00:00,50,2,2,4,6,11,12,14,17,20,,,,,,,,,,,,
2320307,56526,Russia,4535628715,1774673550000,2026-03-28T04:52:30+00:00,50,4,5,6,12,13,16,17,19,20,,,,,,,,,,,,
2320296,56526,Russia,4535628637,1774672650000,2026-03-28T04:37:30+00:00,50,4,1,4,6,8,9,12,13,15,,,,,,,,,,,,
2320271,56526,Russia,4535628559,1774671750000,2026-03-28T04:22:30+00:00,50,3,4,6,9,14,15,16,17,20,,,,,,,,,,,,
2320252,56526,Russia,4535628481,1774670850000,2026-03-28T04:07:30+00:00,50,4,2,4,10,11,13,16,17,18,,,,,,,,,,,,
2320229,56526,Russia,4535628409,1774669950000,2026-03-28T03:52:30+00:00,50,1,1,3,5,7,8,10,16,18,,,,,,,,,,,,
2320188,56526,Russia,4535628331,1774669050000,2026-03-28T03:37:30+00:00,50,3,1,7,8,9,10,12,15,16,,,,,,,,,,,,
2320157,56526,Russia,4535628256,1774668150000,2026-03-28T03:22:30+00:00,50,4,2,3,9,11,12,13,15,16,,,,,,,,,,,,
2320132,56526,Russia,4535628178,1774667250000,2026-03-28T03:07:30+00:00,50,4,2,5,6,9,11,12,17,19,,,,,,,,,,,,
2320124,56526,Russia,4535628106,1774666350000,2026-03-28T02:52:30+00:00,50,2,4,5,7,8,15,17,18,19,,,,,,,,,,,,
2320088,56526,Russia,4535628028,1774665450000,2026-03-28T02:37:30+00:00,50,1,1,2,3,6,11,13,14,15,,,,,,,,,,,,
2320065,56526,Russia,4535627950,1774664550000,2026-03-28T02:22:30+00:00,50,4,2,6,11,15,16,18,19,20,,,,,,,,,,,,
2320054,56526,Russia,4535627872,1774663650000,2026-03-28T02:07:30+00:00,50,2,4,5,7,10,12,15,17,20,,,,,,,,,,,,
2320023,56526,Russia,4535627800,1774662750000,2026-03-28T01:52:30+00:00,50,4,1,2,3,4,10,11,12,15,,,,,,,,,,,,
2320005,56526,Russia,4535627722,1774661850000,2026-03-28T01:37:30+00:00,50,2,2,3,5,6,7,10,17,19,,,,,,,,,,,,
2319987,56526,Russia,4535627647,1774660950000,2026-03-28T01:22:30+00:00,50,4,3,6,10,11,13,16,18,19,,,,,,,,,,,,
2319963,56526,Russia,4535627569,1774660050000,2026-03-28T01:07:30+00:00,50,1,2,3,4,7,8,14,17,20,,,,,,,,,,,,
2319942,56526,Russia,4535627497,1774659150000,2026-03-28T00:52:30+00:00,50,1,2,4,6,12,13,16,18,20,,,,,,,,,,,,
2319920,56526,Russia,4535627419,1774658250000,2026-03-28T00:37:30+00:00,50,4,1,2,5,6,8,10,15,20,,,,,,,,,,,,
2319900,56526,Russia,4535627344,1774657350000,2026-03-28T00:22:30+00:00,50,1,3,4,7,10,11,13,14,20,,,,,,,,,,,,
2319890,56526,Russia,4535627266,1774656450000,2026-03-28T00:07:30+00:00,50,3,1,2,5,6,10,14,15,18,,,,,,,,,,,,
2319857,56526,Russia,4533491752,1774655550000,2026-03-27T23:52:30+00:00,50,2,2,4,6,7,8,9,13,15,,,,,,,,,,,,
2319837,56526,Russia,4533491674,1774654650000,2026-03-27T23:37:30+00:00,50,4,2,4,12,13,14,16,18,19,,,,,,,,,,,,
2319816,56526,Russia,4533491599,1774653750000,2026-03-27T23:22:30+00:00,50,2,2,4,9,10,11,13,16,19,,,,,,,,,,,,
2319798,56526,Russia,4533491530,1774652850000,2026-03-27T23:07:30+00:00,50,2,1,4,7,13,14,16,17,18,,,,,,,,,,,,
2319767,56526,Russia,4533491488,1774651950000,2026-03-27T22:52:30+00:00,50,2,6,9,10,12,13,14,18,20,,,,,,,,,,,,
2319743,56526,Russia,4533491464,1774651050000,2026-03-27T22:37:30+00:00,50,3,5,6,10,11,13,15,16,17,,,,,,,,,,,,
2319715,56526,Russia,4533491440,1774650150000,2026-03-27T22:22:30+00:00,50,1,1,4,8,13,16,17,19,20,,,,,,,,,,,,
2319674,56526,Russia,4533491416,1774649250000,2026-03-27T22:07:30+00:00,50,1,4,5,10,11,13,15,16,17,,,,,,,,,,,,
2319656,56526,Russia,4533491395,1774648350000,2026-03-27T21:52:30+00:00,50,4,3,4,6,7,9,10,11,13,,,,,,,,,,,,
2319631,56526,Russia,4533491380,1774647450000,2026-03-27T21:37:30+00:00,50,1,1,4,5,8,11,13,17,18,,,,,,,,,,,,
2319593,56526,Russia,4533491365,1774646550000,2026-03-27T21:22:30+00:00,50,3,1,9,10,11,14,15,16,18,,,,,,,,,,,,
2319562,56526,Russia,4533491353,1774645650000,2026-03-27T21:07:30+00:00,50,2,2,3,8,9,10,11,18,19,,,,,,,,,,,,
2319525,56526,Russia,4533490039,1774644750000,2026-03-27T20:52:30+00:00,50,2,1,4,6,9,11,13,15,20,,,,,,,,,,,,
2319482,56526,Russia,4533489928,1774643850000,2026-03-27T20:37:30+00:00,50,1,3,4,5,13,14,15,16,19,,,,,,,,,,,,
2317255,56526,Russia,4533489829,1774642950000,2026-03-27T20:22:30+00:00,60,,,,,,,,,,,,,,,,,,,,,
2319436,56526,Russia,4533489721,1774642050000,2026-03-27T20:07:30+00:00,50,4,4,5,7,8,11,13,15,16,,,,,,,,,,,,
2319399,56526,Russia,4533489613,1774641150000,2026-03-27T19:52:30+00:00,50,4,4,5,6,8,10,11,14,16,,,,,,,,,,,,
2319379,56526,Russia,4533489493,1774640250000,2026-03-27T19:37:30+00:00,50,1,1,2,4,8,11,14,17,19,,,,,,,,,,,,
2317252,56526,Russia,4533489382,1774639350000,2026-03-27T19:22:30+00:00,60,,,,,,,,,,,,,,,,,,,,,
2317250,56526,Russia,4533489271,1774638450000,2026-03-27T19:07:30+00:00,60,,,,,,,,,,,,,,,,,,,,,
2317249,56526,Russia,4533489133,1774637550000,2026-03-27T18:52:30+00:00,60,,,,,,,,,,,,,,,,,,,,,
2319240,56526,Russia,4533489022,1774636650000,2026-03-27T18:37:30+00:00,50,2,3,5,7,11,16,17,19,20,,,,,,,,,,,,
2319204,56526,Russia,4533488905,1774635750000,2026-03-27T18:22:30+00:00,50,3,3,4,8,15,16,17,19,20,,,,,,,,,,,,
2319176,56526,Russia,4533488791,1774634850000,2026-03-27T18:07:30+00:00,50,1,2,6,7,8,12,16,17,20,,,,,,,,,,,,
2319147,56526,Russia,4533488674,1774633950000,2026-03-27T17:52:30+00:00,50,2,2,5,8,9,11,14,19,20,,,,,,,,,,,,
2319105,56526,Russia,4533488554,1774633050000,2026-03-27T17:37:30+00:00,50,1,1,2,5,9,14,18,19,20,,,,,,,,,,,,
2317248,56526,Russia,4533488443,1774632150000,2026-03-27T17:22:30+00:00,60,,,,,,,,,,,,,,,,,,,,,
2317247,56526,Russia,4533488332,1774631250000,2026-03-27T17:07:30+00:00,60,,,,,,,,,,,,,,,,,,,,,
2317244,56526,Russia,4533488200,1774630350000,2026-03-27T16:52:30+00:00,60,,,,,,,,,,,,,,,,,,,,,
2318981,56526,Russia,4533488080,1774629450000,2026-03-27T16:37:30+00:00,50,3,5,6,8,10,11,12,13,19,,,,,,,,,,,,
2318944,56526,Russia,4533487969,1774628550000,2026-03-27T16:22:30+00:00,50,4,2,4,7,9,10,13,14,16,,,,,,,,,,,,
2318908,56526,Russia,4533487858,1774627650000,2026-03-27T16:07:30+00:00,50,1,3,6,9,10,11,12,13,19,,,,,,,,,,,,
2318885,56526,Russia,4533487747,1774626750000,2026-03-27T15:52:30+00:00,50,1,1,4,5,8,9,13,15,16,,,,,,,,,,,,
2318871,56526,Russia,4533487624,1774625850000,2026-03-27T15:37:30+00:00,50,2,1,4,8,9,13,16,17,18,,,,,,,,,,,,
2317243,56526,Russia,4533487516,1774624950000,2026-03-27T15:22:30+00:00,60,,,,,,,,,,,,,,,,,,,,,
2317242,56526,Russia,4533487405,1774624050000,2026-03-27T15:07:30+00:00,60,,,,,,,,,,,,,,,,,,,,,
2317241,56526,Russia,4533487288,1774623150000,2026-03-27T14:52:30+00:00,60,,,,,,,,,,,,,,,,,,,,,
2318735,56526,Russia,4533487177,1774622250000,2026-03-27T14:37:30+00:00,50,2,5,7,9,13,14,16,18,20,,,,,,,,,,,,
2318692,56526,Russia,4533487066,1774621350000,2026-03-27T14:22:30+00:00,50,1,3,5,6,7,8,13,17,20,,,,,,,,,,,,
2318656,56526,Russia,4533486955,1774620450000,2026-03-27T14:07:30+00:00,50,1,1,3,9,10,12,15,16,20,,,,,,,,,,,,
2318641,56526,Russia,4533486838,1774619550000,2026-03-27T13:52:30+00:00,50,4,1,2,7,8,9,10,12,19,,,,,,,,,,,,
2318613,56526,Russia,4533486727,1774618650000,2026-03-27T13:37:30+00:00,50,3,1,5,7,9,11,13,15,20,,,,,,,,,,,,
2317240,56526,Russia,4533486622,1774617750000,2026-03-27T13:22:30+00:00,60,,,,,,,,,,,,,,,,,,,,,
2317239,56526,Russia,4533486505,1774616850000,2026-03-27T13:07:30+00:00,60,,,,,,,,,,,,,,,,,,,,,
2317238,56526,Russia,4533486385,1774615950000,2026-03-27T12:52:30+00:00,60,,,,,,,,,,,,,,,,,,,,,
2318490,56526,Russia,4533486271,1774615050000,2026-03-27T12:37:30+00:00,50,2,1,4,5,8,11,13,15,18,,,,,,,,,,,,
2318460,56526,Russia,4533486163,1774614150000,2026-03-27T12:22:30+00:00,50,4,1,3,11,13,14,17,18,20,,,,,,,,,,,,
2318418,56526,Russia,4533486052,1774613250000,2026-03-27T12:07:30+00:00,50,1,2,5,7,8,12,13,14,17,,,,,,,,,,,,
2318395,56526,Russia,4533485941,1774612350000,2026-03-27T11:52:30+00:00,50,3,4,6,7,11,12,13,14,15,,,,,,,,,,,,
2318353,56526,Russia,4533485824,1774611450000,2026-03-27T11:37:30+00:00,50,3,2,4,5,6,13,14,18,20,,,,,,,,,,,,
2318334,56526,Russia,4533485719,1774610550000,2026-03-27T11:22:30+00:00,50,2,5,6,8,9,13,17,18,20,,,,,,,,,,,,
2318301,56526,Russia,4533485608,1774609650000,2026-03-27T11:07:30+00:00,50,1,1,5,7,8,9,14,18,20,,,,,,,,,,,,
2317237,56526,Russia,4533485497,1774608750000,2026-03-27T10:52:30+00:00,60,,,,,,,,,,,,,,,,,,,,,
2318248,56526,Russia,4533485380,1774607850000,2026-03-27T10:37:30+00:00,50,1,1,4,5,13,14,15,17,19,,,,,,,,,,,,
2317236,56526,Russia,4533485272,1774606950000,2026-03-27T10:22:30+00:00,60,,,,,,,,,,,,,,,,,,,,,
2317235,56526,Russia,4533485161,1774606050000,2026-03-27T10:07:30+00:00,60,,,,,,,,,,,,,,,,,,,,,
2317234,56526,Russia,4533485047,1774605150000,2026-03-27T09:52:30+00:00,60,,,,,,,,,,,,,,,,,,,,,
2318117,56526,Russia,4533484933,1774604250000,2026-03-27T09:37:30+00:00,50,1,1,2,3,6,10,16,18,19,,,,,,,,,,,,
2317233,56526,Russia,4533484825,1774603350000,2026-03-27T09:22:30+00:00,60,,,,,,,,,,,,,,,,,,,,,
2317231,56526,Russia,4533484714,1774602450000,2026-03-27T09:07:30+00:00,60,,,,,,,,,,,,,,,,,,,,,
2317230,56526,Russia,4533484600,1774601550000,2026-03-27T08:52:30+00:00,60,,,,,,,,,,,,,,,,,,,,,
2318003,56526,Russia,4533484489,1774600650000,2026-03-27T08:37:30+00:00,50,2,1,2,5,7,11,14,17,20,,,,,,,,,,,,
2317965,56526,Russia,4533484381,1774599750000,2026-03-27T08:22:30+00:00,50,4,10,13,14,15,16,17,18,20,,,,,,,,,,,,
2317939,56526,Russia,4533484270,1774598850000,2026-03-27T08:07:30+00:00,50,2,3,4,6,9,13,14,15,16,,,,,,,,,,,,
2317911,56526,Russia,4533484165,1774597950000,2026-03-27T07:52:30+00:00,50,4,1,2,5,6,10,12,13,16,,,,,,,,,,,,
2317879,56526,Russia,4533484063,1774597050000,2026-03-27T07:37:30+00:00,50,4,1,4,7,10,15,17,18,19,,,,,,,,,,,,
2317225,56526,Russia,4533483967,1774596150000,2026-03-27T07:22:30+00:00,60,,,,,,,,,,,,,,,,,,,,,
2317224,56526,Russia,4533483865,1774595250000,2026-03-27T07:07:30+00:00,60,,,,,,,,,,,,,,,,,,,,,
2317222,56526,Russia,4533483760,1774594350000,2026-03-27T06:52:30+00:00,60,,,,,,,,,,,,,,,,,,,,,
2317778,56526,Russia,4533483658,1774593450000,2026-03-27T06:37:30+00:00,50,4,2,3,4,6,7,10,13,15,,,,,,,,,,,,
2317743,56526,Russia,4533483562,1774592550000,2026-03-27T06:22:30+00:00,50,2,1,5,6,10,12,13,14,20,,,,,,,,,,,,
2317723,56526,Russia,4533483460,1774591650000,2026-03-27T06:07:30+00:00,50,1,2,4,6,10,15,17,18,19,,,,,,,,,,,,
2317698,56526,Russia,4533483370,1774590750000,2026-03-27T05:52:30+00:00,50,3,2,5,6,7,9,11,13,14,,,,,,,,,,,,
2317676,56526,Russia,4533483280,1774589850000,2026-03-27T05:37:30+00:00,50,4,3,5,6,9,12,15,17,19,,,,,,,,,,,,
2317651,56526,Russia,4533483202,1774588950000,2026-03-27T05:22:30+00:00,50,2,3,6,8,9,10,12,13,14,,,,,,,,,,,,
2317637,56526,Russia,4533483124,1774588050000,2026-03-27T05:07:30+00:00,50,3,2,4,7,8,11,14,16,17,,,,,,,,,,,,
2317616,56526,Russia,4533483052,1774587150000,2026-03-27T04:52:30+00:00,50,4,2,6,10,11,12,13,15,18,,,,,,,,,,,,
2317598,56526,Russia,4533482974,1774586250000,2026-03-27T04:37:30+00:00,50,1,1,3,6,9,16,17,18,19,,,,,,,,,,,,
2317585,56526,Russia,4533482896,1774585350000,2026-03-27T04:22:30+00:00,50,4,1,7,10,14,15,16,18,20,,,,,,,,,,,,
2317563,56526,Russia,4533482818,1774584450000,2026-03-27T04:07:30+00:00,50,4,1,2,4,6,10,14,16,18,,,,,,,,,,,,
2317528,56526,Russia,4533482746,1774583550000,2026-03-27T03:52:30+00:00,50,3,4,6,7,8,13,14,15,19,,,,,,,,,,,,
2317508,56526,Russia,4533482668,1774582650000,2026-03-27T03:37:30+00:00,50,2,1,6,7,9,10,11,16,19,,,,,,,,,,,,
2317503,56526,Russia,4533482593,1774581750000,2026-03-27T03:22:30+00:00,50,3,2,7,8,10,11,14,16,18,,,,,,,,,,,,
2317470,56526,Russia,4533482515,1774580850000,2026-03-27T03:07:30+00:00,50,2,2,5,6,7,10,13,16,19,,,,,,,,,,,,
2317450,56526,Russia,4533482443,1774579950000,2026-03-27T02:52:30+00:00,50,4,1,2,10,13,15,17,19,20,,,,,,,,,,,,
2317423,56526,Russia,4533482365,1774579050000,2026-03-27T02:37:30+00:00,50,1,2,3,4,6,9,10,16,18,,,,,,,,,,,,
2317393,56526,Russia,4533482287,1774578150000,2026-03-27T02:22:30+00:00,50,2,1,3,4,5,7,8,19,20,,,,,,,,,,,,
2317382,56526,Russia,4533482209,1774577250000,2026-03-27T02:07:30+00:00,50,4,1,4,5,11,12,13,14,18,,,,,,,,,,,,
2317355,56526,Russia,4533482137,1774576350000,2026-03-27T01:52:30+00:00,50,3,1,7,8,9,11,12,13,17,,,,,,,,,,,,
2317337,56526,Russia,4533482059,1774575450000,2026-03-27T01:37:30+00:00,50,3,2,5,10,11,12,13,16,19,,,,,,,,,,,,
2317326,56526,Russia,4533481984,1774574550000,2026-03-27T01:22:30+00:00,50,3,3,5,10,12,14,15,17,19,,,,,,,,,,,,
2317299,56526,Russia,4533481906,1774573650000,2026-03-27T01:07:30+00:00,50,3,1,5,6,8,9,13,14,20,,,,,,,,,,,,
2317274,56526,Russia,4533481834,1774572750000,2026-03-27T00:52:30+00:00,50,3,1,2,4,6,7,12,13,18,,,,,,,,,,,,
2317257,56526,Russia,4533481756,1774571850000,2026-03-27T00:37:30+00:00,50,3,4,6,8,9,10,11,12,15,,,,,,,,,,,,
2317214,56526,Russia,4533481681,1774570950000,2026-03-27T00:22:30+00:00,50,4,3,6,9,11,15,18,19,20,,,,,,,,,,,,
2317191,56526,Russia,4533481603,1774570050000,2026-03-27T00:07:30+00:00,50,2,7,8,11,12,14,15,18,19,,,,,,,,,,,,
2317160,56526,Russia,4531593724,1774569150000,2026-03-26T23:52:30+00:00,50,1,1,4,5,11,12,13,17,18,,,,,,,,,,,,
2317148,56526,Russia,4531593646,1774568250000,2026-03-26T23:37:30+00:00,50,2,1,2,4,6,7,9,13,16,,,,,,,,,,,,
2317133,56526,Russia,4531593571,1774567350000,2026-03-26T23:22:30+00:00,50,1,1,2,3,6,12,14,16,20,,,,,,,,,,,,
2317100,56526,Russia,4531593502,1774566450000,2026-03-26T23:07:30+00:00,50,1,5,7,8,10,12,16,18,19,,,,,,,,,,,,
2317085,56526,Russia,4531593460,1774565550000,2026-03-26T22:52:30+00:00,50,1,4,8,10,12,14,16,17,20,,,,,,,,,,,,
2317050,56526,Russia,4531593436,1774564650000,2026-03-26T22:37:30+00:00,50,3,2,4,6,7,9,11,17,18,,,,,,,,,,,,
2317010,56526,Russia,4531593412,1774563750000,2026-03-26T22:22:30+00:00,50,1,3,5,6,9,10,12,14,18,,,,,,,,,,,,
2316994,56526,Russia,4531593388,1774562850000,2026-03-26T22:07:30+00:00,50,2,4,6,7,9,11,12,18,20,,,,,,,,,,,,
2316969,56526,Russia,4531593367,1774561950000,2026-03-26T21:52:30+00:00,50,4,1,3,5,6,14,17,19,20,,,,,,,,,,,,
2316938,56526,Russia,4531593352,1774561050000,2026-03-26T21:37:30+00:00,50,4,5,8,11,12,16,17,18,20,,,,,,,,,,,,
2316907,56526,Russia,4531593337,1774560150000,2026-03-26T21:22:30+00:00,50,3,1,6,8,10,12,13,18,19,,,,,,,,,,,,
2316868,56526,Russia,4531593325,1774559250000,2026-03-26T21:07:30+00:00,50,3,3,5,6,10,14,16,17,20,,,,,,,,,,,,
2316838,56526,Russia,4531592011,1774558350000,2026-03-26T20:52:30+00:00,50,4,1,8,11,12,16,17,18,20,,,,,,,,,,,,
2316809,56526,Russia,4531591891,1774557450000,2026-03-26T20:37:30+00:00,50,4,2,4,5,9,10,12,17,19,,,,,,,,,,,,
2314255,56526,Russia,4531591792,1774556550000,2026-03-26T20:22:30+00:00,60,,,,,,,,,,,,,,,,,,,,,
2316741,56526,Russia,4531591684,1774555650000,2026-03-26T20:07:30+00:00,50,1,3,6,8,10,11,16,17,19,,,,,,,,,,,,
2316708,56526,Russia,4531591576,1774554750000,2026-03-26T19:52:30+00:00,50,3,1,2,3,6,7,11,14,15,,,,,,,,,,,,
2316677,56526,Russia,4531591459,1774553850000,2026-03-26T19:37:30+00:00,50,2,1,2,7,9,10,11,14,20,,,,,,,,,,,,
2314254,56526,Russia,4531591348,1774552950000,2026-03-26T19:22:30+00:00,60,,,,,,,,,,,,,,,,,,,,,
2314253,56526,Russia,4531591237,1774552050000,2026-03-26T19:07:30+00:00,60,,,,,,,,,,,,,,,,,,,,,
2314252,56526,Russia,4531591108,1774551150000,2026-03-26T18:52:30+00:00,60,,,,,,,,,,,,,,,,,,,,,
2316540,56526,Russia,4531590997,1774550250000,2026-03-26T18:37:30+00:00,50,1,1,2,3,4,10,15,18,20,,,,,,,,,,,,
2316514,56526,Russia,4531590880,1774549350000,2026-03-26T18:22:30+00:00,50,3,3,4,7,8,9,16,19,20,,,,,,,,,,,,
2316489,56526,Russia,4531590766,1774548450000,2026-03-26T18:07:30+00:00,50,4,1,4,5,8,10,16,19,20,,,,,,,,,,,,
2316458,56526,Russia,4531590649,1774547550000,2026-03-26T17:52:30+00:00,50,2,2,8,12,13,14,16,18,19,,,,,,,,,,,,
2316426,56526,Russia,4531590529,1774546650000,2026-03-26T17:37:30+00:00,50,1,3,4,6,7,8,9,14,15,,,,,,,,,,,,
2314249,56526,Russia,4531590418,1774545750000,2026-03-26T17:22:30+00:00,60,,,,,,,,,,,,,,,,,,,,,
2314245,56526,Russia,4531590307,1774544850000,2026-03-26T17:07:30+00:00,60,,,,,,,,,,,,,,,,,,,,,
2314243,56526,Russia,4531590175,1774543950000,2026-03-26T16:52:30+00:00,60,,,,,,,,,,,,,,,,,,,,,
2316286,56526,Russia,4531590055,1774543050000,2026-03-26T16:37:30+00:00,50,1,4,12,13,14,15,16,18,20,,,,,,,,,,,,
2316255,56526,Russia,4531589941,1774542150000,2026-03-26T16:22:30+00:00,50,3,1,3,4,5,8,10,12,15,,,,,,,,,,,,
2316205,56526,Russia,4531589830,1774541250000,2026-03-26T16:07:30+00:00,50,2,2,4,6,8,10,13,14,19,,,,,,,,,,,,
2316195,56526,Russia,4531589719,1774540350000,2026-03-26T15:52:30+00:00,50,3,2,5,10,12,13,14,15,16,,,,,,,,,,,,
2316165,56526,Russia,4531589602,1774539450000,2026-03-26T15:37:30+00:00,50,3,3,10,15,16,17,18,19,20,,,,,,,,,,,,
2314242,56526,Russia,4531589494,1774538550000,2026-03-26T15:22:30+00:00,60,,,,,,,,,,,,,,,,,,,,,
2314241,56526,Russia,4531589383,1774537650000,2026-03-26T15:07:30+00:00,60,,,,,,,,,,,,,,,,,,,,,
2314240,56526,Russia,4531589266,1774536750000,2026-03-26T14:52:30+00:00,60,,,,,,,,,,,,,,,,,,,,,
2316040,56526,Russia,4531589155,1774535850000,2026-03-26T14:37:30+00:00,50,1,1,3,4,10,14,15,17,20,,,,,,,,,,,,
2316008,56526,Russia,4531589047,1774534950000,2026-03-26T14:22:30+00:00,50,3,3,7,8,9,10,11,12,20,,,,,,,,,,,,
2315978,56526,Russia,4531588936,1774534050000,2026-03-26T14:07:30+00:00,50,2,2,4,7,9,10,12,13,18,,,,,,,,,,,,
2315944,56526,Russia,4531588819,1774533150000,2026-03-26T13:52:30+00:00,50,3,2,5,6,7,8,11,16,20,,,,,,,,,,,,
2315913,56526,Russia,4531588708,1774532250000,2026-03-26T13:37:30+00:00,50,4,2,3,5,6,7,10,15,19,,,,,,,,,,,,
2314239,56526,Russia,4531588603,1774531350000,2026-03-26T13:22:30+00:00,60,,,,,,,,,,,,,,,,,,,,,
2314236,56526,Russia,4531588486,1774530450000,2026-03-26T13:07:30+00:00,60,,,,,,,,,,,,,,,,,,,,,
2314235,56526,Russia,4531588366,1774529550000,2026-03-26T12:52:30+00:00,60,,,,,,,,,,,,,,,,,,,,,
2315792,56526,Russia,4531588252,1774528650000,2026-03-26T12:37:30+00:00,50,2,2,6,11,13,14,16,18,19,,,,,,,,,,,,
2315755,56526,Russia,4531588144,1774527750000,2026-03-26T12:22:30+00:00,50,4,3,5,6,7,8,10,15,16,,,,,,,,,,,,
2315736,56526,Russia,4531588033,1774526850000,2026-03-26T12:07:30+00:00,50,4,2,3,4,7,9,10,12,18,,,,,,,,,,,,
2315696,56526,Russia,4531587922,1774525950000,2026-03-26T11:52:30+00:00,50,4,1,2,5,7,12,13,14,15,,,,,,,,,,,,
2315666,56526,Russia,4531587805,1774525050000,2026-03-26T11:37:30+00:00,50,1,3,6,7,10,12,16,17,20,,,,,,,,,,,,
2315635,56526,Russia,4531587700,1774524150000,2026-03-26T11:22:30+00:00,50,1,8,11,12,16,17,18,19,20,,,,,,,,,,,,
2315603,56526,Russia,4531587589,1774523250000,2026-03-26T11:07:30+00:00,50,2,3,5,9,13,14,15,17,20,,,,,,,,,,,,
2314232,56526,Russia,4531587478,1774522350000,2026-03-26T10:52:30+00:00,60,,,,,,,,,,,,,,,,,,,,,
2315547,56526,Russia,4531587361,1774521450000,2026-03-26T10:37:30+00:00,50,3,2,3,5,7,8,10,14,17,,,,,,,,,,,,
2314230,56526,Russia,4531587250,1774520550000,2026-03-26T10:22:30+00:00,60,,,,,,,,,,,,,,,,,,,,,
2314228,56526,Russia,4531587139,1774519650000,2026-03-26T10:07:30+00:00,60,,,,,,,,,,,,,,,,,,,,,
2314227,56526,Russia,4531587025,1774518750000,2026-03-26T09:52:30+00:00,60,,,,,,,,,,,,,,,,,,,,,
2315424,56526,Russia,4531586911,1774517850000,2026-03-26T09:37:30+00:00,50,3,3,4,5,9,12,13,16,17,,,,,,,,,,,,
2314224,56526,Russia,4531586800,1774516950000,2026-03-26T09:22:30+00:00,60,,,,,,,,,,,,,,,,,,,,,
2314222,56526,Russia,4531586689,1774516050000,2026-03-26T09:07:30+00:00,60,,,,,,,,,,,,,,,,,,,,,
2314216,56526,Russia,4531586575,1774515150000,2026-03-26T08:52:30+00:00,60,,,,,,,,,,,,,,,,,,,,,
2315306,56526,Russia,4531586464,1774514250000,2026-03-26T08:37:30+00:00,50,3,6,9,10,12,13,16,17,18,,,,,,,,,,,,
2315267,56526,Russia,4531586359,1774513350000,2026-03-26T08:22:30+00:00,50,1,2,5,6,7,10,14,17,20,,,,,,,,,,,,
2315242,56526,Russia,4531586248,1774512450000,2026-03-26T08:07:30+00:00,50,2,5,8,10,12,14,16,18,19,,,,,,,,,,,,
2315213,56526,Russia,4531586143,1774511550000,2026-03-26T07:52:30+00:00,50,4,1,4,5,6,10,18,19,20,,,,,,,,,,,,
2315186,56526,Russia,4531586041,1774510650000,2026-03-26T07:37:30+00:00,50,3,1,6,9,10,12,13,14,16,,,,,,,,,,,,
2314213,56526,Russia,4531585945,1774509750000,2026-03-26T07:22:30+00:00,60,,,,,,,,,,,,,,,,,,,,,
2314212,56526,Russia,4531585843,1774508850000,2026-03-26T07:07:30+00:00,60,,,,,,,,,,,,,,,,,,,,,
2314211,56526,Russia,4531585738,1774507950000,2026-03-26T06:52:30+00:00,60,,,,,,,,,,,,,,,,,,,,,
2315084,56526,Russia,4531585636,1774507050000,2026-03-26T06:37:30+00:00,50,2,7,9,12,14,17,18,19,20,,,,,,,,,,,,
2315042,56526,Russia,4531585540,1774506150000,2026-03-26T06:22:30+00:00,50,2,8,11,12,13,14,15,18,19,,,,,,,,,,,,
2315022,56526,Russia,4531585438,1774505250000,2026-03-26T06:07:30+00:00,50,2,1,3,5,6,7,16,17,19,,,,,,,,,,,,
2314998,56526,Russia,4531585348,1774504350000,2026-03-26T05:52:30+00:00,50,3,2,6,7,8,9,13,14,17,,,,,,,,,,,,
2314969,56526,Russia,4531585258,1774503450000,2026-03-26T05:37:30+00:00,50,4,3,5,8,9,10,12,13,18,,,,,,,,,,,,
2314952,56526,Russia,4531585180,1774502550000,2026-03-26T05:22:30+00:00,50,4,1,6,7,9,13,14,17,20,,,,,,,,,,,,
2314934,56526,Russia,4531585102,1774501650000,2026-03-26T05:07:30+00:00,50,2,3,4,6,7,12,14,17,19,,,,,,,,,,,,
2314922,56526,Russia,4531585030,1774500750000,2026-03-26T04:52:30+00:00,50,2,3,6,7,14,15,17,18,20,,,,,,,,,,,,
2314889,56526,Russia,4531584952,1774499850000,2026-03-26T04:37:30+00:00,50,3,1,5,7,8,11,12,14,16,,,,,,,,,,,,
2314866,56526,Russia,4531584874,1774498950000,2026-03-26T04:22:30+00:00,50,1,3,4,5,12,16,18,19,20,,,,,,,,,,,,
2314850,56526,Russia,4531584796,1774498050000,2026-03-26T04:07:30+00:00,50,3,1,2,3,4,8,10,13,20,,,,,,,,,,,,
2314832,56526,Russia,4531584724,1774497150000,2026-03-26T03:52:30+00:00,50,1,2,3,7,9,11,13,19,20,,,,,,,,,,,,
2314808,56526,Russia,4531584646,1774496250000,2026-03-26T03:37:30+00:00,50,2,2,4,7,9,11,14,16,17,,,,,,,,,,,,
2314777,56526,Russia,4531584571,1774495350000,2026-03-26T03:22:30+00:00,50,3,4,6,10,12,14,15,16,19,,,,,,,,,,,,
2314754,56526,Russia,4531584493,1774494450000,2026-03-26T03:07:30+00:00,50,2,2,4,5,7,9,10,15,19,,,,,,,,,,,,
2314733,56526,Russia,4531584421,1774493550000,2026-03-26T02:52:30+00:00,50,3,7,8,9,11,15,16,17,18,,,,,,,,,,,,
2314703,56526,Russia,4531584343,1774492650000,2026-03-26T02:37:30+00:00,50,4,1,3,9,13,14,15,18,20,,,,,,,,,,,,
2314691,56526,Russia,4531584265,1774491750000,2026-03-26T02:22:30+00:00,50,1,4,5,7,9,11,15,17,19,,,,,,,,,,,,
2314660,56526,Russia,4531584187,1774490850000,2026-03-26T02:07:30+00:00,50,2,2,3,5,12,13,15,17,19,,,,,,,,,,,,
2314644,56526,Russia,4531584115,1774489950000,2026-03-26T01:52:30+00:00,50,4,1,2,7,12,14,15,17,20,,,,,,,,,,,,
2314623,56526,Russia,4531584037,1774489050000,2026-03-26T01:37:30+00:00,50,2,4,5,6,7,12,13,15,16,,,,,,,,,,,,
2314596,56526,Russia,4531583962,1774488150000,2026-03-26T01:22:30+00:00,50,2,4,6,7,8,9,13,17,19,,,,,,,,,,,,
2314578,56526,Russia,4531583884,1774487250000,2026-03-26T01:07:30+00:00,50,1,1,6,9,11,16,17,18,19,,,,,,,,,,,,
2314557,56526,Russia,4531583812,1774486350000,2026-03-26T00:52:30+00:00,50,2,5,8,9,10,11,13,15,17,,,,,,,,,,,,
2314527,56526,Russia,4531583734,1774485450000,2026-03-26T00:37:30+00:00,50,1,3,7,11,12,16,17,18,20,,,,,,,,,,,,
2314510,56526,Russia,4531583659,1774484550000,2026-03-26T00:22:30+00:00,60,,,,,,,,,,,,,,,,,,,,,
2314480,56526,Russia,4531583581,1774483650000,2026-03-26T00:07:30+00:00,50,1,2,3,4,11,13,14,18,19,,,,,,,,,,,,
2314477,56526,Russia,4529567071,1774482750000,2026-03-25T23:52:30+00:00,50,2,4,5,6,8,12,13,14,16,,,,,,,,,,,,
2314440,56526,Russia,4529566993,1774481850000,2026-03-25T23:37:30+00:00,50,1,4,6,7,12,14,15,18,19,,,,,,,,,,,,
2314425,56526,Russia,4529566918,1774480950000,2026-03-25T23:22:30+00:00,50,2,3,5,8,10,11,13,14,16,,,,,,,,,,,,
2314407,56526,Russia,4529566849,1774480050000,2026-03-25T23:07:30+00:00,50,1,3,9,11,12,13,18,19,20,,,,,,,,,,,,
2314385,56526,Russia,4529566807,1774479150000,2026-03-25T22:52:30+00:00,50,4,1,4,5,6,12,16,17,19,,,,,,,,,,,,
2314357,56526,Russia,4529566783,1774478250000,2026-03-25T22:37:30+00:00,50,3,2,5,9,12,13,14,18,20,,,,,,,,,,,,
2314310,56526,Russia,4529566759,1774477350000,2026-03-25T22:22:30+00:00,50,4,1,2,3,6,7,8,15,19,,,,,,,,,,,,
2314296,56526,Russia,4529566735,1774476450000,2026-03-25T22:07:30+00:00,50,3,1,2,4,8,13,14,18,19,,,,,,,,,,,,
2314265,56526,Russia,4529566714,1774475550000,2026-03-25T21:52:30+00:00,50,3,1,2,8,12,14,16,19,20,,,,,,,,,,,,
2314215,56526,Russia,4529566699,1774474650000,2026-03-25T21:37:30+00:00,50,4,2,5,7,12,13,14,15,18,,,,,,,,,,,,
2314185,56526,Russia,4529566684,1774473750000,2026-03-25T21:22:30+00:00,50,1,4,7,8,11,12,13,16,19,,,,,,,,,,,,
2314147,56526,Russia,4529566672,1774472850000,2026-03-25T21:07:30+00:00,50,1,1,5,6,7,8,11,14,18,,,,,,,,,,,,
2314120,56526,Russia,4529565352,1774471950000,2026-03-25T20:52:30+00:00,50,4,3,5,9,10,11,16,18,20,,,,,,,,,,,,
2314087,56526,Russia,4529565241,1774471050000,2026-03-25T20:37:30+00:00,50,4,2,3,6,9,12,13,15,17,,,,,,,,,,,,
2311829,56526,Russia,4529565142,1774470150000,2026-03-25T20:22:30+00:00,60,,,,,,,,,,,,,,,,,,,,,
2314006,56526,Russia,4529565031,1774469250000,2026-03-25T20:07:30+00:00,50,2,3,4,12,14,15,16,17,18,,,,,,,,,,,,
2313982,56526,Russia,4529564920,1774468350000,2026-03-25T19:52:30+00:00,50,1,1,5,6,10,13,14,16,20,,,,,,,,,,,,
2313950,56526,Russia,4529564797,1774467450000,2026-03-25T19:37:30+00:00,50,4,2,5,7,11,13,14,16,17,,,,,,,,,,,,
2311822,56526,Russia,4529564686,1774466550000,2026-03-25T19:22:30+00:00,60,,,,,,,,,,,,,,,,,,,,,
2311820,56526,Russia,4529564569,1774465650000,2026-03-25T19:07:30+00:00,60,,,,,,,,,,,,,,,,,,,,,
2311817,56526,Russia,4529564437,1774464750000,2026-03-25T18:52:30+00:00,60,,,,,,,,,,,,,,,,,,,,,
2313809,56526,Russia,4529564326,1774463850000,2026-03-25T18:37:30+00:00,50,4,2,6,7,11,13,14,17,19,,,,,,,,,,,,
2313765,56526,Russia,4529564209,1774462950000,2026-03-25T18:22:30+00:00,50,1,1,3,12,16,17,18,19,20,,,,,,,,,,,,
2313761,56526,Russia,4529564095,1774462050000,2026-03-25T18:07:30+00:00,50,2,1,2,6,8,10,14,18,19,,,,,,,,,,,,
2313722,56526,Russia,4529563972,1774461150000,2026-03-25T17:52:30+00:00,50,4,2,6,7,8,11,14,15,17,,,,,,,,,,,,
2313689,56526,Russia,4529563849,1774460250000,2026-03-25T17:37:30+00:00,50,2,2,3,5,7,8,13,14,16,,,,,,,,,,,,
2311813,56526,Russia,4529563735,1774459350000,2026-03-25T17:22:30+00:00,60,,,,,,,,,,,,,,,,,,,,,
2311811,56526,Russia,4529563624,1774458450000,2026-03-25T17:07:30+00:00,60,,,,,,,,,,,,,,,,,,,,,
2311810,56526,Russia,4529563492,1774457550000,2026-03-25T16:52:30+00:00,60,,,,,,,,,,,,,,,,,,,,,
2313557,56526,Russia,4529563375,1774456650000,2026-03-25T16:37:30+00:00,50,1,1,2,3,4,5,7,9,10,,,,,,,,,,,,
2313527,56526,Russia,4529563261,1774455750000,2026-03-25T16:22:30+00:00,50,2,2,7,10,11,12,14,18,20,,,,,,,,,,,,
2313483,56526,Russia,4529563144,1774454850000,2026-03-25T16:07:30+00:00,50,2,1,2,5,8,13,16,18,19,,,,,,,,,,,,
2313465,56526,Russia,4529563033,1774453950000,2026-03-25T15:52:30+00:00,50,2,3,5,7,15,16,18,19,20,,,,,,,,,,,,
2313442,56526,Russia,4529562916,1774453050000,2026-03-25T15:37:30+00:00,50,3,2,5,6,11,12,13,14,17,,,,,,,,,,,,
2311809,56526,Russia,4529562808,1774452150000,2026-03-25T15:22:30+00:00,60,,,,,,,,,,,,,,,,,,,,,
2311808,56526,Russia,4529562697,1774451250000,2026-03-25T15:07:30+00:00,60,,,,,,,,,,,,,,,,,,,,,
2311807,56526,Russia,4529562577,1774450350000,2026-03-25T14:52:30+00:00,60,,,,,,,,,,,,,,,,,,,,,
2313327,56526,Russia,4529562466,1774449450000,2026-03-25T14:37:30+00:00,50,3,1,4,7,12,17,18,19,20,,,,,,,,,,,,
2313270,56526,Russia,4529562358,1774448550000,2026-03-25T14:22:30+00:00,50,3,2,3,5,7,8,9,13,18,,,,,,,,,,,,
2313253,56526,Russia,4529562247,1774447650000,2026-03-25T14:07:30+00:00,50,3,4,6,10,12,13,14,16,17,,,,,,,,,,,,
2313219,56526,Russia,4529562130,1774446750000,2026-03-25T13:52:30+00:00,50,1,4,6,8,11,13,15,19,20,,,,,,,,,,,,
2313184,56526,Russia,4529562019,1774445850000,2026-03-25T13:37:30+00:00,50,1,1,7,9,10,12,15,18,19,,,,,,,,,,,,
2311806,56526,Russia,4529561914,1774444950000,2026-03-25T13:22:30+00:00,60,,,,,,,,,,,,,,,,,,,,,
2311805,56526,Russia,4529561797,1774444050000,2026-03-25T13:07:30+00:00,60,,,,,,,,,,,,,,,,,,,,,
2311804,56526,Russia,4529561677,1774443150000,2026-03-25T12:52:30+00:00,60,,,,,,,,,,,,,,,,,,,,,
2313062,56526,Russia,4529561563,1774442250000,2026-03-25T12:37:30+00:00,50,1,4,5,7,10,12,13,16,20,,,,,,,,,,,,
2313031,56526,Russia,4529561455,1774441350000,2026-03-25T12:22:30+00:00,50,2,1,4,5,6,7,8,10,20,,,,,,,,,,,,
2313003,56526,Russia,4529561344,1774440450000,2026-03-25T12:07:30+00:00,50,3,2,8,9,13,14,15,17,19,,,,,,,,,,,,
2312967,56526,Russia,4529561233,1774439550000,2026-03-25T11:52:30+00:00,50,2,2,3,5,8,12,13,15,19,,,,,,,,,,,,
2312938,56526,Russia,4529561116,1774438650000,2026-03-25T11:37:30+00:00,50,3,2,4,5,6,8,10,14,16,,,,,,,,,,,,
2312922,56526,Russia,4529561011,1774437750000,2026-03-25T11:22:30+00:00,50,2,5,6,7,13,15,17,18,19,,,,,,,,,,,,
2312874,56526,Russia,4529560900,1774436850000,2026-03-25T11:07:30+00:00,50,2,2,5,6,11,12,13,16,20,,,,,,,,,,,,
2311803,56526,Russia,4529560789,1774435950000,2026-03-25T10:52:30+00:00,60,,,,,,,,,,,,,,,,,,,,,
2312815,56526,Russia,4529560672,1774435050000,2026-03-25T10:37:30+00:00,50,2,1,3,6,12,13,16,17,18,,,,,,,,,,,,
2311801,56526,Russia,4529560564,1774434150000,2026-03-25T10:22:30+00:00,60,,,,,,,,,,,,,,,,,,,,,
2311800,56526,Russia,4529560453,1774433250000,2026-03-25T10:07:30+00:00,60,,,,,,,,,,,,,,,,,,,,,
2311799,56526,Russia,4529560339,1774432350000,2026-03-25T09:52:30+00:00,60,,,,,,,,,,,,,,,,,,,,,
2312684,56526,Russia,4529560228,1774431450000,2026-03-25T09:37:30+00:00,50,4,2,5,6,10,11,14,16,17,,,,,,,,,,,,
2311794,56526,Russia,4529560120,1774430550000,2026-03-25T09:22:30+00:00,60,,,,,,,,,,,,,,,,,,,,,
2311793,56526,Russia,4529560009,1774429650000,2026-03-25T09:07:30+00:00,60,,,,,,,,,,,,,,,,,,,,,
2311792,56526,Russia,4529559895,1774428750000,2026-03-25T08:52:30+00:00,60,,,,,,,,,,,,,,,,,,,,,
2312562,56526,Russia,4529559784,1774427850000,2026-03-25T08:37:30+00:00,50,2,2,3,6,8,11,13,16,20,,,,,,,,,,,,
2312541,56526,Russia,4529559676,1774426950000,2026-03-25T08:22:30+00:00,50,2,3,4,6,7,8,10,11,19,,,,,,,,,,,,
2312515,56526,Russia,4529559565,1774426050000,2026-03-25T08:07:30+00:00,50,2,1,2,4,7,11,15,16,20,,,,,,,,,,,,
2312489,56526,Russia,4529559460,1774425150000,2026-03-25T07:52:30+00:00,50,4,2,4,5,9,14,15,16,18,,,,,,,,,,,,
2312455,56526,Russia,4529559358,1774424250000,2026-03-25T07:37:30+00:00,50,1,8,10,11,12,14,15,16,18,,,,,,,,,,,,
2311791,56526,Russia,4529559262,1774423350000,2026-03-25T07:22:30+00:00,60,,,,,,,,,,,,,,,,,,,,,
2311790,56526,Russia,4529559160,1774422450000,2026-03-25T07:07:30+00:00,60,,,,,,,,,,,,,,,,,,,,,
2311789,56526,Russia,4529559055,1774421550000,2026-03-25T06:52:30+00:00,60,,,,,,,,,,,,,,,,,,,,,
2312343,56526,Russia,4529558953,1774420650000,2026-03-25T06:37:30+00:00,50,3,1,3,7,10,11,13,16,18,,,,,,,,,,,,
2312320,56526,Russia,4529558854,1774419750000,2026-03-25T06:22:30+00:00,50,4,2,5,8,11,12,14,18,19,,,,,,,,,,,,
2312294,56526,Russia,4529558752,1774418850000,2026-03-25T06:07:30+00:00,50,4,5,7,8,10,13,14,15,18,,,,,,,,,,,,
2312268,56526,Russia,4529558662,1774417950000,2026-03-25T05:52:30+00:00,50,4,1,7,9,10,11,12,17,18,,,,,,,,,,,,
2312250,56526,Russia,4529558572,1774417050000,2026-03-25T05:37:30+00:00,50,4,1,2,4,6,7,10,11,14,,,,,,,,,,,,
2312223,56526,Russia,4529558494,1774416150000,2026-03-25T05:22:30+00:00,50,4,2,4,5,6,10,12,14,19,,,,,,,,,,,,
2312216,56526,Russia,4529558416,1774415250000,2026-03-25T05:07:30+00:00,50,2,1,4,5,6,14,15,18,20,,,,,,,,,,,,
2312191,56526,Russia,4529558344,1774414350000,2026-03-25T04:52:30+00:00,50,2,2,3,5,6,9,16,18,19,,,,,,,,,,,,
2312171,56526,Russia,4529558266,1774413450000,2026-03-25T04:37:30+00:00,50,4,1,2,6,7,9,11,16,18,,,,,,,,,,,,
2312152,56526,Russia,4529558188,1774412550000,2026-03-25T04:22:30+00:00,50,1,1,2,6,7,9,13,18,19,,,,,,,,,,,,
2312129,56526,Russia,4529558110,1774411650000,2026-03-25T04:07:30+00:00,50,3,2,5,8,9,13,16,17,19,,,,,,,,,,,,
2312108,56526,Russia,4529558038,1774410750000,2026-03-25T03:52:30+00:00,50,2,1,4,5,10,15,16,18,20,,,,,,,,,,,,
2312092,56526,Russia,4529557960,1774409850000,2026-03-25T03:37:30+00:00,50,2,3,5,7,8,10,13,15,19,,,,,,,,,,,,
2312055,56526,Russia,4529557885,1774408950000,2026-03-25T03:22:30+00:00,50,1,7,8,9,10,11,12,19,20,,,,,,,,,,,,
2312035,56526,Russia,4529557807,1774408050000,2026-03-25T03:07:30+00:00,50,3,3,7,12,14,16,17,18,20,,,,,,,,,,,,
2312018,56526,Russia,4529557735,1774407150000,2026-03-25T02:52:30+00:00,50,3,2,6,9,11,13,14,15,19,,,,,,,,,,,,
2311994,56526,Russia,4529557657,1774406250000,2026-03-25T02:37:30+00:00,50,2,2,4,7,11,13,15,18,19,,,,,,,,,,,,
2311978,56526,Russia,4529557579,1774405350000,2026-03-25T02:22:30+00:00,50,2,1,6,8,11,13,15,17,18,,,,,,,,,,,,
2311954,56526,Russia,4529557501,1774404450000,2026-03-25T02:07:30+00:00,50,3,1,2,7,8,10,14,17,20,,,,,,,,,,,,
2311929,56526,Russia,4529557429,1774403550000,2026-03-25T01:52:30+00:00,50,1,1,3,4,13,15,16,18,20,,,,,,,,,,,,
2311914,56526,Russia,4529557351,1774402650000,2026-03-25T01:37:30+00:00,50,2,2,6,7,10,15,16,17,18,,,,,,,,,,,,
2311885,56526,Russia,4529557276,1774401750000,2026-03-25T01:22:30+00:00,50,4,5,8,14,15,16,17,18,19,,,,,,,,,,,,
2311865,56526,Russia,4529557198,1774400850000,2026-03-25T01:07:30+00:00,50,1,3,4,8,9,10,11,12,14,,,,,,,,,,,,
2311858,56526,Russia,4529557126,1774399950000,2026-03-25T00:52:30+00:00,50,4,5,6,7,10,12,13,14,19,,,,,,,,,,,,
2311827,56526,Russia,4529557048,1774399050000,2026-03-25T00:37:30+00:00,50,1,3,9,10,11,13,14,16,20,,,,,,,,,,,,
2311784,56526,Russia,4529556973,1774398150000,2026-03-25T00:22:30+00:00,50,2,2,4,5,6,8,9,11,19,,,,,,,,,,,,
2311767,56526,Russia,4529556895,1774397250000,2026-03-25T00:07:30+00:00,50,4,1,2,5,10,12,14,15,18,,,,,,,,,,,,
2311738,56526,Russia,4527809527,1774396350000,2026-03-24T23:52:30+00:00,50,1,3,5,7,11,12,14,16,20,,,,,,,,,,,,
2311724,56526,Russia,4527809449,1774395450000,2026-03-24T23:37:30+00:00,50,3,2,4,5,7,10,12,13,20,,,,,,,,,,,,
2311702,56526,Russia,4527809374,1774394550000,2026-03-24T23:22:30+00:00,50,4,1,2,4,7,9,11,16,20,,,,,,,,,,,,
2311674,56526,Russia,4527809305,1774393650000,2026-03-24T23:07:30+00:00,50,1,1,7,9,11,13,15,16,20,,,,,,,,,,,,
2311649,56526,Russia,4527809263,1774392750000,2026-03-24T22:52:30+00:00,50,1,1,10,11,14,15,16,17,19,,,,,,,,,,,,
2311634,56526,Russia,4527809239,1774391850000,2026-03-24T22:37:30+00:00,50,1,1,6,9,10,13,14,15,17,,,,,,,,,,,,
2311586,56526,Russia,4527809215,1774390950000,2026-03-24T22:22:30+00:00,50,4,3,4,7,8,14,15,16,17,,,,,,,,,,,,
2311564,56526,Russia,4527809191,1774390050000,2026-03-24T22:07:30+00:00,50,4,1,4,5,9,11,14,16,19,,,,,,,,,,,,
2311534,56526,Russia,4527809170,1774389150000,2026-03-24T21:52:30+00:00,50,4,1,3,10,11,12,15,17,18,,,,,,,,,,,,
2311509,56526,Russia,4527809155,1774388250000,2026-03-24T21:37:30+00:00,50,3,7,9,12,13,15,16,18,20,,,,,,,,,,,,
2311474,56526,Russia,4527809140,1774387350000,2026-03-24T21:22:30+00:00,50,4,2,6,11,12,14,16,17,20,,,,,,,,,,,,
2311443,56526,Russia,4527809128,1774386450000,2026-03-24T21:07:30+00:00,50,1,1,3,6,7,15,17,19,20,,,,,,,,,,,,
2311408,56526,Russia,4527807817,1774385550000,2026-03-24T20:52:30+00:00,50,2,4,5,6,12,14,16,18,19,,,,,,,,,,,,
2311383,56526,Russia,4527807700,1774384650000,2026-03-24T20:37:30+00:00,50,3,5,7,8,9,10,11,12,15,,,,,,,,,,,,
2308832,56526,Russia,4527807601,1774383750000,2026-03-24T20:22:30+00:00,60,,,,,,,,,,,,,,,,,,,,,
2311319,56526,Russia,4527807493,1774382850000,2026-03-24T20:07:30+00:00,50,1,1,4,5,9,11,12,13,19,,,,,,,,,,,,
2311242,56526,Russia,4527807382,1774381950000,2026-03-24T19:52:30+00:00,50,1,2,3,5,11,12,16,17,20,,,,,,,,,,,,
2311241,56526,Russia,4527807262,1774381050000,2026-03-24T19:37:30+00:00,50,2,7,8,9,10,11,16,17,18,,,,,,,,,,,,
2308831,56526,Russia,4527807148,1774380150000,2026-03-24T19:22:30+00:00,60,,,,,,,,,,,,,,,,,,,,,
2308830,56526,Russia,4527807037,1774379250000,2026-03-24T19:07:30+00:00,60,,,,,,,,,,,,,,,,,,,,,
2308829,56526,Russia,4527806899,1774378350000,2026-03-24T18:52:30+00:00,60,,,,,,,,,,,,,,,,,,,,,
2311118,56526,Russia,4527806788,1774377450000,2026-03-24T18:37:30+00:00,50,4,1,3,5,8,9,10,11,19,,,,,,,,,,,,
2311073,56526,Russia,4527806671,1774376550000,2026-03-24T18:22:30+00:00,50,3,3,4,8,9,15,16,18,20,,,,,,,,,,,,
2311037,56526,Russia,4527806557,1774375650000,2026-03-24T18:07:30+00:00,50,4,1,2,4,8,9,10,12,18,,,,,,,,,,,,
2311007,56526,Russia,4527806440,1774374750000,2026-03-24T17:52:30+00:00,50,2,1,4,6,12,15,16,18,20,,,,,,,,,,,,
2310977,56526,Russia,4527806320,1774373850000,2026-03-24T17:37:30+00:00,50,3,4,5,9,13,14,15,18,19,,,,,,,,,,,,
2308828,56526,Russia,4527806209,1774372950000,2026-03-24T17:22:30+00:00,60,,,,,,,,,,,,,,,,,,,,,
2308827,56526,Russia,4527806098,1774372050000,2026-03-24T17:07:30+00:00,60,,,,,,,,,,,,,,,,,,,,,
2308825,56526,Russia,4527805966,1774371150000,2026-03-24T16:52:30+00:00,60,,,,,,,,,,,,,,,,,,,,,
2310855,56526,Russia,4527805846,1774370250000,2026-03-24T16:37:30+00:00,50,4,1,5,6,11,12,15,17,18,,,,,,,,,,,,
2310822,56526,Russia,4527805735,1774369350000,2026-03-24T16:22:30+00:00,50,1,1,4,5,6,10,11,12,18,,,,,,,,,,,,
2310782,56526,Russia,4527805624,1774368450000,2026-03-24T16:07:30+00:00,50,1,3,5,10,12,15,17,18,19,,,,,,,,,,,,
2310751,56526,Russia,4527805513,1774367550000,2026-03-24T15:52:30+00:00,50,2,2,3,8,9,11,15,19,20,,,,,,,,,,,,
2310730,56526,Russia,4527805390,1774366650000,2026-03-24T15:37:30+00:00,50,3,3,5,6,8,9,10,12,13,,,,,,,,,,,,
2308815,56526,Russia,4527805282,1774365750000,2026-03-24T15:22:30+00:00,60,,,,,,,,,,,,,,,,,,,,,
2308814,56526,Russia,4527805171,1774364850000,2026-03-24T15:07:30+00:00,60,,,,,,,,,,,,,,,,,,,,,
2308813,56526,Russia,4527805054,1774363950000,2026-03-24T14:52:30+00:00,60,,,,,,,,,,,,,,,,,,,,,
2310605,56526,Russia,4527804943,1774363050000,2026-03-24T14:37:30+00:00,50,4,2,3,6,13,14,16,19,20,,,,,,,,,,,,
2310577,56526,Russia,4527804832,1774362150000,2026-03-24T14:22:30+00:00,50,2,2,3,5,10,11,13,16,20,,,,,,,,,,,,
2310535,56526,Russia,4527804721,1774361250000,2026-03-24T14:07:30+00:00,50,2,2,5,6,7,12,17,18,20,,,,,,,,,,,,
2310507,56526,Russia,4527804604,1774360350000,2026-03-24T13:52:30+00:00,50,2,3,5,7,8,11,13,15,17,,,,,,,,,,,,
2310485,56526,Russia,4527804493,1774359450000,2026-03-24T13:37:30+00:00,50,2,2,6,8,10,13,14,15,19,,,,,,,,,,,,
2308812,56526,Russia,4527804388,1774358550000,2026-03-24T13:22:30+00:00,60,,,,,,,,,,,,,,,,,,,,,
2308811,56526,Russia,4527804271,1774357650000,2026-03-24T13:07:30+00:00,60,,,,,,,,,,,,,,,,,,,,,
2308810,56526,Russia,4527804151,1774356750000,2026-03-24T12:52:30+00:00,60,,,,,,,,,,,,,,,,,,,,,
2310351,56526,Russia,4527804037,1774355850000,2026-03-24T12:37:30+00:00,50,2,3,6,7,9,14,17,18,20,,,,,,,,,,,,
2310332,56526,Russia,4527803929,1774354950000,2026-03-24T12:22:30+00:00,50,3,4,5,6,7,11,12,15,17,,,,,,,,,,,,
2310299,56526,Russia,4527803818,1774354050000,2026-03-24T12:07:30+00:00,50,3,1,4,6,7,8,10,12,18,,,,,,,,,,,,
2310266,56526,Russia,4527803707,1774353150000,2026-03-24T11:52:30+00:00,50,1,1,2,4,5,6,7,11,14,,,,,,,,,,,,
2310234,56526,Russia,4527803590,1774352250000,2026-03-24T11:37:30+00:00,50,1,2,6,8,9,10,11,12,14,,,,,,,,,,,,
2310203,56526,Russia,4527803485,1774351350000,2026-03-24T11:22:30+00:00,50,2,4,6,10,11,12,13,14,16,,,,,,,,,,,,
2310159,56526,Russia,4527803374,1774350450000,2026-03-24T11:07:30+00:00,50,2,1,2,6,9,11,13,15,17,,,,,,,,,,,,
2308809,56526,Russia,4527803263,1774349550000,2026-03-24T10:52:30+00:00,60,,,,,,,,,,,,,,,,,,,,,
2310114,56526,Russia,4527803146,1774348650000,2026-03-24T10:37:30+00:00,50,1,1,2,10,11,13,15,19,20,,,,,,,,,,,,
2308808,56526,Russia,4527803038,1774347750000,2026-03-24T10:22:30+00:00,60,,,,,,,,,,,,,,,,,,,,,
2308807,56526,Russia,4527802927,1774346850000,2026-03-24T10:07:30+00:00,60,,,,,,,,,,,,,,,,,,,,,
2308806,56526,Russia,4527802813,1774345950000,2026-03-24T09:52:30+00:00,60,,,,,,,,,,,,,,,,,,,,,
2309993,56526,Russia,4527802702,1774345050000,2026-03-24T09:37:30+00:00,50,1,1,2,5,7,8,14,15,17,,,,,,,,,,,,
2308805,56526,Russia,4527802594,1774344150000,2026-03-24T09:22:30+00:00,60,,,,,,,,,,,,,,,,,,,,,
2308804,56526,Russia,4527802483,1774343250000,2026-03-24T09:07:30+00:00,60,,,,,,,,,,,,,,,,,,,,,
2308798,56526,Russia,4527802369,1774342350000,2026-03-24T08:52:30+00:00,60,,,,,,,,,,,,,,,,,,,,,
2309874,56526,Russia,4527802258,1774341450000,2026-03-24T08:37:30+00:00,50,3,4,5,7,11,13,16,18,20,,,,,,,,,,,,
2309841,56526,Russia,4527802153,1774340550000,2026-03-24T08:22:30+00:00,50,4,2,3,5,7,10,12,15,16,,,,,,,,,,,,
2309817,56526,Russia,4527802042,1774339650000,2026-03-24T08:07:30+00:00,50,4,1,2,3,5,8,9,12,14,,,,,,,,,,,,
2309784,56526,Russia,4527801937,1774338750000,2026-03-24T07:52:30+00:00,50,4,5,7,8,9,10,11,13,16,,,,,,,,,,,,
2309757,56526,Russia,4527801835,1774337850000,2026-03-24T07:37:30+00:00,50,1,4,6,10,12,14,16,17,19,,,,,,,,,,,,
2308797,56526,Russia,4527801739,1774336950000,2026-03-24T07:22:30+00:00,60,,,,,,,,,,,,,,,,,,,,,
2308794,56526,Russia,4527801637,1774336050000,2026-03-24T07:07:30+00:00,60,,,,,,,,,,,,,,,,,,,,,
2308790,56526,Russia,4527801532,1774335150000,2026-03-24T06:52:30+00:00,60,,,,,,,,,,,,,,,,,,,,,
2309646,56526,Russia,4527801430,1774334250000,2026-03-24T06:37:30+00:00,50,4,1,2,4,5,7,10,15,19,,,,,,,,,,,,
2309626,56526,Russia,4527801334,1774333350000,2026-03-24T06:22:30+00:00,50,3,9,10,11,13,14,15,18,20,,,,,,,,,,,,
2309596,56526,Russia,4527801232,1774332450000,2026-03-24T06:07:30+00:00,50,3,2,3,5,13,14,17,18,19,,,,,,,,,,,,
2309575,56526,Russia,4527801142,1774331550000,2026-03-24T05:52:30+00:00,50,3,1,5,7,8,9,13,15,20,,,,,,,,,,,,
2309551,56526,Russia,4527801052,1774330650000,2026-03-24T05:37:30+00:00,50,3,1,4,5,6,7,9,15,17,,,,,,,,,,,,
2309527,56526,Russia,4527800974,1774329750000,2026-03-24T05:22:30+00:00,50,1,2,3,10,13,14,16,17,19,,,,,,,,,,,,
2309501,56526,Russia,4527800896,1774328850000,2026-03-24T05:07:30+00:00,50,2,1,3,5,6,13,14,15,18,,,,,,,,,,,,
2309482,56526,Russia,4527800824,1774327950000,2026-03-24T04:52:30+00:00,50,3,5,6,7,8,12,15,16,19,,,,,,,,,,,,
2309471,56526,Russia,4527800746,1774327050000,2026-03-24T04:37:30+00:00,50,3,4,5,6,7,13,14,15,16,,,,,,,,,,,,
2309447,56526,Russia,4527800668,1774326150000,2026-03-24T04:22:30+00:00,50,1,3,4,5,11,16,17,19,20,,,,,,,,,,,,
2309427,56526,Russia,4527800590,1774325250000,2026-03-24T04:07:30+00:00,50,4,2,6,7,9,11,12,14,18,,,,,,,,,,,,
2309406,56526,Russia,4527800518,1774324350000,2026-03-24T03:52:30+00:00,60,,,,,,,,,,,,,,,,,,,,,
2309384,56526,Russia,4527800440,1774323450000,2026-03-24T03:37:30+00:00,50,4,4,6,8,9,12,13,15,18,,,,,,,,,,,,
2309355,56526,Russia,4527800365,1774322550000,2026-03-24T03:22:30+00:00,50,4,1,2,5,6,8,13,15,20,,,,,,,,,,,,
2309329,56526,Russia,4527800287,1774321650000,2026-03-24T03:07:30+00:00,50,3,1,3,9,11,12,13,16,18,,,,,,,,,,,,
2309307,56526,Russia,4527800215,1774320750000,2026-03-24T02:52:30+00:00,50,1,1,4,5,7,8,11,13,15,,,,,,,,,,,,
2309294,56526,Russia,4527800137,1774319850000,2026-03-24T02:37:30+00:00,50,1,2,5,8,9,11,14,16,18,,,,,,,,,,,,
2309265,56526,Russia,4527800059,1774318950000,2026-03-24T02:22:30+00:00,50,2,1,12,13,14,15,18,19,20,,,,,,,,,,,,
2309240,56526,Russia,4527799981,1774318050000,2026-03-24T02:07:30+00:00,50,4,6,8,9,11,15,16,19,20,,,,,,,,,,,,
2309218,56526,Russia,4527799909,1774317150000,2026-03-24T01:52:30+00:00,50,2,1,2,9,10,14,15,18,19,,,,,,,,,,,,
2309191,56526,Russia,4527799831,1774316250000,2026-03-24T01:37:30+00:00,50,4,1,3,4,7,10,11,12,15,,,,,,,,,,,,
2309144,56526,Russia,4527799756,1774315350000,2026-03-24T01:22:30+00:00,50,3,2,4,5,6,8,9,10,20,,,,,,,,,,,,
2309143,56526,Russia,4527799678,1774314450000,2026-03-24T01:07:30+00:00,50,1,1,3,8,9,12,16,17,18,,,,,,,,,,,,
2309142,56526,Russia,4527799606,1774313550000,2026-03-24T00:52:30+00:00,50,2,3,4,5,6,10,12,13,20,,,,,,,,,,,,
2309122,56526,Russia,4527799528,1774312650000,2026-03-24T00:37:30+00:00,50,1,2,7,8,11,12,17,19,20,,,,,,,,,,,,
2309101,56526,Russia,4527799453,1774311750000,2026-03-24T00:22:30+00:00,50,2,1,4,8,12,15,16,17,19,,,,,,,,,,,,
2309081,56526,Russia,4527799375,1774310850000,2026-03-24T00:07:30+00:00,50,1,1,2,4,6,12,13,18,20,,,,,,,,,,,,
2309058,56526,Russia,4525994335,1774309950000,2026-03-23T23:52:30+00:00,50,3,1,4,6,9,12,13,14,17,,,,,,,,,,,,
2309030,56526,Russia,4525994257,1774309050000,2026-03-23T23:37:30+00:00,50,2,2,4,5,8,9,10,11,16,,,,,,,,,,,,
2309003,56526,Russia,4525994182,1774308150000,2026-03-23T23:22:30+00:00,50,1,3,7,8,10,14,16,18,20,,,,,,,,,,,,
2308979,56526,Russia,4525994113,1774307250000,2026-03-23T23:07:30+00:00,50,2,1,2,3,5,6,9,16,19,,,,,,,,,,,,
2308975,56526,Russia,4525994071,1774306350000,2026-03-23T22:52:30+00:00,50,4,8,9,10,12,16,17,18,19,,,,,,,,,,,,
2308936,56526,Russia,4525994047,1774305450000,2026-03-23T22:37:30+00:00,50,2,3,7,9,11,13,16,17,20,,,,,,,,,,,,
2308909,56526,Russia,4525994023,1774304550000,2026-03-23T22:22:30+00:00,50,2,3,5,9,12,14,15,19,20,,,,,,,,,,,,
2308862,56526,Russia,4525993999,1774303650000,2026-03-23T22:07:30+00:00,50,2,1,5,7,9,10,11,16,19,,,,,,,,,,,,
2308847,56526,Russia,4525993978,1774302750000,2026-03-23T21:52:30+00:00,50,4,3,4,7,11,13,15,16,18,,,,,,,,,,,,
2308834,56526,Russia,4525993963,1774301850000,2026-03-23T21:37:30+00:00,50,1,1,3,7,11,12,14,15,17,,,,,,,,,,,,
2308764,56526,Russia,4525993948,1774300950000,2026-03-23T21:22:30+00:00,50,3,1,4,6,8,9,11,15,19,,,,,,,,,,,,
2308723,56526,Russia,4525993936,1774300050000,2026-03-23T21:07:30+00:00,50,1,1,2,3,6,8,14,17,20,,,,,,,,,,,,
2308704,56526,Russia,4525992613,1774299150000,2026-03-23T20:52:30+00:00,50,1,1,2,4,6,13,18,19,20,,,,,,,,,,,,
2308672,56526,Russia,4525992499,1774298250000,2026-03-23T20:37:30+00:00,50,1,2,4,6,10,13,14,15,20,,,,,,,,,,,,
2306352,56526,Russia,4525992400,1774297350000,2026-03-23T20:22:30+00:00,60,,,,,,,,,,,,,,,,,,,,,
2308621,56526,Russia,4525992292,1774296450000,2026-03-23T20:07:30+00:00,50,4,2,4,8,12,13,14,16,18,,,,,,,,,,,,
2308559,56526,Russia,4525992187,1774295550000,2026-03-23T19:52:30+00:00,50,1,1,2,12,13,15,16,17,20,,,,,,,,,,,,
2308536,56526,Russia,4525992070,1774294650000,2026-03-23T19:37:30+00:00,50,1,1,5,6,13,15,16,17,19,,,,,,,,,,,,
2306350,56526,Russia,4525991959,1774293750000,2026-03-23T19:22:30+00:00,60,,,,,,,,,,,,,,,,,,,,,
2306347,56526,Russia,4525991842,1774292850000,2026-03-23T19:07:30+00:00,60,,,,,,,,,,,,,,,,,,,,,
2306346,56526,Russia,4525991719,1774291950000,2026-03-23T18:52:30+00:00,60,,,,,,,,,,,,,,,,,,,,,
2308415,56526,Russia,4525991608,1774291050000,2026-03-23T18:37:30+00:00,50,4,3,5,7,8,9,10,17,20,,,,,,,,,,,,
2308385,56526,Russia,4525991491,1774290150000,2026-03-23T18:22:30+00:00,50,2,2,5,8,11,12,14,19,20,,,,,,,,,,,,
2308361,56526,Russia,4525991377,1774289250000,2026-03-23T18:07:30+00:00,50,3,7,9,10,11,12,14,19,20,,,,,,,,,,,,
2308322,56526,Russia,4525991260,1774288350000,2026-03-23T17:52:30+00:00,50,1,3,4,6,10,12,14,16,18,,,,,,,,,,,,
2308298,56526,Russia,4525991140,1774287450000,2026-03-23T17:37:30+00:00,50,1,2,4,5,6,10,11,18,20,,,,,,,,,,,,
2306345,56526,Russia,4525991029,1774286550000,2026-03-23T17:22:30+00:00,60,,,,,,,,,,,,,,,,,,,,,
2306344,56526,Russia,4525990918,1774285650000,2026-03-23T17:07:30+00:00,60,,,,,,,,,,,,,,,,,,,,,
2306343,56526,Russia,4525990786,1774284750000,2026-03-23T16:52:30+00:00,60,,,,,,,,,,,,,,,,,,,,,
2308150,56526,Russia,4525990666,1774283850000,2026-03-23T16:37:30+00:00,50,2,8,10,11,12,13,17,18,20,,,,,,,,,,,,
2308112,56526,Russia,4525990555,1774282950000,2026-03-23T16:22:30+00:00,50,1,2,5,6,12,13,15,16,18,,,,,,,,,,,,
2308074,56526,Russia,4525990444,1774282050000,2026-03-23T16:07:30+00:00,50,2,1,5,10,11,12,14,16,20,,,,,,,,,,,,
2308054,56526,Russia,4525990333,1774281150000,2026-03-23T15:52:30+00:00,50,2,4,7,8,10,14,16,17,19,,,,,,,,,,,,
2308022,56526,Russia,4525990216,1774280250000,2026-03-23T15:37:30+00:00,50,4,3,4,8,9,14,16,19,20,,,,,,,,,,,,
2306342,56526,Russia,4525990108,1774279350000,2026-03-23T15:22:30+00:00,60,,,,,,,,,,,,,,,,,,,,,
2306341,56526,Russia,4525989997,1774278450000,2026-03-23T15:07:30+00:00,60,,,,,,,,,,,,,,,,,,,,,
2306340,56526,Russia,4525989880,1774277550000,2026-03-23T14:52:30+00:00,60,,,,,,,,,,,,,,,,,,,,,
2307901,56526,Russia,4525989769,1774276650000,2026-03-23T14:37:30+00:00,50,1,2,4,6,10,11,12,15,17,,,,,,,,,,,,
2307885,56526,Russia,4525989661,1774275750000,2026-03-23T14:22:30+00:00,50,2,1,9,11,13,15,17,18,20,,,,,,,,,,,,
2307835,56526,Russia,4525989550,1774274850000,2026-03-23T14:07:30+00:00,50,4,1,2,5,6,8,10,13,14,,,,,,,,,,,,
2307801,56526,Russia,4525989430,1774273950000,2026-03-23T13:52:30+00:00,50,2,7,9,11,12,13,16,17,18,,,,,,,,,,,,
2307772,56526,Russia,4525989319,1774273050000,2026-03-23T13:37:30+00:00,50,2,1,5,11,12,13,15,16,19,,,,,,,,,,,,
2306339,56526,Russia,4525989214,1774272150000,2026-03-23T13:22:30+00:00,60,,,,,,,,,,,,,,,,,,,,,
2306338,56526,Russia,4525989097,1774271250000,2026-03-23T13:07:30+00:00,60,,,,,,,,,,,,,,,,,,,,,
2306337,56526,Russia,4525988977,1774270350000,2026-03-23T12:52:30+00:00,60,,,,,,,,,,,,,,,,,,,,,
2307651,56526,Russia,4525988863,1774269450000,2026-03-23T12:37:30+00:00,50,3,1,3,5,7,8,10,18,20,,,,,,,,,,,,
2307623,56526,Russia,4525988755,1774268550000,2026-03-23T12:22:30+00:00,50,2,2,4,5,7,12,17,18,19,,,,,,,,,,,,
2307584,56526,Russia,4525988644,1774267650000,2026-03-23T12:07:30+00:00,50,2,1,4,6,10,11,13,15,16,,,,,,,,,,,,
2307551,56526,Russia,4525988533,1774266750000,2026-03-23T11:52:30+00:00,50,2,1,3,4,9,10,12,13,18,,,,,,,,,,,,
2307542,56526,Russia,4525988416,1774265850000,2026-03-23T11:37:30+00:00,50,1,4,6,8,10,11,12,13,17,,,,,,,,,,,,
2307499,56526,Russia,4525988311,1774264950000,2026-03-23T11:22:30+00:00,50,3,6,7,10,13,15,16,17,20,,,,,,,,,,,,
2307461,56526,Russia,4525988200,1774264050000,2026-03-23T11:07:30+00:00,50,4,5,6,8,9,13,17,18,19,,,,,,,,,,,,
2306336,56526,Russia,4525988089,1774263150000,2026-03-23T10:52:30+00:00,60,,,,,,,,,,,,,,,,,,,,,
2307387,56526,Russia,4525987972,1774262250000,2026-03-23T10:37:30+00:00,50,4,1,2,6,12,13,14,16,20,,,,,,,,,,,,
2306335,56526,Russia,4525987861,1774261350000,2026-03-23T10:22:30+00:00,60,,,,,,,,,,,,,,,,,,,,,
2306334,56526,Russia,4525987750,1774260450000,2026-03-23T10:07:30+00:00,60,,,,,,,,,,,,,,,,,,,,,
2306333,56526,Russia,4525987636,1774259550000,2026-03-23T09:52:30+00:00,60,,,,,,,,,,,,,,,,,,,,,
2307292,56526,Russia,4525987522,1774258650000,2026-03-23T09:37:30+00:00,50,2,1,5,7,8,9,10,12,15,,,,,,,,,,,,
2306332,56526,Russia,4525987414,1774257750000,2026-03-23T09:22:30+00:00,60,,,,,,,,,,,,,,,,,,,,,
2306331,56526,Russia,4525987303,1774256850000,2026-03-23T09:07:30+00:00,60,,,,,,,,,,,,,,,,,,,,,
2306328,56526,Russia,4525987189,1774255950000,2026-03-23T08:52:30+00:00,60,,,,,,,,,,,,,,,,,,,,,
2307159,56526,Russia,4525987078,1774255050000,2026-03-23T08:37:30+00:00,50,2,5,8,10,13,15,16,17,20,,,,,,,,,,,,
2307131,56526,Russia,4525986970,1774254150000,2026-03-23T08:22:30+00:00,50,4,1,2,5,8,10,14,15,19,,,,,,,,,,,,
2307093,56526,Russia,4525986859,1774253250000,2026-03-23T08:07:30+00:00,50,4,1,3,4,5,11,15,16,20,,,,,,,,,,,,
2307072,56526,Russia,4525986754,1774252350000,2026-03-23T07:52:30+00:00,50,1,5,6,7,11,15,16,18,19,,,,,,,,,,,,
2307049,56526,Russia,4525986652,1774251450000,2026-03-23T07:37:30+00:00,50,1,2,3,5,8,11,14,16,19,,,,,,,,,,,,
2306325,56526,Russia,4525986556,1774250550000,2026-03-23T07:22:30+00:00,60,,,,,,,,,,,,,,,,,,,,,
2306324,56526,Russia,4525986454,1774249650000,2026-03-23T07:07:30+00:00,60,,,,,,,,,,,,,,,,,,,,,
2306317,56526,Russia,4525986349,1774248750000,2026-03-23T06:52:30+00:00,60,,,,,,,,,,,,,,,,,,,,,
2306937,56526,Russia,4525986247,1774247850000,2026-03-23T06:37:30+00:00,50,2,1,2,3,4,6,10,12,18,,,,,,,,,,,,
2306896,56526,Russia,4525986151,1774246950000,2026-03-23T06:22:30+00:00,50,1,2,4,5,6,7,11,15,17,,,,,,,,,,,,
2306881,56526,Russia,4525986049,1774246050000,2026-03-23T06:07:30+00:00,50,1,1,3,5,10,11,14,15,16,,,,,,,,,,,,
2306856,56526,Russia,4525985959,1774245150000,2026-03-23T05:52:30+00:00,50,4,1,4,6,9,11,13,15,17,,,,,,,,,,,,
2306844,56526,Russia,4525985869,1774244250000,2026-03-23T05:37:30+00:00,50,3,1,3,5,6,7,12,13,19,,,,,,,,,,,,
2306814,56526,Russia,4525985791,1774243350000,2026-03-23T05:22:30+00:00,50,3,2,4,7,13,17,18,19,20,,,,,,,,,,,,
2306801,56526,Russia,4525985713,1774242450000,2026-03-23T05:07:30+00:00,50,4,3,4,7,8,14,18,19,20,,,,,,,,,,,,
2306774,56526,Russia,4525985641,1774241550000,2026-03-23T04:52:30+00:00,50,2,8,9,10,13,15,18,19,20,,,,,,,,,,,,
2306761,56526,Russia,4525985563,1774240650000,2026-03-23T04:37:30+00:00,50,3,4,6,7,8,10,12,15,18,,,,,,,,,,,,
2306739,56526,Russia,4525985485,1774239750000,2026-03-23T04:22:30+00:00,50,4,2,4,5,7,9,11,13,20,,,,,,,,,,,,
2306720,56526,Russia,4525985407,1774238850000,2026-03-23T04:07:30+00:00,50,3,2,8,9,11,13,14,17,18,,,,,,,,,,,,
2306692,56526,Russia,4525985335,1774237950000,2026-03-23T03:52:30+00:00,50,3,2,8,10,12,16,18,19,20,,,,,,,,,,,,
2306676,56526,Russia,4525985257,1774237050000,2026-03-23T03:37:30+00:00,50,3,3,5,10,12,13,14,15,19,,,,,,,,,,,,
2306582,56526,Russia,4525985182,1774236150000,2026-03-23T03:22:30+00:00,50,3,1,2,5,7,11,12,13,16,,,,,,,,,,,,
2306562,56526,Russia,4525985104,1774235250000,2026-03-23T03:07:30+00:00,50,1,5,9,10,12,15,18,19,20,,,,,,,,,,,,
2306551,56526,Russia,4525985032,1774234350000,2026-03-23T02:52:30+00:00,50,2,3,5,6,8,12,13,16,20,,,,,,,,,,,,
2306525,56526,Russia,4525984954,1774233450000,2026-03-23T02:37:30+00:00,50,4,2,5,7,10,14,15,16,20,,,,,,,,,,,,
2306504,56526,Russia,4525984876,1774232550000,2026-03-23T02:22:30+00:00,50,4,3,4,5,10,13,15,17,18,,,,,,,,,,,,
2306474,56526,Russia,4525984798,1774231650000,2026-03-23T02:07:30+00:00,50,3,1,2,5,6,10,11,13,16,,,,,,,,,,,,
2306459,56526,Russia,4525984726,1774230750000,2026-03-23T01:52:30+00:00,50,2,1,3,5,8,11,14,16,18,,,,,,,,,,,,
2306441,56526,Russia,4525984648,1774229850000,2026-03-23T01:37:30+00:00,50,2,2,3,4,5,11,14,15,18,,,,,,,,,,,,
2306419,56526,Russia,4525984573,1774228950000,2026-03-23T01:22:30+00:00,50,2,6,7,8,9,12,14,18,19,,,,,,,,,,,,
2306404,56526,Russia,4525984495,1774228050000,2026-03-23T01:07:30+00:00,50,2,2,6,9,13,15,18,19,20,,,,,,,,,,,,
2306373,56526,Russia,4525984423,1774227150000,2026-03-23T00:52:30+00:00,50,4,8,9,15,16,17,18,19,20,,,,,,,,,,,,
2306356,56526,Russia,4525984345,1774226250000,2026-03-23T00:37:30+00:00,50,1,2,3,9,12,13,15,16,18,,,,,,,,,,,,
2306308,56526,Russia,4525984270,1774225350000,2026-03-23T00:22:30+00:00,50,3,3,4,6,10,14,15,18,20,,,,,,,,,,,,
2306287,56526,Russia,4525984192,1774224450000,2026-03-23T00:07:30+00:00,50,1,1,6,8,9,12,14,16,20,,,,,,,,,,,,
2306263,56526,Russia,4523987353,1774223550000,2026-03-22T23:52:30+00:00,50,3,1,3,6,7,8,13,15,16,,,,,,,,,,,,
2306241,56526,Russia,4523987275,1774222650000,2026-03-22T23:37:30+00:00,50,2,2,5,7,8,10,11,16,18,,,,,,,,,,,,
2306226,56526,Russia,4523987200,1774221750000,2026-03-22T23:22:30+00:00,50,4,3,4,5,10,16,17,18,20,,,,,,,,,,,,
2306205,56526,Russia,4523987131,1774220850000,2026-03-22T23:07:30+00:00,50,3,2,7,8,13,16,18,19,20,,,,,,,,,,,,
2306186,56526,Russia,4523987089,1774219950000,2026-03-22T22:52:30+00:00,50,1,2,11,12,15,16,17,18,20,,,,,,,,,,,,
2306149,56526,Russia,4523987065,1774219050000,2026-03-22T22:37:30+00:00,50,3,3,4,6,11,13,14,16,18,,,,,,,,,,,,
2306129,56526,Russia,4523987041,1774218150000,2026-03-22T22:22:30+00:00,50,3,1,6,7,9,10,11,19,20,,,,,,,,,,,,
2306096,56526,Russia,4523987017,1774217250000,2026-03-22T22:07:30+00:00,50,2,2,3,7,11,12,14,16,17,,,,,,,,,,,,
2306076,56526,Russia,4523986996,1774216350000,2026-03-22T21:52:30+00:00,50,3,5,6,7,8,10,11,12,20,,,,,,,,,,,,
2306026,56526,Russia,4523986981,1774215450000,2026-03-22T21:37:30+00:00,50,4,2,4,8,11,12,16,18,20,,,,,,,,,,,,
2306000,56526,Russia,4523986966,1774214550000,2026-03-22T21:22:30+00:00,50,2,1,6,11,14,15,17,19,20,,,,,,,,,,,,
2305963,56526,Russia,4523986954,1774213650000,2026-03-22T21:07:30+00:00,50,1,3,7,8,12,15,17,19,20,,,,,,,,,,,,
2305944,56526,Russia,4523985652,1774212750000,2026-03-22T20:52:30+00:00,50,2,1,2,6,8,10,15,18,20,,,,,,,,,,,,
2305926,56526,Russia,4523985541,1774211850000,2026-03-22T20:37:30+00:00,50,1,1,3,4,6,9,13,16,17,,,,,,,,,,,,
2303354,56526,Russia,4523985439,1774210950000,2026-03-22T20:22:30+00:00,60,,,,,,,,,,,,,,,,,,,,,
2305849,56526,Russia,4523985331,1774210050000,2026-03-22T20:07:30+00:00,50,1,1,7,8,9,13,14,16,17,,,,,,,,,,,,
2305815,56526,Russia,4523985223,1774209150000,2026-03-22T19:52:30+00:00,50,4,2,5,11,13,15,17,19,20,,,,,,,,,,,,
2305771,56526,Russia,4523985109,1774208250000,2026-03-22T19:37:30+00:00,50,1,1,3,5,7,13,18,19,20,,,,,,,,,,,,
2303353,56526,Russia,4523985001,1774207350000,2026-03-22T19:22:30+00:00,60,,,,,,,,,,,,,,,,,,,,,
2303352,56526,Russia,4523984890,1774206450000,2026-03-22T19:07:30+00:00,60,,,,,,,,,,,,,,,,,,,,,
2303351,56526,Russia,4523984767,1774205550000,2026-03-22T18:52:30+00:00,60,,,,,,,,,,,,,,,,,,,,,
2305656,56526,Russia,4523984656,1774204650000,2026-03-22T18:37:30+00:00,50,3,1,2,7,8,9,10,11,12,,,,,,,,,,,,
2305642,56526,Russia,4523984542,1774203750000,2026-03-22T18:22:30+00:00,50,3,1,2,7,8,9,15,19,20,,,,,,,,,,,,
2305594,56526,Russia,4523984425,1774202850000,2026-03-22T18:07:30+00:00,50,3,2,3,6,10,13,15,17,18,,,,,,,,,,,,
2305561,56526,Russia,4523984308,1774201950000,2026-03-22T17:52:30+00:00,50,4,3,7,10,11,13,16,17,19,,,,,,,,,,,,
2305522,56526,Russia,4523984188,1774201050000,2026-03-22T17:37:30+00:00,50,1,2,3,5,9,11,12,13,15,,,,,,,,,,,,
2303350,56526,Russia,4523984080,1774200150000,2026-03-22T17:22:30+00:00,60,,,,,,,,,,,,,,,,,,,,,
2303349,56526,Russia,4523983969,1774199250000,2026-03-22T17:07:30+00:00,60,,,,,,,,,,,,,,,,,,,,,
2303348,56526,Russia,4523983837,1774198350000,2026-03-22T16:52:30+00:00,60,,,,,,,,,,,,,,,,,,,,,
2305398,56526,Russia,4523983720,1774197450000,2026-03-22T16:37:30+00:00,50,1,2,5,8,9,10,11,12,19,,,,,,,,,,,,
2305370,56526,Russia,4523983603,1774196550000,2026-03-22T16:22:30+00:00,50,2,5,11,13,14,17,18,19,20,,,,,,,,,,,,
2305339,56526,Russia,4523983492,1774195650000,2026-03-22T16:07:30+00:00,50,2,2,3,7,13,14,15,17,19,,,,,,,,,,,,
2305307,56526,Russia,4523983381,1774194750000,2026-03-22T15:52:30+00:00,50,4,1,6,11,13,14,15,19,20,,,,,,,,,,,,
2305273,56526,Russia,4523983264,1774193850000,2026-03-22T15:37:30+00:00,50,1,1,2,6,7,8,14,18,19,,,,,,,,,,,,
2303347,56526,Russia,4523983156,1774192950000,2026-03-22T15:22:30+00:00,60,,,,,,,,,,,,,,,,,,,,,
2303346,56526,Russia,4523983045,1774192050000,2026-03-22T15:07:30+00:00,60,,,,,,,,,,,,,,,,,,,,,
2303345,56526,Russia,4523982931,1774191150000,2026-03-22T14:52:30+00:00,60,,,,,,,,,,,,,,,,,,,,,
2305159,56526,Russia,4523982820,1774190250000,2026-03-22T14:37:30+00:00,50,4,1,2,3,5,7,9,14,18,,,,,,,,,,,,
2305113,56526,Russia,4523982712,1774189350000,2026-03-22T14:22:30+00:00,50,3,5,6,7,10,11,13,14,19,,,,,,,,,,,,
2305096,56526,Russia,4523982601,1774188450000,2026-03-22T14:07:30+00:00,50,2,2,4,5,10,11,12,15,20,,,,,,,,,,,,
2305057,56526,Russia,4523982484,1774187550000,2026-03-22T13:52:30+00:00,50,2,1,6,9,13,15,16,17,20,,,,,,,,,,,,
2305040,56526,Russia,4523982373,1774186650000,2026-03-22T13:37:30+00:00,50,4,2,3,4,6,10,14,15,18,,,,,,,,,,,,
2303344,56526,Russia,4523982268,1774185750000,2026-03-22T13:22:30+00:00,60,,,,,,,,,,,,,,,,,,,,,
2303343,56526,Russia,4523982151,1774184850000,2026-03-22T13:07:30+00:00,60,,,,,,,,,,,,,,,,,,,,,
2303342,56526,Russia,4523982031,1774183950000,2026-03-22T12:52:30+00:00,60,,,,,,,,,,,,,,,,,,,,,
2304909,56526,Russia,4523981917,1774183050000,2026-03-22T12:37:30+00:00,50,2,2,4,7,8,11,16,18,19,,,,,,,,,,,,
2304879,56526,Russia,4523981809,1774182150000,2026-03-22T12:22:30+00:00,50,2,2,5,7,8,9,11,17,20,,,,,,,,,,,,
2304856,56526,Russia,4523981698,1774181250000,2026-03-22T12:07:30+00:00,50,4,2,4,5,11,12,14,15,19,,,,,,,,,,,,
2304811,56526,Russia,4523981587,1774180350000,2026-03-22T11:52:30+00:00,50,4,1,2,8,9,13,15,19,20,,,,,,,,,,,,
2304783,56526,Russia,4523981470,1774179450000,2026-03-22T11:37:30+00:00,50,1,4,10,11,13,16,17,19,20,,,,,,,,,,,,
2304754,56526,Russia,4523981365,1774178550000,2026-03-22T11:22:30+00:00,50,2,6,7,9,12,16,17,18,20,,,,,,,,,,,,
2304721,56526,Russia,4523981254,1774177650000,2026-03-22T11:07:30+00:00,50,4,6,7,9,11,12,13,15,19,,,,,,,,,,,,
2303337,56526,Russia,4523981143,1774176750000,2026-03-22T10:52:30+00:00,60,,,,,,,,,,,,,,,,,,,,,
2304661,56526,Russia,4523981026,1774175850000,2026-03-22T10:37:30+00:00,50,1,1,3,8,9,10,12,15,20,,,,,,,,,,,,
2303333,56526,Russia,4523980918,1774174950000,2026-03-22T10:22:30+00:00,60,,,,,,,,,,,,,,,,,,,,,
2303331,56526,Russia,4523980807,1774174050000,2026-03-22T10:07:30+00:00,60,,,,,,,,,,,,,,,,,,,,,
2303330,56526,Russia,4523980693,1774173150000,2026-03-22T09:52:30+00:00,60,,,,,,,,,,,,,,,,,,,,,
2304541,56526,Russia,4523980582,1774172250000,2026-03-22T09:37:30+00:00,50,1,1,3,7,10,13,15,16,19,,,,,,,,,,,,
2303329,56526,Russia,4523980474,1774171350000,2026-03-22T09:22:30+00:00,60,,,,,,,,,,,,,,,,,,,,,
2303328,56526,Russia,4523980363,1774170450000,2026-03-22T09:07:30+00:00,60,,,,,,,,,,,,,,,,,,,,,
2303327,56526,Russia,4523980249,1774169550000,2026-03-22T08:52:30+00:00,60,,,,,,,,,,,,,,,,,,,,,
2304418,56526,Russia,4523980138,1774168650000,2026-03-22T08:37:30+00:00,50,4,2,6,8,14,15,16,19,20,,,,,,,,,,,,
2304391,56526,Russia,4523980033,1774167750000,2026-03-22T08:22:30+00:00,50,1,2,6,7,8,10,13,15,19,,,,,,,,,,,,
2304372,56526,Russia,4523979922,1774166850000,2026-03-22T08:07:30+00:00,50,4,2,3,4,6,7,8,9,17,,,,,,,,,,,,
2304330,56526,Russia,4523979817,1774165950000,2026-03-22T07:52:30+00:00,50,2,8,10,11,12,15,17,18,20,,,,,,,,,,,,
2304304,56526,Russia,4523979715,1774165050000,2026-03-22T07:37:30+00:00,50,4,1,2,4,5,9,10,13,19,,,,,,,,,,,,
2303326,56526,Russia,4523979619,1774164150000,2026-03-22T07:22:30+00:00,60,,,,,,,,,,,,,,,,,,,,,
2303325,56526,Russia,4523979517,1774163250000,2026-03-22T07:07:30+00:00,60,,,,,,,,,,,,,,,,,,,,,
2303324,56526,Russia,4523979412,1774162350000,2026-03-22T06:52:30+00:00,60,,,,,,,,,,,,,,,,,,,,,
2304200,56526,Russia,4523979310,1774161450000,2026-03-22T06:37:30+00:00,50,1,1,2,4,9,14,16,17,19,,,,,,,,,,,,
2304166,56526,Russia,4523979214,1774160550000,2026-03-22T06:22:30+00:00,50,4,1,4,5,11,14,16,17,18,,,,,,,,,,,,
2304139,56526,Russia,4523979112,1774159650000,2026-03-22T06:07:30+00:00,50,2,5,6,8,13,14,15,17,18,,,,,,,,,,,,
2304113,56526,Russia,4523979022,1774158750000,2026-03-22T05:52:30+00:00,50,2,5,7,8,12,13,14,17,18,,,,,,,,,,,,
2304086,56526,Russia,4523978932,1774157850000,2026-03-22T05:37:30+00:00,50,2,1,4,6,10,11,13,14,15,,,,,,,,,,,,
2304074,56526,Russia,4523978854,1774156950000,2026-03-22T05:22:30+00:00,50,4,1,4,12,13,16,18,19,20,,,,,,,,,,,,
2304039,56526,Russia,4523978776,1774156050000,2026-03-22T05:07:30+00:00,50,2,1,6,7,9,11,13,14,16,,,,,,,,,,,,
2304022,56526,Russia,4523978704,1774155150000,2026-03-22T04:52:30+00:00,50,3,2,5,7,8,10,13,16,20,,,,,,,,,,,,
2304013,56526,Russia,4523978626,1774154250000,2026-03-22T04:37:30+00:00,50,4,1,3,4,7,10,11,13,20,,,,,,,,,,,,
2303994,56526,Russia,4523978548,1774153350000,2026-03-22T04:22:30+00:00,50,4,1,3,7,10,11,13,15,16,,,,,,,,,,,,
2303973,56526,Russia,4523978470,1774152450000,2026-03-22T04:07:30+00:00,50,1,2,4,8,13,14,16,19,20,,,,,,,,,,,,
2303951,56526,Russia,4523978398,1774151550000,2026-03-22T03:52:30+00:00,50,3,3,7,10,11,12,15,19,20,,,,,,,,,,,,
2303932,56526,Russia,4523978320,1774150650000,2026-03-22T03:37:30+00:00,50,1,5,8,10,11,12,13,14,16,,,,,,,,,,,,
2303894,56526,Russia,4523978245,1774149750000,2026-03-22T03:22:30+00:00,50,1,1,2,3,5,11,16,19,20,,,,,,,,,,,,
2303877,56526,Russia,4523978167,1774148850000,2026-03-22T03:07:30+00:00,50,3,3,6,7,9,10,12,13,15,,,,,,,,,,,,
2303846,56526,Russia,4523978095,1774147950000,2026-03-22T02:52:30+00:00,50,3,1,4,6,8,10,16,18,20,,,,,,,,,,,,
2303830,56526,Russia,4523978017,1774147050000,2026-03-22T02:37:30+00:00,50,2,2,3,5,9,12,13,17,18,,,,,,,,,,,,
2303789,56526,Russia,4523977939,1774146150000,2026-03-22T02:22:30+00:00,50,1,3,6,7,9,11,13,16,17,,,,,,,,,,,,
2303775,56526,Russia,4523977861,1774145250000,2026-03-22T02:07:30+00:00,50,2,2,3,7,12,14,16,18,19,,,,,,,,,,,,
2303757,56526,Russia,4523977789,1774144350000,2026-03-22T01:52:30+00:00,50,3,1,3,5,7,8,11,16,18,,,,,,,,,,,,
2303734,56526,Russia,4523977711,1774143450000,2026-03-22T01:37:30+00:00,50,4,1,2,5,7,8,9,10,12,,,,,,,,,,,,
2303706,56526,Russia,4523977636,1774142550000,2026-03-22T01:22:30+00:00,50,1,1,5,9,11,14,16,17,18,,,,,,,,,,,,
2303693,56526,Russia,4523977558,1774141650000,2026-03-22T01:07:30+00:00,50,1,2,6,8,11,12,13,17,18,,,,,,,,,,,,
2303668,56526,Russia,4523977486,1774140750000,2026-03-22T00:52:30+00:00,50,3,1,4,8,9,12,14,15,17,,,,,,,,,,,,
2303652,56526,Russia,4523977408,1774139850000,2026-03-22T00:37:30+00:00,50,2,2,3,7,12,13,15,17,19,,,,,,,,,,,,
2303627,56526,Russia,4523977333,1774138950000,2026-03-22T00:22:30+00:00,50,3,3,8,14,15,16,17,19,20,,,,,,,,,,,,
2303606,56526,Russia,4523977255,1774138050000,2026-03-22T00:07:30+00:00,50,2,2,3,5,6,9,14,16,19,,,,,,,,,,,,
2303584,56526,Russia,4522021432,1774137150000,2026-03-21T23:52:30+00:00,50,2,1,4,7,8,10,12,14,17,,,,,,,,,,,,
2303563,56526,Russia,4522021354,1774136250000,2026-03-21T23:37:30+00:00,50,3,2,5,8,9,10,13,16,20,,,,,,,,,,,,
2303537,56526,Russia,4522021279,1774135350000,2026-03-21T23:22:30+00:00,50,3,4,5,10,11,12,13,16,18,,,,,,,,,,,,
2303500,56526,Russia,4522021210,1774134450000,2026-03-21T23:07:30+00:00,50,1,3,8,13,15,16,17,18,20,,,,,,,,,,,,
2303487,56526,Russia,4522021168,1774133550000,2026-03-21T22:52:30+00:00,50,3,1,2,6,8,10,11,16,20,,,,,,,,,,,,
2303461,56526,Russia,4522021144,1774132650000,2026-03-21T22:37:30+00:00,50,3,3,6,9,11,13,14,17,18,,,,,,,,,,,,
2303434,56526,Russia,4522021120,1774131750000,2026-03-21T22:22:30+00:00,50,4,2,4,5,8,12,15,16,17,,,,,,,,,,,,
2303402,56526,Russia,4522021096,1774130850000,2026-03-21T22:07:30+00:00,50,3,5,6,7,8,15,16,17,20,,,,,,,,,,,,
2303372,56526,Russia,4522021075,1774129950000,2026-03-21T21:52:30+00:00,50,1,1,4,6,8,10,12,14,19,,,,,,,,,,,,
2303320,56526,Russia,4522021060,1774129050000,2026-03-21T21:37:30+00:00,50,3,2,3,9,10,12,16,19,20,,,,,,,,,,,,
2303287,56526,Russia,4522021045,1774128150000,2026-03-21T21:22:30+00:00,50,2,4,6,8,15,16,17,18,19,,,,,,,,,,,,
2303255,56526,Russia,4522021033,1774127250000,2026-03-21T21:07:30+00:00,50,2,1,3,6,8,9,11,15,18,,,,,,,,,,,,
2303219,56526,Russia,4522019683,1774126350000,2026-03-21T20:52:30+00:00,50,3,1,5,6,8,9,16,18,19,,,,,,,,,,,,
2303172,56526,Russia,4522019563,1774125450000,2026-03-21T20:37:30+00:00,50,2,1,4,6,9,10,14,17,20,,,,,,,,,,,,
2300898,56526,Russia,4522019464,1774124550000,2026-03-21T20:22:30+00:00,60,,,,,,,,,,,,,,,,,,,,,
2303118,56526,Russia,4522019350,1774123650000,2026-03-21T20:07:30+00:00,50,4,3,4,5,6,11,13,14,19,,,,,,,,,,,,
2303081,56526,Russia,4522019239,1774122750000,2026-03-21T19:52:30+00:00,50,1,3,5,7,12,13,14,17,19,,,,,,,,,,,,
2303050,56526,Russia,4522019116,1774121850000,2026-03-21T19:37:30+00:00,50,1,1,2,4,5,7,9,10,11,,,,,,,,,,,,
2300895,56526,Russia,4522019002,1774120950000,2026-03-21T19:22:30+00:00,60,,,,,,,,,,,,,,,,,,,,,
2300891,56526,Russia,4522018885,1774120050000,2026-03-21T19:07:30+00:00,60,,,,,,,,,,,,,,,,,,,,,
2300886,56526,Russia,4522018744,1774119150000,2026-03-21T18:52:30+00:00,60,,,,,,,,,,,,,,,,,,,,,
2302876,56526,Russia,4522018633,1774118250000,2026-03-21T18:37:30+00:00,50,4,5,8,11,12,13,16,17,18,,,,,,,,,,,,
2302875,56526,Russia,4522018513,1774117350000,2026-03-21T18:22:30+00:00,50,2,1,4,9,13,14,17,19,20,,,,,,,,,,,,
2302832,56526,Russia,4522018399,1774116450000,2026-03-21T18:07:30+00:00,50,4,3,4,9,10,11,12,15,16,,,,,,,,,,,,
2302801,56526,Russia,4522018279,1774115550000,2026-03-21T17:52:30+00:00,50,1,6,7,9,12,13,14,17,20,,,,,,,,,,,,
2302778,56526,Russia,4522018159,1774114650000,2026-03-21T17:37:30+00:00,50,4,3,6,8,12,13,14,18,20,,,,,,,,,,,,
2300882,56526,Russia,4522018048,1774113750000,2026-03-21T17:22:30+00:00,60,,,,,,,,,,,,,,,,,,,,,
2300881,56526,Russia,4522017931,1774112850000,2026-03-21T17:07:30+00:00,60,,,,,,,,,,,,,,,,,,,,,
2300880,56526,Russia,4522017796,1774111950000,2026-03-21T16:52:30+00:00,60,,,,,,,,,,,,,,,,,,,,,
2302649,56526,Russia,4522017676,1774111050000,2026-03-21T16:37:30+00:00,50,2,2,7,8,10,11,14,17,18,,,,,,,,,,,,
2302616,56526,Russia,4522017565,1774110150000,2026-03-21T16:22:30+00:00,50,3,1,5,11,12,13,14,18,20,,,,,,,,,,,,
2302577,56526,Russia,4522017454,1774109250000,2026-03-21T16:07:30+00:00,50,2,3,6,7,10,12,17,19,20,,,,,,,,,,,,
2302553,56526,Russia,4522017340,1774108350000,2026-03-21T15:52:30+00:00,50,3,1,2,3,4,7,8,10,11,,,,,,,,,,,,
2302525,56526,Russia,4522017223,1774107450000,2026-03-21T15:37:30+00:00,50,4,1,4,5,10,12,13,19,20,,,,,,,,,,,,
2300879,56526,Russia,4522017115,1774106550000,2026-03-21T15:22:30+00:00,60,,,,,,,,,,,,,,,,,,,,,
2300878,56526,Russia,4522017004,1774105650000,2026-03-21T15:07:30+00:00,60,,,,,,,,,,,,,,,,,,,,,
2300877,56526,Russia,4522016884,1774104750000,2026-03-21T14:52:30+00:00,60,,,,,,,,,,,,,,,,,,,,,
2302391,56526,Russia,4522016773,1774103850000,2026-03-21T14:37:30+00:00,50,1,1,6,10,12,13,15,16,19,,,,,,,,,,,,
2302364,56526,Russia,4522016665,1774102950000,2026-03-21T14:22:30+00:00,50,1,1,3,7,10,11,13,18,19,,,,,,,,,,,,
2302334,56526,Russia,4522016554,1774102050000,2026-03-21T14:07:30+00:00,50,3,1,3,5,7,8,12,17,18,,,,,,,,,,,,
2302300,56526,Russia,4522016437,1774101150000,2026-03-21T13:52:30+00:00,50,3,3,6,11,12,14,15,16,17,,,,,,,,,,,,
2302276,56526,Russia,4522016326,1774100250000,2026-03-21T13:37:30+00:00,50,2,7,8,9,10,16,17,19,20,,,,,,,,,,,,
2300876,56526,Russia,4522016221,1774099350000,2026-03-21T13:22:30+00:00,60,,,,,,,,,,,,,,,,,,,,,
2300875,56526,Russia,4522016104,1774098450000,2026-03-21T13:07:30+00:00,60,,,,,,,,,,,,,,,,,,,,,
2300874,56526,Russia,4522015984,1774097550000,2026-03-21T12:52:30+00:00,60,,,,,,,,,,,,,,,,,,,,,
2302148,56526,Russia,4522015870,1774096650000,2026-03-21T12:37:30+00:00,50,4,2,4,5,6,9,12,15,20,,,,,,,,,,,,
2302122,56526,Russia,4522015762,1774095750000,2026-03-21T12:22:30+00:00,50,1,3,6,7,8,11,13,18,19,,,,,,,,,,,,
2302089,56526,Russia,4522015651,1774094850000,2026-03-21T12:07:30+00:00,50,3,1,3,4,11,15,17,18,19,,,,,,,,,,,,
2302058,56526,Russia,4522015540,1774093950000,2026-03-21T11:52:30+00:00,50,3,2,7,8,11,14,15,16,20,,,,,,,,,,,,
2302027,56526,Russia,4522015423,1774093050000,2026-03-21T11:37:30+00:00,50,2,3,4,6,7,8,14,17,20,,,,,,,,,,,,
2301996,56526,Russia,4522015315,1774092150000,2026-03-21T11:22:30+00:00,50,1,1,2,5,7,9,11,14,15,,,,,,,,,,,,
2301954,56526,Russia,4522015204,1774091250000,2026-03-21T11:07:30+00:00,50,4,1,4,6,7,8,16,17,19,,,,,,,,,,,,
2300873,56526,Russia,4522015093,1774090350000,2026-03-21T10:52:30+00:00,60,,,,,,,,,,,,,,,,,,,,,
2301894,56526,Russia,4522014976,1774089450000,2026-03-21T10:37:30+00:00,50,4,3,6,7,9,10,11,14,16,,,,,,,,,,,,
2300872,56526,Russia,4522014868,1774088550000,2026-03-21T10:22:30+00:00,60,,,,,,,,,,,,,,,,,,,,,
2300871,56526,Russia,4522014757,1774087650000,2026-03-21T10:07:30+00:00,60,,,,,,,,,,,,,,,,,,,,,
2300870,56526,Russia,4522014643,1774086750000,2026-03-21T09:52:30+00:00,60,,,,,,,,,,,,,,,,,,,,,
2301782,56526,Russia,4522014532,1774085850000,2026-03-21T09:37:30+00:00,50,2,1,2,8,9,11,14,18,20,,,,,,,,,,,,
2300869,56526,Russia,4522014421,1774084950000,2026-03-21T09:22:30+00:00,60,,,,,,,,,,,,,,,,,,,,,
2300868,56526,Russia,4522014310,1774084050000,2026-03-21T09:07:30+00:00,60,,,,,,,,,,,,,,,,,,,,,
2300867,56526,Russia,4522014202,1774083150000,2026-03-21T08:52:30+00:00,60,,,,,,,,,,,,,,,,,,,,,
2301653,56526,Russia,4522014100,1774082250000,2026-03-21T08:37:30+00:00,50,2,1,2,5,6,8,12,17,18,,,,,,,,,,,,
2301639,56526,Russia,4522014004,1774081350000,2026-03-21T08:22:30+00:00,50,4,2,4,6,8,10,11,13,18,,,,,,,,,,,,
2301611,56526,Russia,4522013902,1774080450000,2026-03-21T08:07:30+00:00,50,2,2,8,10,11,13,14,15,18,,,,,,,,,,,,
2301586,56526,Russia,4522013800,1774079550000,2026-03-21T07:52:30+00:00,50,1,2,7,9,10,11,13,14,19,,,,,,,,,,,,
2301559,56526,Russia,4522013698,1774078650000,2026-03-21T07:37:30+00:00,50,2,1,3,5,7,11,12,15,18,,,,,,,,,,,,
2300866,56526,Russia,4522013602,1774077750000,2026-03-21T07:22:30+00:00,60,,,,,,,,,,,,,,,,,,,,,
2300857,56526,Russia,4522013500,1774076850000,2026-03-21T07:07:30+00:00,60,,,,,,,,,,,,,,,,,,,,,
2300854,56526,Russia,4522013395,1774075950000,2026-03-21T06:52:30+00:00,60,,,,,,,,,,,,,,,,,,,,,
2301449,56526,Russia,4522013293,1774075050000,2026-03-21T06:37:30+00:00,50,1,6,7,9,10,11,15,18,20,,,,,,,,,,,,
2301422,56526,Russia,4522013194,1774074150000,2026-03-21T06:22:30+00:00,50,1,4,6,7,10,11,12,15,18,,,,,,,,,,,,
2301388,56526,Russia,4522013092,1774073250000,2026-03-21T06:07:30+00:00,50,1,1,3,5,10,13,14,19,20,,,,,,,,,,,,
2301368,56526,Russia,4522013002,1774072350000,2026-03-21T05:52:30+00:00,50,2,2,3,11,12,13,14,15,20,,,,,,,,,,,,
2301345,56526,Russia,4522012912,1774071450000,2026-03-21T05:37:30+00:00,50,3,1,4,8,9,10,11,19,20,,,,,,,,,,,,
2301326,56526,Russia,4522012834,1774070550000,2026-03-21T05:22:30+00:00,50,1,1,3,5,7,8,16,19,20,,,,,,,,,,,,
2301299,56526,Russia,4522012756,1774069650000,2026-03-21T05:07:30+00:00,50,2,1,7,8,10,13,15,16,19,,,,,,,,,,,,
2301293,56526,Russia,4522012684,1774068750000,2026-03-21T04:52:30+00:00,50,2,2,4,5,13,14,16,17,18,,,,,,,,,,,,
2301268,56526,Russia,4522012606,1774067850000,2026-03-21T04:37:30+00:00,50,1,2,6,7,9,10,12,13,15,,,,,,,,,,,,
2301253,56526,Russia,4522012528,1774066950000,2026-03-21T04:22:30+00:00,50,1,1,4,8,9,11,12,15,18,,,,,,,,,,,,
2301232,56526,Russia,4522012450,1774066050000,2026-03-21T04:07:30+00:00,50,2,2,4,7,8,13,17,19,20,,,,,,,,,,,,
2301210,56526,Russia,4522012378,1774065150000,2026-03-21T03:52:30+00:00,50,2,1,2,3,8,12,13,17,20,,,,,,,,,,,,
2301180,56526,Russia,4522012300,1774064250000,2026-03-21T03:37:30+00:00,50,1,2,5,6,10,12,14,15,19,,,,,,,,,,,,
2301158,56526,Russia,4522012225,1774063350000,2026-03-21T03:22:30+00:00,50,2,4,7,9,10,12,13,18,20,,,,,,,,,,,,
2301125,56526,Russia,4522012147,1774062450000,2026-03-21T03:07:30+00:00,50,4,1,8,10,12,13,14,15,20,,,,,,,,,,,,
2301112,56526,Russia,4522012075,1774061550000,2026-03-21T02:52:30+00:00,50,4,1,8,9,11,12,14,17,20,,,,,,,,,,,,
2301086,56526,Russia,4522011997,1774060650000,2026-03-21T02:37:30+00:00,50,1,2,5,9,11,16,17,18,20,,,,,,,,,,,,
2301070,56526,Russia,4522011919,1774059750000,2026-03-21T02:22:30+00:00,50,3,2,8,9,11,13,17,18,19,,,,,,,,,,,,
2301046,56526,Russia,4522011841,1774058850000,2026-03-21T02:07:30+00:00,50,4,1,2,3,6,13,14,16,20,,,,,,,,,,,,
2301029,56526,Russia,4522011769,1774057950000,2026-03-21T01:52:30+00:00,50,3,2,3,5,6,9,10,16,17,,,,,,,,,,,,
2301005,56526,Russia,4522011691,1774057050000,2026-03-21T01:37:30+00:00,50,1,1,3,6,7,16,17,18,20,,,,,,,,,,,,
2300984,56526,Russia,4522011616,1774056150000,2026-03-21T01:22:30+00:00,50,4,2,4,12,13,14,16,18,19,,,,,,,,,,,,
2300968,56526,Russia,4522011538,1774055250000,2026-03-21T01:07:30+00:00,50,1,2,6,11,14,16,18,19,20,,,,,,,,,,,,
2300940,56526,Russia,4522011466,1774054350000,2026-03-21T00:52:30+00:00,50,4,1,4,6,7,9,12,14,17,,,,,,,,,,,,
2300919,56526,Russia,4522011388,1774053450000,2026-03-21T00:37:30+00:00,50,1,3,7,9,12,13,14,16,19,,,,,,,,,,,,
2300899,56526,Russia,4522011313,1774052550000,2026-03-21T00:22:30+00:00,50,2,1,4,5,6,7,8,11,16,,,,,,,,,,,,
2300853,56526,Russia,4522011235,1774051650000,2026-03-21T00:07:30+00:00,50,4,4,8,11,14,15,17,19,20,,,,,,,,,,,,
2300829,56526,Russia,4520274181,1774050750000,2026-03-20T23:52:30+00:00,50,3,4,7,10,11,13,15,16,19,,,,,,,,,,,,
2300805,56526,Russia,4520274103,1774049850000,2026-03-20T23:37:30+00:00,50,4,2,6,8,12,14,15,18,19,,,,,,,,,,,,
2300774,56526,Russia,4520274028,1774048950000,2026-03-20T23:22:30+00:00,50,1,1,3,7,9,10,16,19,20,,,,,,,,,,,,
2300760,56526,Russia,4520273959,1774048050000,2026-03-20T23:07:30+00:00,50,1,2,4,5,9,10,12,13,16,,,,,,,,,,,,
2300735,56526,Russia,4520273917,1774047150000,2026-03-20T22:52:30+00:00,50,4,1,4,6,8,11,15,16,17,,,,,,,,,,,,
2300704,56526,Russia,4520273893,1774046250000,2026-03-20T22:37:30+00:00,50,4,7,8,10,11,12,15,17,19,,,,,,,,,,,,
2300675,56526,Russia,4520273869,1774045350000,2026-03-20T22:22:30+00:00,50,1,1,2,4,8,9,13,18,20,,,,,,,,,,,,
2300646,56526,Russia,4520273845,1774044450000,2026-03-20T22:07:30+00:00,50,3,3,6,8,13,16,17,18,20,,,,,,,,,,,,
2300617,56526,Russia,4520273824,1774043550000,2026-03-20T21:52:30+00:00,50,2,1,2,5,7,8,13,19,20,,,,,,,,,,,,
2300578,56526,Russia,4520273809,1774042650000,2026-03-20T21:37:30+00:00,50,3,3,4,5,7,15,18,19,20,,,,,,,,,,,,
2300562,56526,Russia,4520273794,1774041750000,2026-03-20T21:22:30+00:00,50,3,6,7,9,11,13,14,16,18,,,,,,,,,,,,
2300510,56526,Russia,4520273782,1774040850000,2026-03-20T21:07:30+00:00,50,4,4,5,7,9,14,17,18,19,,,,,,,,,,,,
2300494,56526,Russia,4520272432,1774039950000,2026-03-20T20:52:30+00:00,50,1,1,2,3,5,11,15,17,19,,,,,,,,,,,,
2300464,56526,Russia,4520272321,1774039050000,2026-03-20T20:37:30+00:00,50,3,5,6,8,10,11,16,18,20,,,,,,,,,,,,
2298522,56526,Russia,4520272222,1774038150000,2026-03-20T20:22:30+00:00,60,,,,,,,,,,,,,,,,,,,,,
2300392,56526,Russia,4520272114,1774037250000,2026-03-20T20:07:30+00:00,50,4,2,3,5,6,7,13,15,17,,,,,,,,,,,,
2300369,56526,Russia,4520272006,1774036350000,2026-03-20T19:52:30+00:00,50,2,1,2,3,5,8,9,15,20,,,,,,,,,,,,
2300331,56526,Russia,4520271886,1774035450000,2026-03-20T19:37:30+00:00,50,2,1,3,4,7,11,13,14,15,,,,,,,,,,,,
2298521,56526,Russia,4520271775,1774034550000,2026-03-20T19:22:30+00:00,60,,,,,,,,,,,,,,,,,,,,,
2298520,56526,Russia,4520271664,1774033650000,2026-03-20T19:07:30+00:00,60,,,,,,,,,,,,,,,,,,,,,
2298518,56526,Russia,4520271526,1774032750000,2026-03-20T18:52:30+00:00,60,,,,,,,,,,,,,,,,,,,,,
2300202,56526,Russia,4520271415,1774031850000,2026-03-20T18:37:30+00:00,50,4,1,2,3,12,13,15,18,20,,,,,,,,,,,,
2300178,56526,Russia,4520271298,1774030950000,2026-03-20T18:22:30+00:00,50,1,1,2,3,4,7,10,12,17,,,,,,,,,,,,
2300144,56526,Russia,4520271184,1774030050000,2026-03-20T18:07:30+00:00,50,3,3,4,10,12,13,16,18,19,,,,,,,,,,,,
2300121,56526,Russia,4520271067,1774029150000,2026-03-20T17:52:30+00:00,50,1,3,7,10,12,15,18,19,20,,,,,,,,,,,,
2300065,56526,Russia,4520270947,1774028250000,2026-03-20T17:37:30+00:00,50,1,5,6,9,12,13,15,17,20,,,,,,,,,,,,
2298517,56526,Russia,4520270836,1774027350000,2026-03-20T17:22:30+00:00,60,,,,,,,,,,,,,,,,,,,,,
2298516,56526,Russia,4520270725,1774026450000,2026-03-20T17:07:30+00:00,60,,,,,,,,,,,,,,,,,,,,,
2298515,56526,Russia,4520270593,1774025550000,2026-03-20T16:52:30+00:00,60,,,,,,,,,,,,,,,,,,,,,
2299958,56526,Russia,4520270473,1774024650000,2026-03-20T16:37:30+00:00,50,3,4,6,10,12,13,16,18,20,,,,,,,,,,,,
2299911,56526,Russia,4520270362,1774023750000,2026-03-20T16:22:30+00:00,50,2,4,6,7,9,13,16,17,20,,,,,,,,,,,,
2299882,56526,Russia,4520270251,1774022850000,2026-03-20T16:07:30+00:00,50,4,3,4,6,7,8,10,11,14,,,,,,,,,,,,
2299850,56526,Russia,4520270140,1774021950000,2026-03-20T15:52:30+00:00,50,1,1,2,3,5,9,10,12,20,,,,,,,,,,,,
2299825,56526,Russia,4520270017,1774021050000,2026-03-20T15:37:30+00:00,50,2,3,4,8,11,13,14,17,19,,,,,,,,,,,,
2298514,56526,Russia,4520269909,1774020150000,2026-03-20T15:22:30+00:00,60,,,,,,,,,,,,,,,,,,,,,
2298511,56526,Russia,4520269798,1774019250000,2026-03-20T15:07:30+00:00,60,,,,,,,,,,,,,,,,,,,,,
2298510,56526,Russia,4520269681,1774018350000,2026-03-20T14:52:30+00:00,60,,,,,,,,,,,,,,,,,,,,,
2299705,56526,Russia,4520269570,1774017450000,2026-03-20T14:37:30+00:00,50,1,6,8,9,10,12,14,17,20,,,,,,,,,,,,
2299678,56526,Russia,4520269459,1774016550000,2026-03-20T14:22:30+00:00,50,2,1,2,6,12,13,16,17,18,,,,,,,,,,,,
2299635,56526,Russia,4520269348,1774015650000,2026-03-20T14:07:30+00:00,50,1,2,7,8,10,11,14,16,17,,,,,,,,,,,,
2299598,56526,Russia,4520269231,1774014750000,2026-03-20T13:52:30+00:00,50,4,2,3,4,9,10,14,15,18,,,,,,,,,,,,
2299576,56526,Russia,4520269120,1774013850000,2026-03-20T13:37:30+00:00,50,4,3,4,6,9,10,11,17,19,,,,,,,,,,,,
2298507,56526,Russia,4520269015,1774012950000,2026-03-20T13:22:30+00:00,60,,,,,,,,,,,,,,,,,,,,,
2298505,56526,Russia,4520268898,1774012050000,2026-03-20T13:07:30+00:00,60,,,,,,,,,,,,,,,,,,,,,
2298503,56526,Russia,4520268778,1774011150000,2026-03-20T12:52:30+00:00,60,,,,,,,,,,,,,,,,,,,,,
2299449,56526,Russia,4520268664,1774010250000,2026-03-20T12:37:30+00:00,50,2,2,4,10,12,13,14,15,17,,,,,,,,,,,,
2299409,56526,Russia,4520268556,1774009350000,2026-03-20T12:22:30+00:00,50,2,3,5,8,12,13,14,15,16,,,,,,,,,,,,
2299385,56526,Russia,4520268445,1774008450000,2026-03-20T12:07:30+00:00,50,2,3,5,7,10,13,15,16,19,,,,,,,,,,,,
2299350,56526,Russia,4520268334,1774007550000,2026-03-20T11:52:30+00:00,50,4,2,4,9,12,13,14,19,20,,,,,,,,,,,,
2299319,56526,Russia,4520268217,1774006650000,2026-03-20T11:37:30+00:00,50,1,3,5,7,13,14,15,18,19,,,,,,,,,,,,
2299278,56526,Russia,4520268112,1774005750000,2026-03-20T11:22:30+00:00,50,1,7,10,12,14,15,16,18,20,,,,,,,,,,,,
2299264,56526,Russia,4520268001,1774004850000,2026-03-20T11:07:30+00:00,50,1,2,3,4,8,15,16,18,19,,,,,,,,,,,,
2298502,56526,Russia,4520267890,1774003950000,2026-03-20T10:52:30+00:00,60,,,,,,,,,,,,,,,,,,,,,
2299199,56526,Russia,4520267773,1774003050000,2026-03-20T10:37:30+00:00,50,4,2,5,10,12,15,16,17,20,,,,,,,,,,,,
2298501,56526,Russia,4520267665,1774002150000,2026-03-20T10:22:30+00:00,60,,,,,,,,,,,,,,,,,,,,,
2298499,56526,Russia,4520267554,1774001250000,2026-03-20T10:07:30+00:00,60,,,,,,,,,,,,,,,,,,,,,
2298498,56526,Russia,4520267440,1774000350000,2026-03-20T09:52:30+00:00,60,,,,,,,,,,,,,,,,,,,,,
2299072,56526,Russia,4520267326,1773999450000,2026-03-20T09:37:30+00:00,50,2,4,9,11,13,14,15,16,19,,,,,,,,,,,,
2298497,56526,Russia,4520267218,1773998550000,2026-03-20T09:22:30+00:00,60,,,,,,,,,,,,,,,,,,,,,
2298496,56526,Russia,4520267107,1773997650000,2026-03-20T09:07:30+00:00,60,,,,,,,,,,,,,,,,,,,,,
2298493,56526,Russia,4520266999,1773996750000,2026-03-20T08:52:30+00:00,60,,,,,,,,,,,,,,,,,,,,,
2298964,56526,Russia,4520266897,1773995850000,2026-03-20T08:37:30+00:00,50,2,1,3,5,7,16,17,18,19,,,,,,,,,,,,
2298933,56526,Russia,4520266798,1773994950000,2026-03-20T08:22:30+00:00,50,3,1,2,8,12,16,17,18,20,,,,,,,,,,,,
2298901,56526,Russia,4520266696,1773994050000,2026-03-20T08:07:30+00:00,50,1,3,8,10,11,13,15,16,17,,,,,,,,,,,,
2298872,56526,Russia,4520266594,1773993150000,2026-03-20T07:52:30+00:00,50,3,3,4,6,9,12,17,19,20,,,,,,,,,,,,
2298853,56526,Russia,4520266492,1773992250000,2026-03-20T07:37:30+00:00,50,2,3,5,6,7,8,11,15,20,,,,,,,,,,,,
2298492,56526,Russia,4520266396,1773991350000,2026-03-20T07:22:30+00:00,60,,,,,,,,,,,,,,,,,,,,,
2298491,56526,Russia,4520266294,1773990450000,2026-03-20T07:07:30+00:00,60,,,,,,,,,,,,,,,,,,,,,
2298488,56526,Russia,4520266189,1773989550000,2026-03-20T06:52:30+00:00,60,,,,,,,,,,,,,,,,,,,,,
2298750,56526,Russia,4520266087,1773988650000,2026-03-20T06:37:30+00:00,50,3,1,3,5,7,9,10,11,12,,,,,,,,,,,,
2298717,56526,Russia,4520265991,1773987750000,2026-03-20T06:22:30+00:00,50,3,1,3,5,11,14,15,16,19,,,,,,,,,,,,
2298691,56526,Russia,4520265889,1773986850000,2026-03-20T06:07:30+00:00,50,2,1,7,9,10,11,12,16,19,,,,,,,,,,,,
2298657,56526,Russia,4520265799,1773985950000,2026-03-20T05:52:30+00:00,50,2,3,4,6,11,15,16,17,18,,,,,,,,,,,,
2298634,56526,Russia,4520265709,1773985050000,2026-03-20T05:37:30+00:00,50,3,2,3,10,12,13,14,15,19,,,,,,,,,,,,
2298619,56526,Russia,4520265631,1773984150000,2026-03-20T05:22:30+00:00,50,2,2,8,10,12,13,14,15,19,,,,,,,,,,,,
2298592,56526,Russia,4520265553,1773983250000,2026-03-20T05:07:30+00:00,50,2,4,7,8,11,12,15,16,20,,,,,,,,,,,,
2298584,56526,Russia,4520265481,1773982350000,2026-03-20T04:52:30+00:00,50,3,1,10,11,12,13,14,16,20,,,,,,,,,,,,
2298570,56526,Russia,4520265403,1773981450000,2026-03-20T04:37:30+00:00,50,2,1,2,3,4,10,15,16,20,,,,,,,,,,,,
2298550,56526,Russia,4520265325,1773980550000,2026-03-20T04:22:30+00:00,50,3,2,3,4,10,11,12,13,17,,,,,,,,,,,,
2298529,56526,Russia,4520265247,1773979650000,2026-03-20T04:07:30+00:00,50,3,1,2,4,6,11,14,16,20,,,,,,,,,,,,
2298475,56526,Russia,4520265175,1773978750000,2026-03-20T03:52:30+00:00,50,2,3,7,9,10,13,14,15,17,,,,,,,,,,,,
2298458,56526,Russia,4520265097,1773977850000,2026-03-20T03:37:30+00:00,50,1,1,5,6,12,13,16,18,20,,,,,,,,,,,,
2298426,56526,Russia,4520265022,1773976950000,2026-03-20T03:22:30+00:00,50,4,1,3,6,12,13,14,16,18,,,,,,,,,,,,
2298405,56526,Russia,4520264944,1773976050000,2026-03-20T03:07:30+00:00,50,4,7,8,10,15,16,18,19,20,,,,,,,,,,,,
2298376,56526,Russia,4520264872,1773975150000,2026-03-20T02:52:30+00:00,50,2,3,7,10,13,14,16,17,20,,,,,,,,,,,,
2298358,56526,Russia,4520264794,1773974250000,2026-03-20T02:37:30+00:00,50,3,2,3,5,6,8,16,17,20,,,,,,,,,,,,
2298336,56526,Russia,4520264716,1773973350000,2026-03-20T02:22:30+00:00,50,1,1,4,10,12,15,18,19,20,,,,,,,,,,,,
2298312,56526,Russia,4520264638,1773972450000,2026-03-20T02:07:30+00:00,50,3,3,6,7,12,14,15,16,20,,,,,,,,,,,,
2298288,56526,Russia,4520264566,1773971550000,2026-03-20T01:52:30+00:00,50,2,1,5,9,11,12,14,18,19,,,,,,,,,,,,
2298266,56526,Russia,4520264488,1773970650000,2026-03-20T01:37:30+00:00,50,3,5,6,7,8,13,14,17,18,,,,,,,,,,,,
2298249,56526,Russia,4520264413,1773969750000,2026-03-20T01:22:30+00:00,50,2,1,3,4,12,13,16,18,20,,,,,,,,,,,,
2298231,56526,Russia,4520264335,1773968850000,2026-03-20T01:07:30+00:00,50,3,2,5,6,7,9,13,17,20,,,,,,,,,,,,
2298212,56526,Russia,4520264263,1773967950000,2026-03-20T00:52:30+00:00,50,1,1,4,9,10,11,13,15,17,,,,,,,,,,,,
2298192,56526,Russia,4520264185,1773967050000,2026-03-20T00:37:30+00:00,50,3,3,5,8,10,12,13,19,20,,,,,,,,,,,,
2298177,56526,Russia,4520264110,1773966150000,2026-03-20T00:22:30+00:00,50,1,1,2,8,11,12,14,18,20,,,,,,,,,,,,
2298150,56526,Russia,4520264032,1773965250000,2026-03-20T00:07:30+00:00,50,2,2,4,5,7,9,14,17,18,,,,,,,,,,,,
2298119,56526,Russia,4518194215,1773964350000,2026-03-19T23:52:30+00:00,50,3,3,6,7,13,15,17,18,19,,,,,,,,,,,,
2298105,56526,Russia,4518194137,1773963450000,2026-03-19T23:37:30+00:00,50,4,1,3,5,7,9,11,17,19,,,,,,,,,,,,
2298078,56526,Russia,4518194062,1773962550000,2026-03-19T23:22:30+00:00,50,1,2,7,8,11,15,18,19,20,,,,,,,,,,,,
2298051,56526,Russia,4518193993,1773961650000,2026-03-19T23:07:30+00:00,50,1,6,7,8,11,14,16,17,18,,,,,,,,,,,,
2298023,56526,Russia,4518193951,1773960750000,2026-03-19T22:52:30+00:00,50,1,2,6,10,11,12,15,16,18,,,,,,,,,,,,
2297997,56526,Russia,4518193927,1773959850000,2026-03-19T22:37:30+00:00,50,3,3,4,5,7,9,10,13,17,,,,,,,,,,,,
2297968,56526,Russia,4518193903,1773958950000,2026-03-19T22:22:30+00:00,50,1,1,3,8,10,11,14,15,18,,,,,,,,,,,,
2297933,56526,Russia,4518193879,1773958050000,2026-03-19T22:07:30+00:00,50,2,1,2,5,10,15,16,17,20,,,,,,,,,,,,
2297907,56526,Russia,4518193858,1773957150000,2026-03-19T21:52:30+00:00,50,1,2,3,8,11,12,16,18,19,,,,,,,,,,,,
2297885,56526,Russia,4518193843,1773956250000,2026-03-19T21:37:30+00:00,50,2,1,4,7,8,10,11,16,20,,,,,,,,,,,,
2297847,56526,Russia,4518193828,1773955350000,2026-03-19T21:22:30+00:00,50,3,1,3,4,5,10,12,17,18,,,,,,,,,,,,
2297813,56526,Russia,4518193816,1773954450000,2026-03-19T21:07:30+00:00,50,4,2,3,9,10,12,16,18,20,,,,,,,,,,,,
2297781,56526,Russia,4518192466,1773953550000,2026-03-19T20:52:30+00:00,50,3,3,4,6,9,11,14,17,19,,,,,,,,,,,,
2297765,56526,Russia,4518192346,1773952650000,2026-03-19T20:37:30+00:00,50,1,6,7,9,10,12,14,17,19,,,,,,,,,,,,
2297685,56526,Russia,4518192247,1773951750000,2026-03-19T20:22:30+00:00,60,,,,,,,,,,,,,,,,,,,,,
2297686,56526,Russia,4518192139,1773950850000,2026-03-19T20:07:30+00:00,50,3,9,11,13,14,16,17,19,20,,,,,,,,,,,,
2297654,56526,Russia,4518192031,1773949950000,2026-03-19T19:52:30+00:00,50,2,3,8,10,12,14,17,18,19,,,,,,,,,,,,
2297617,56526,Russia,4518191914,1773949050000,2026-03-19T19:37:30+00:00,50,3,1,3,7,11,15,18,19,20,,,,,,,,,,,,
2297484,56526,Russia,4518191803,1773948150000,2026-03-19T19:22:30+00:00,60,,,,,,,,,,,,,,,,,,,,,
2297483,56526,Russia,4518191692,1773947250000,2026-03-19T19:07:30+00:00,60,,,,,,,,,,,,,,,,,,,,,
2297482,56526,Russia,4518191563,1773946350000,2026-03-19T18:52:30+00:00,60,,,,,,,,,,,,,,,,,,,,,
2297508,56526,Russia,4518191452,1773945450000,2026-03-19T18:37:30+00:00,50,4,5,6,7,9,12,13,15,20,,,,,,,,,,,,
2297437,56526,Russia,4518191335,1773944550000,2026-03-19T18:22:30+00:00,50,4,3,7,12,14,17,18,19,20,,,,,,,,,,,,
2297428,56526,Russia,4518191221,1773943650000,2026-03-19T18:07:30+00:00,50,3,1,2,4,5,11,12,13,18,,,,,,,,,,,,
2297396,56526,Russia,4518191104,1773942750000,2026-03-19T17:52:30+00:00,50,1,1,2,3,4,5,7,13,15,,,,,,,,,,,,
2297379,56526,Russia,4518190984,1773941850000,2026-03-19T17:37:30+00:00,50,4,2,5,8,9,12,16,18,20,,,,,,,,,,,,
2297223,56526,Russia,4518190873,1773940950000,2026-03-19T17:22:30+00:00,60,,,,,,,,,,,,,,,,,,,,,
2297222,56526,Russia,4518190762,1773940050000,2026-03-19T17:07:30+00:00,60,,,,,,,,,,,,,,,,,,,,,
2297221,56526,Russia,4518190630,1773939150000,2026-03-19T16:52:30+00:00,60,,,,,,,,,,,,,,,,,,,,,
2297248,56526,Russia,4518190510,1773938250000,2026-03-19T16:37:30+00:00,50,4,1,4,6,11,12,13,18,19,,,,,,,,,,,,
2297186,56526,Russia,4518190396,1773937350000,2026-03-19T16:22:30+00:00,50,1,4,6,9,13,15,17,19,20,,,,,,,,,,,,
2297162,56526,Russia,4518190285,1773936450000,2026-03-19T16:07:30+00:00,50,2,4,6,9,14,15,16,19,20,,,,,,,,,,,,
2297138,56526,Russia,4518190174,1773935550000,2026-03-19T15:52:30+00:00,50,3,2,6,9,12,14,16,17,20,,,,,,,,,,,,
2297103,56526,Russia,4518190057,1773934650000,2026-03-19T15:37:30+00:00,50,1,4,6,13,14,15,16,18,20,,,,,,,,,,,,
2296964,56526,Russia,4518189949,1773933750000,2026-03-19T15:22:30+00:00,60,,,,,,,,,,,,,,,,,,,,,
2296963,56526,Russia,4518189838,1773932850000,2026-03-19T15:07:30+00:00,60,,,,,,,,,,,,,,,,,,,,,
2296962,56526,Russia,4518189721,1773931950000,2026-03-19T14:52:30+00:00,60,,,,,,,,,,,,,,,,,,,,,
2296991,56526,Russia,4518189610,1773931050000,2026-03-19T14:37:30+00:00,50,4,1,3,5,10,12,15,16,20,,,,,,,,,,,,
2296940,56526,Russia,4518189502,1773930150000,2026-03-19T14:22:30+00:00,50,1,3,7,9,10,16,17,19,20,,,,,,,,,,,,
2296894,56526,Russia,4518189391,1773929250000,2026-03-19T14:07:30+00:00,50,1,1,3,4,7,10,12,13,18,,,,,,,,,,,,
2296864,56526,Russia,4518189274,1773928350000,2026-03-19T13:52:30+00:00,50,2,1,5,7,8,10,11,13,17,,,,,,,,,,,,
2296858,56526,Russia,4518189163,1773927450000,2026-03-19T13:37:30+00:00,50,4,1,7,10,14,15,16,17,18,,,,,,,,,,,,
2296715,56526,Russia,4518189058,1773926550000,2026-03-19T13:22:30+00:00,60,,,,,,,,,,,,,,,,,,,,,
2296714,56526,Russia,4518188941,1773925650000,2026-03-19T13:07:30+00:00,60,,,,,,,,,,,,,,,,,,,,,
2296713,56526,Russia,4518188821,1773924750000,2026-03-19T12:52:30+00:00,60,,,,,,,,,,,,,,,,,,,,,
2296733,56526,Russia,4518188707,1773923850000,2026-03-19T12:37:30+00:00,50,2,3,6,8,10,11,15,19,20,,,,,,,,,,,,
2296691,56526,Russia,4518188599,1773922950000,2026-03-19T12:22:30+00:00,50,2,2,3,5,7,10,18,19,20,,,,,,,,,,,,
2296656,56526,Russia,4518188488,1773922050000,2026-03-19T12:07:30+00:00,50,4,1,4,8,13,15,16,17,19,,,,,,,,,,,,
2296629,56526,Russia,4518188377,1773921150000,2026-03-19T11:52:30+00:00,50,4,1,5,8,10,12,15,17,20,,,,,,,,,,,,
2296594,56526,Russia,4518188260,1773920250000,2026-03-19T11:37:30+00:00,50,3,1,2,5,6,7,8,12,17,,,,,,,,,,,,
2296570,56526,Russia,4518188155,1773919350000,2026-03-19T11:22:30+00:00,50,1,6,7,10,12,13,14,15,20,,,,,,,,,,,,
2296535,56526,Russia,4518188044,1773918450000,2026-03-19T11:07:30+00:00,50,4,2,9,10,11,13,16,17,18,,,,,,,,,,,,
2296462,56526,Russia,4518187933,1773917550000,2026-03-19T10:52:30+00:00,60,,,,,,,,,,,,,,,,,,,,,
2296466,56526,Russia,4518187816,1773916650000,2026-03-19T10:37:30+00:00,50,4,1,3,4,6,10,11,12,17,,,,,,,,,,,,
2296321,56526,Russia,4518187705,1773915750000,2026-03-19T10:22:30+00:00,60,,,,,,,,,,,,,,,,,,,,,
2295431,56526,Russia,4518187594,1773914850000,2026-03-19T10:07:30+00:00,60,,,,,,,,,,,,,,,,,,,,,
2295430,56526,Russia,4518187480,1773913950000,2026-03-19T09:52:30+00:00,60,,,,,,,,,,,,,,,,,,,,,
2296350,56526,Russia,4518187366,1773913050000,2026-03-19T09:37:30+00:00,50,4,3,6,9,10,12,14,16,19,,,,,,,,,,,,
2295429,56526,Russia,4518187255,1773912150000,2026-03-19T09:22:30+00:00,60,,,,,,,,,,,,,,,,,,,,,
2295427,56526,Russia,4518187144,1773911250000,2026-03-19T09:07:30+00:00,60,,,,,,,,,,,,,,,,,,,,,
2295426,56526,Russia,4518187036,1773910350000,2026-03-19T08:52:30+00:00,60,,,,,,,,,,,,,,,,,,,,,
2296229,56526,Russia,4518186934,1773909450000,2026-03-19T08:37:30+00:00,50,2,2,5,7,11,12,16,18,20,,,,,,,,,,,,
2296200,56526,Russia,4518186838,1773908550000,2026-03-19T08:22:30+00:00,50,3,2,5,6,8,11,13,14,20,,,,,,,,,,,,
2296171,56526,Russia,4518186736,1773907650000,2026-03-19T08:07:30+00:00,50,2,4,5,9,10,14,15,18,19,,,,,,,,,,,,
2296142,56526,Russia,4518186634,1773906750000,2026-03-19T07:52:30+00:00,50,3,2,5,7,8,13,16,17,20,,,,,,,,,,,,
2296098,56526,Russia,4518186532,1773905850000,2026-03-19T07:37:30+00:00,50,4,1,3,5,11,13,16,18,20,,,,,,,,,,,,
2295425,56526,Russia,4518186436,1773904950000,2026-03-19T07:22:30+00:00,60,,,,,,,,,,,,,,,,,,,,,
2295422,56526,Russia,4518186334,1773904050000,2026-03-19T07:07:30+00:00,60,,,,,,,,,,,,,,,,,,,,,
2295421,56526,Russia,4518186229,1773903150000,2026-03-19T06:52:30+00:00,60,,,,,,,,,,,,,,,,,,,,,
2296010,56526,Russia,4518186127,1773902250000,2026-03-19T06:37:30+00:00,50,1,5,7,8,12,13,17,18,20,,,,,,,,,,,,
2295974,56526,Russia,4518186031,1773901350000,2026-03-19T06:22:30+00:00,50,3,4,9,10,13,15,17,18,20,,,,,,,,,,,,
2295953,56526,Russia,4518185929,1773900450000,2026-03-19T06:07:30+00:00,50,4,7,8,9,10,11,13,14,17,,,,,,,,,,,,
2295928,56526,Russia,4518185839,1773899550000,2026-03-19T05:52:30+00:00,50,2,1,2,3,4,5,11,15,20,,,,,,,,,,,,
2295899,56526,Russia,4518185749,1773898650000,2026-03-19T05:37:30+00:00,50,3,5,7,8,9,12,16,17,18,,,,,,,,,,,,
2295886,56526,Russia,4518185671,1773897750000,2026-03-19T05:22:30+00:00,50,2,2,9,10,11,15,16,17,20,,,,,,,,,,,,
2295863,56526,Russia,4518185593,1773896850000,2026-03-19T05:07:30+00:00,50,3,4,10,11,12,14,16,17,20,,,,,,,,,,,,
2295846,56526,Russia,4518185521,1773895950000,2026-03-19T04:52:30+00:00,50,1,1,7,8,11,12,14,15,18,,,,,,,,,,,,
2295823,56526,Russia,4518185443,1773895050000,2026-03-19T04:37:30+00:00,50,4,3,4,9,11,13,15,17,20,,,,,,,,,,,,
2295805,56526,Russia,4518185365,1773894150000,2026-03-19T04:22:30+00:00,50,3,3,5,6,7,9,14,17,20,,,,,,,,,,,,
2295780,56526,Russia,4518185287,1773893250000,2026-03-19T04:07:30+00:00,50,2,2,5,9,13,14,17,19,20,,,,,,,,,,,,
2295761,56526,Russia,4518185215,1773892350000,2026-03-19T03:52:30+00:00,50,3,1,2,6,8,9,13,15,18,,,,,,,,,,,,
2295734,56526,Russia,4518185137,1773891450000,2026-03-19T03:37:30+00:00,50,3,4,6,7,8,12,14,16,18,,,,,,,,,,,,
2295707,56526,Russia,4518185062,1773890550000,2026-03-19T03:22:30+00:00,50,4,1,4,5,7,11,13,16,18,,,,,,,,,,,,
2295683,56526,Russia,4518184984,1773889650000,2026-03-19T03:07:30+00:00,50,1,1,2,5,7,10,11,13,18,,,,,,,,,,,,
2295656,56526,Russia,4518184912,1773888750000,2026-03-19T02:52:30+00:00,50,4,4,7,8,9,13,14,15,17,,,,,,,,,,,,
2295627,56526,Russia,4518184834,1773887850000,2026-03-19T02:37:30+00:00,50,4,1,4,5,7,13,14,16,20,,,,,,,,,,,,
2295610,56526,Russia,4518184756,1773886950000,2026-03-19T02:22:30+00:00,50,4,1,2,4,6,11,12,15,20,,,,,,,,,,,,
2295584,56526,Russia,4518184678,1773886050000,2026-03-19T02:07:30+00:00,50,3,5,6,7,9,12,15,16,20,,,,,,,,,,,,
2295571,56526,Russia,4518184606,1773885150000,2026-03-19T01:52:30+00:00,50,4,5,6,7,8,9,12,14,19,,,,,,,,,,,,
2295547,56526,Russia,4518184528,1773884250000,2026-03-19T01:37:30+00:00,50,2,2,9,11,12,13,15,16,20,,,,,,,,,,,,
2295530,56526,Russia,4518184453,1773883350000,2026-03-19T01:22:30+00:00,50,4,4,5,10,12,13,18,19,20,,,,,,,,,,,,
2295511,56526,Russia,4518184375,1773882450000,2026-03-19T01:07:30+00:00,50,1,1,3,7,12,15,16,18,19,,,,,,,,,,,,
2295481,56526,Russia,4518184303,1773881550000,2026-03-19T00:52:30+00:00,50,3,2,3,5,6,7,10,15,20,,,,,,,,,,,,
2295458,56526,Russia,4518184225,1773880650000,2026-03-19T00:37:30+00:00,50,4,1,4,6,8,11,12,14,16,,,,,,,,,,,,
2295457,56526,Russia,4518184150,1773879750000,2026-03-19T00:22:30+00:00,50,4,1,4,7,8,10,13,16,17,,,,,,,,,,,,
2295409,56526,Russia,4518184072,1773878850000,2026-03-19T00:07:30+00:00,50,4,1,5,6,10,12,14,18,19,,,,,,,,,,,,
2295397,56526,Russia,4516444753,1773877950000,2026-03-18T23:52:30+00:00,50,4,3,7,9,10,13,15,16,19,,,,,,,,,,,,
2295365,56526,Russia,4516444675,1773877050000,2026-03-18T23:37:30+00:00,50,3,7,8,9,14,16,17,19,20,,,,,,,,,,,,
2295345,56526,Russia,4516444600,1773876150000,2026-03-18T23:22:30+00:00,50,2,3,6,8,10,13,16,17,19,,,,,,,,,,,,
2295311,56526,Russia,4516444531,1773875250000,2026-03-18T23:07:30+00:00,50,2,1,3,11,12,16,18,19,20,,,,,,,,,,,,
2295303,56526,Russia,4516444489,1773874350000,2026-03-18T22:52:30+00:00,50,3,6,9,10,11,13,14,15,17,,,,,,,,,,,,
2295266,56526,Russia,4516444465,1773873450000,2026-03-18T22:37:30+00:00,50,1,1,6,7,13,14,16,17,18,,,,,,,,,,,,
2295231,56526,Russia,4516444441,1773872550000,2026-03-18T22:22:30+00:00,50,4,2,4,5,6,7,8,13,14,,,,,,,,,,,,
2295207,56526,Russia,4516444417,1773871650000,2026-03-18T22:07:30+00:00,50,4,1,5,7,9,10,13,15,16,,,,,,,,,,,,
2295139,56526,Russia,4516444396,1773870750000,2026-03-18T21:52:30+00:00,50,4,2,5,7,8,9,11,15,17,,,,,,,,,,,,
2295138,56526,Russia,4516444381,1773869850000,2026-03-18T21:37:30+00:00,50,2,3,7,11,14,15,16,18,20,,,,,,,,,,,,
2295089,56526,Russia,4516444366,1773868950000,2026-03-18T21:22:30+00:00,50,2,1,2,5,8,12,15,17,20,,,,,,,,,,,,
2295078,56526,Russia,4516444354,1773868050000,2026-03-18T21:07:30+00:00,50,4,2,3,12,15,17,18,19,20,,,,,,,,,,,,
2295049,56526,Russia,4516442998,1773867150000,2026-03-18T20:52:30+00:00,50,1,3,4,7,8,10,14,16,18,,,,,,,,,,,,
2295024,56526,Russia,4516442887,1773866250000,2026-03-18T20:37:30+00:00,50,1,1,4,5,7,10,12,15,20,,,,,,,,,,,,
2292433,56526,Russia,4516442788,1773865350000,2026-03-18T20:22:30+00:00,60,,,,,,,,,,,,,,,,,,,,,
2294955,56526,Russia,4516442677,1773864450000,2026-03-18T20:07:30+00:00,50,3,1,5,7,9,10,12,16,19,,,,,,,,,,,,
2294916,56526,Russia,4516442566,1773863550000,2026-03-18T19:52:30+00:00,50,2,2,3,5,7,10,12,16,19,,,,,,,,,,,,
2294888,56526,Russia,4516442443,1773862650000,2026-03-18T19:37:30+00:00,50,4,2,6,9,11,12,17,18,20,,,,,,,,,,,,
2292432,56526,Russia,4516442332,1773861750000,2026-03-18T19:22:30+00:00,60,,,,,,,,,,,,,,,,,,,,,
2292431,56526,Russia,4516442215,1773860850000,2026-03-18T19:07:30+00:00,60,,,,,,,,,,,,,,,,,,,,,
2292430,56526,Russia,4516442083,1773859950000,2026-03-18T18:52:30+00:00,60,,,,,,,,,,,,,,,,,,,,,
2294757,56526,Russia,4516441972,1773859050000,2026-03-18T18:37:30+00:00,50,2,1,7,8,10,15,16,18,20,,,,,,,,,,,,
2294735,56526,Russia,4516441855,1773858150000,2026-03-18T18:22:30+00:00,50,4,1,2,9,11,12,13,19,20,,,,,,,,,,,,
2294688,56526,Russia,4516441741,1773857250000,2026-03-18T18:07:30+00:00,50,3,3,4,5,7,9,12,17,19,,,,,,,,,,,,
2294653,56526,Russia,4516441618,1773856350000,2026-03-18T17:52:30+00:00,50,1,4,5,6,11,12,15,16,18,,,,,,,,,,,,
2294624,56526,Russia,4516441495,1773855450000,2026-03-18T17:37:30+00:00,50,3,1,2,5,12,13,14,18,20,,,,,,,,,,,,
2292429,56526,Russia,4516441381,1773854550000,2026-03-18T17:22:30+00:00,60,,,,,,,,,,,,,,,,,,,,,
2292428,56526,Russia,4516441270,1773853650000,2026-03-18T17:07:30+00:00,60,,,,,,,,,,,,,,,,,,,,,
2292427,56526,Russia,4516441138,1773852750000,2026-03-18T16:52:30+00:00,60,,,,,,,,,,,,,,,,,,,,,
2294492,56526,Russia,4516441021,1773851850000,2026-03-18T16:37:30+00:00,50,2,2,3,8,10,11,13,17,19,,,,,,,,,,,,
2294459,56526,Russia,4516440907,1773850950000,2026-03-18T16:22:30+00:00,50,1,1,3,4,7,10,15,16,19,,,,,,,,,,,,
2294428,56526,Russia,4516440790,1773850050000,2026-03-18T16:07:30+00:00,50,4,2,4,5,6,13,14,19,20,,,,,,,,,,,,
2294397,56526,Russia,4516440679,1773849150000,2026-03-18T15:52:30+00:00,50,3,3,6,7,11,13,16,18,19,,,,,,,,,,,,
2294367,56526,Russia,4516440562,1773848250000,2026-03-18T15:37:30+00:00,50,3,5,6,9,12,14,15,19,20,,,,,,,,,,,,
2292426,56526,Russia,4516440454,1773847350000,2026-03-18T15:22:30+00:00,60,,,,,,,,,,,,,,,,,,,,,
2292425,56526,Russia,4516440343,1773846450000,2026-03-18T15:07:30+00:00,60,,,,,,,,,,,,,,,,,,,,,
2292424,56526,Russia,4516440223,1773845550000,2026-03-18T14:52:30+00:00,60,,,,,,,,,,,,,,,,,,,,,
2294228,56526,Russia,4516440112,1773844650000,2026-03-18T14:37:30+00:00,50,3,2,5,9,10,11,15,17,18,,,,,,,,,,,,
2294196,56526,Russia,4516440004,1773843750000,2026-03-18T14:22:30+00:00,50,3,1,3,7,8,10,14,15,18,,,,,,,,,,,,
2294133,56526,Russia,4516439893,1773842850000,2026-03-18T14:07:30+00:00,50,3,2,3,5,10,12,13,14,17,,,,,,,,,,,,
2294095,56526,Russia,4516439776,1773841950000,2026-03-18T13:52:30+00:00,50,4,8,10,12,13,14,15,19,20,,,,,,,,,,,,
2294055,56526,Russia,4516439665,1773841050000,2026-03-18T13:37:30+00:00,50,3,1,3,4,8,10,11,19,20,,,,,,,,,,,,
2292421,56526,Russia,4516439560,1773840150000,2026-03-18T13:22:30+00:00,60,,,,,,,,,,,,,,,,,,,,,
2292420,56526,Russia,4516439443,1773839250000,2026-03-18T13:07:30+00:00,60,,,,,,,,,,,,,,,,,,,,,
2292419,56526,Russia,4516439323,1773838350000,2026-03-18T12:52:30+00:00,60,,,,,,,,,,,,,,,,,,,,,
2293899,56526,Russia,4516439209,1773837450000,2026-03-18T12:37:30+00:00,50,3,2,8,9,10,12,13,15,20,,,,,,,,,,,,
2293840,56526,Russia,4516439101,1773836550000,2026-03-18T12:22:30+00:00,50,1,2,4,9,10,12,16,18,19,,,,,,,,,,,,
2293794,56526,Russia,4516438990,1773835650000,2026-03-18T12:07:30+00:00,50,1,2,5,7,11,16,17,18,20,,,,,,,,,,,,
2293752,56526,Russia,4516438879,1773834750000,2026-03-18T11:52:30+00:00,50,3,6,8,14,15,16,18,19,20,,,,,,,,,,,,
2293707,56526,Russia,4516438762,1773833850000,2026-03-18T11:37:30+00:00,50,1,3,5,7,11,13,16,18,19,,,,,,,,,,,,
2293656,56526,Russia,4516438657,1773832950000,2026-03-18T11:22:30+00:00,50,3,2,8,10,12,13,16,17,18,,,,,,,,,,,,
2293609,56526,Russia,4516438546,1773832050000,2026-03-18T11:07:30+00:00,50,3,4,5,8,9,11,12,16,18,,,,,,,,,,,,
2292412,56526,Russia,4516438435,1773831150000,2026-03-18T10:52:30+00:00,60,,,,,,,,,,,,,,,,,,,,,
2293528,56526,Russia,4516438318,1773830250000,2026-03-18T10:37:30+00:00,50,1,1,2,4,6,8,9,15,20,,,,,,,,,,,,
2292411,56526,Russia,4516438210,1773829350000,2026-03-18T10:22:30+00:00,60,,,,,,,,,,,,,,,,,,,,,
2292410,56526,Russia,4516438099,1773828450000,2026-03-18T10:07:30+00:00,60,,,,,,,,,,,,,,,,,,,,,
2292409,56526,Russia,4516437985,1773827550000,2026-03-18T09:52:30+00:00,60,,,,,,,,,,,,,,,,,,,,,
2293427,56526,Russia,4516437874,1773826650000,2026-03-18T09:37:30+00:00,50,1,1,2,3,4,5,12,13,15,,,,,,,,,,,,
2292406,56526,Russia,4516437766,1773825750000,2026-03-18T09:22:30+00:00,60,,,,,,,,,,,,,,,,,,,,,
2292405,56526,Russia,4516437655,1773824850000,2026-03-18T09:07:30+00:00,60,,,,,,,,,,,,,,,,,,,,,
2292404,56526,Russia,4516437547,1773823950000,2026-03-18T08:52:30+00:00,60,,,,,,,,,,,,,,,,,,,,,
2293340,56526,Russia,4516437445,1773823050000,2026-03-18T08:37:30+00:00,50,4,1,3,4,5,11,12,14,15,,,,,,,,,,,,
2293321,56526,Russia,4516437346,1773822150000,2026-03-18T08:22:30+00:00,50,3,4,6,7,11,12,14,18,19,,,,,,,,,,,,
2293286,56526,Russia,4516437244,1773821250000,2026-03-18T08:07:30+00:00,50,3,2,4,5,9,10,13,17,19,,,,,,,,,,,,
2293258,56526,Russia,4516437142,1773820350000,2026-03-18T07:52:30+00:00,50,4,2,3,6,8,11,14,15,17,,,,,,,,,,,,
2293231,56526,Russia,4516437040,1773819450000,2026-03-18T07:37:30+00:00,50,3,1,6,12,13,14,15,17,19,,,,,,,,,,,,
2292402,56526,Russia,4516436944,1773818550000,2026-03-18T07:22:30+00:00,60,,,,,,,,,,,,,,,,,,,,,
2292400,56526,Russia,4516436842,1773817650000,2026-03-18T07:07:30+00:00,60,,,,,,,,,,,,,,,,,,,,,
2292399,56526,Russia,4516436737,1773816750000,2026-03-18T06:52:30+00:00,60,,,,,,,,,,,,,,,,,,,,,
2293162,56526,Russia,4516436635,1773815850000,2026-03-18T06:37:30+00:00,50,4,1,6,7,8,9,12,14,18,,,,,,,,,,,,
2293131,56526,Russia,4516436536,1773814950000,2026-03-18T06:22:30+00:00,50,3,3,4,10,12,16,17,18,19,,,,,,,,,,,,
2293114,56526,Russia,4516436434,1773814050000,2026-03-18T06:07:30+00:00,50,3,1,4,9,11,14,15,16,20,,,,,,,,,,,,
2293103,56526,Russia,4516436344,1773813150000,2026-03-18T05:52:30+00:00,50,1,3,5,6,7,9,12,15,16,,,,,,,,,,,,
2293087,56526,Russia,4516436254,1773812250000,2026-03-18T05:37:30+00:00,50,1,1,3,5,9,12,15,18,19,,,,,,,,,,,,
2293073,56526,Russia,4516436176,1773811350000,2026-03-18T05:22:30+00:00,50,2,2,4,5,8,10,13,16,19,,,,,,,,,,,,
2293062,56526,Russia,4516436098,1773810450000,2026-03-18T05:07:30+00:00,50,3,1,2,3,5,8,9,13,17,,,,,,,,,,,,
2293020,56526,Russia,4516436026,1773809550000,2026-03-18T04:52:30+00:00,50,3,3,7,8,11,12,13,15,17,,,,,,,,,,,,
2292973,56526,Russia,4516435948,1773808650000,2026-03-18T04:37:30+00:00,50,3,3,4,8,9,10,12,16,17,,,,,,,,,,,,
2292959,56526,Russia,4516435870,1773807750000,2026-03-18T04:22:30+00:00,50,3,3,6,7,12,13,15,17,18,,,,,,,,,,,,
2292956,56526,Russia,4516435792,1773806850000,2026-03-18T04:07:30+00:00,50,2,1,2,3,8,9,13,18,20,,,,,,,,,,,,
2292947,56526,Russia,4516435720,1773805950000,2026-03-18T03:52:30+00:00,50,4,2,4,6,7,8,11,14,20,,,,,,,,,,,,
2292923,56526,Russia,4516435642,1773805050000,2026-03-18T03:37:30+00:00,50,1,1,2,3,4,16,17,18,20,,,,,,,,,,,,
2292920,56526,Russia,4516435567,1773804150000,2026-03-18T03:22:30+00:00,50,4,2,6,9,12,14,16,19,20,,,,,,,,,,,,
2292897,56526,Russia,4516435489,1773803250000,2026-03-18T03:07:30+00:00,50,4,2,3,4,6,12,13,17,19,,,,,,,,,,,,
2292886,56526,Russia,4516435417,1773802350000,2026-03-18T02:52:30+00:00,50,3,5,6,8,9,10,11,19,20,,,,,,,,,,,,
2292877,56526,Russia,4516435339,1773801450000,2026-03-18T02:37:30+00:00,50,4,1,4,5,6,14,15,16,18,,,,,,,,,,,,
2292857,56526,Russia,4516435261,1773800550000,2026-03-18T02:22:30+00:00,50,1,3,5,6,7,8,9,11,13,,,,,,,,,,,,
2292840,56526,Russia,4516435183,1773799650000,2026-03-18T02:07:30+00:00,50,4,3,7,10,11,12,13,14,20,,,,,,,,,,,,
2292821,56526,Russia,4516435111,1773798750000,2026-03-18T01:52:30+00:00,50,4,3,4,5,6,10,15,17,19,,,,,,,,,,,,
2292807,56526,Russia,4516435033,1773797850000,2026-03-18T01:37:30+00:00,50,1,4,8,10,12,14,17,19,20,,,,,,,,,,,,
2292785,56526,Russia,4516434958,1773796950000,2026-03-18T01:22:30+00:00,50,2,1,2,4,6,9,12,15,17,,,,,,,,,,,,
2292775,56526,Russia,4516434880,1773796050000,2026-03-18T01:07:30+00:00,50,2,1,5,9,10,11,14,15,19,,,,,,,,,,,,
2292750,56526,Russia,4516434808,1773795150000,2026-03-18T00:52:30+00:00,50,4,2,5,7,8,12,13,14,19,,,,,,,,,,,,
2292729,56526,Russia,4516434730,1773794250000,2026-03-18T00:37:30+00:00,50,2,3,4,5,8,11,16,18,19,,,,,,,,,,,,
2292728,56526,Russia,4516434655,1773793350000,2026-03-18T00:22:30+00:00,50,4,2,5,6,8,10,12,15,20,,,,,,,,,,,,
2292698,56526,Russia,4516434577,1773792450000,2026-03-18T00:07:30+00:00,50,4,1,2,3,5,6,9,16,18,,,,,,,,,,,,
2292655,56526,Russia,4514288986,1773791550000,2026-03-17T23:52:30+00:00,50,4,4,5,6,10,11,12,13,16,,,,,,,,,,,,
2292654,56526,Russia,4514288908,1773790650000,2026-03-17T23:37:30+00:00,50,4,1,2,3,4,7,13,16,18,,,,,,,,,,,,
2292643,56526,Russia,4514288833,1773789750000,2026-03-17T23:22:30+00:00,50,1,3,5,6,7,14,15,18,19,,,,,,,,,,,,
2292602,56526,Russia,4514288764,1773788850000,2026-03-17T23:07:30+00:00,50,1,1,3,5,9,12,15,17,20,,,,,,,,,,,,
2292594,56526,Russia,4514288722,1773787950000,2026-03-17T22:52:30+00:00,50,2,1,6,7,8,11,15,16,19,,,,,,,,,,,,
2292564,56526,Russia,4514288698,1773787050000,2026-03-17T22:37:30+00:00,50,2,1,3,6,9,13,14,18,19,,,,,,,,,,,,
2292512,56526,Russia,4514288674,1773786150000,2026-03-17T22:22:30+00:00,50,2,3,7,9,10,12,14,15,20,,,,,,,,,,,,
2292485,56526,Russia,4514288650,1773785250000,2026-03-17T22:07:30+00:00,50,1,1,2,3,7,12,13,19,20,,,,,,,,,,,,
2292473,56526,Russia,4514288629,1773784350000,2026-03-17T21:52:30+00:00,50,3,3,4,9,12,14,15,19,20,,,,,,,,,,,,
2292442,56526,Russia,4514288614,1773783450000,2026-03-17T21:37:30+00:00,50,4,1,2,6,10,11,12,16,17,,,,,,,,,,,,
2292392,56526,Russia,4514288599,1773782550000,2026-03-17T21:22:30+00:00,50,4,2,6,8,10,12,15,19,20,,,,,,,,,,,,
2292353,56526,Russia,4514288587,1773781650000,2026-03-17T21:07:30+00:00,50,3,1,4,7,10,13,15,18,20,,,,,,,,,,,,
2292325,56526,Russia,4514287240,1773780750000,2026-03-17T20:52:30+00:00,50,4,2,5,6,9,12,16,18,20,,,,,,,,,,,,
2292298,56526,Russia,4514287123,1773779850000,2026-03-17T20:37:30+00:00,50,1,2,3,10,11,14,17,18,19,,,,,,,,,,,,
2289973,56526,Russia,4514287024,1773778950000,2026-03-17T20:22:30+00:00,60,,,,,,,,,,,,,,,,,,,,,
2292220,56526,Russia,4514286916,1773778050000,2026-03-17T20:07:30+00:00,50,4,1,3,6,7,10,12,13,18,,,,,,,,,,,,
2292216,56526,Russia,4514286805,1773777150000,2026-03-17T19:52:30+00:00,50,1,2,5,10,11,12,14,16,19,,,,,,,,,,,,
2292163,56526,Russia,4514286685,1773776250000,2026-03-17T19:37:30+00:00,50,4,3,5,6,8,15,16,18,19,,,,,,,,,,,,
2289972,56526,Russia,4514286571,1773775350000,2026-03-17T19:22:30+00:00,60,,,,,,,,,,,,,,,,,,,,,
2289971,56526,Russia,4514286460,1773774450000,2026-03-17T19:07:30+00:00,60,,,,,,,,,,,,,,,,,,,,,
2289970,56526,Russia,4514286322,1773773550000,2026-03-17T18:52:30+00:00,60,,,,,,,,,,,,,,,,,,,,,
2292018,56526,Russia,4514286211,1773772650000,2026-03-17T18:37:30+00:00,50,2,2,4,7,8,10,11,16,19,,,,,,,,,,,,
2292004,56526,Russia,4514286094,1773771750000,2026-03-17T18:22:30+00:00,50,1,2,3,11,12,13,14,15,19,,,,,,,,,,,,
2291967,56526,Russia,4514285980,1773770850000,2026-03-17T18:07:30+00:00,50,1,2,5,6,11,12,14,15,16,,,,,,,,,,,,
2291953,56526,Russia,4514285863,1773769950000,2026-03-17T17:52:30+00:00,50,2,3,4,6,8,9,14,17,20,,,,,,,,,,,,
2291905,56526,Russia,4514285743,1773769050000,2026-03-17T17:37:30+00:00,50,4,2,4,8,9,11,15,16,19,,,,,,,,,,,,
2289969,56526,Russia,4514285632,1773768150000,2026-03-17T17:22:30+00:00,60,,,,,,,,,,,,,,,,,,,,,
2289968,56526,Russia,4514285521,1773767250000,2026-03-17T17:07:30+00:00,60,,,,,,,,,,,,,,,,,,,,,
2289967,56526,Russia,4514285389,1773766350000,2026-03-17T16:52:30+00:00,60,,,,,,,,,,,,,,,,,,,,,
2291775,56526,Russia,4514285269,1773765450000,2026-03-17T16:37:30+00:00,50,4,1,4,7,11,13,15,16,18,,,,,,,,,,,,
2291744,56526,Russia,4514285158,1773764550000,2026-03-17T16:22:30+00:00,50,1,1,2,3,4,8,12,13,14,,,,,,,,,,,,
2291711,56526,Russia,4514285047,1773763650000,2026-03-17T16:07:30+00:00,50,1,2,4,5,8,10,11,17,19,,,,,,,,,,,,
2291668,56526,Russia,4514284936,1773762750000,2026-03-17T15:52:30+00:00,50,2,5,6,13,14,15,16,19,20,,,,,,,,,,,,
2291644,56526,Russia,4514284813,1773761850000,2026-03-17T15:37:30+00:00,50,3,3,4,6,7,8,14,17,20,,,,,,,,,,,,
2289966,56526,Russia,4514284705,1773760950000,2026-03-17T15:22:30+00:00,60,,,,,,,,,,,,,,,,,,,,,
2289965,56526,Russia,4514284594,1773760050000,2026-03-17T15:07:30+00:00,60,,,,,,,,,,,,,,,,,,,,,
2289964,56526,Russia,4514284477,1773759150000,2026-03-17T14:52:30+00:00,60,,,,,,,,,,,,,,,,,,,,,
2291527,56526,Russia,4514284366,1773758250000,2026-03-17T14:37:30+00:00,50,2,1,2,10,11,14,15,18,20,,,,,,,,,,,,
2291499,56526,Russia,4514284255,1773757350000,2026-03-17T14:22:30+00:00,50,4,3,5,6,8,11,15,17,20,,,,,,,,,,,,
2291463,56526,Russia,4514284144,1773756450000,2026-03-17T14:07:30+00:00,50,3,1,11,13,14,15,17,18,20,,,,,,,,,,,,
2291417,56526,Russia,4514284027,1773755550000,2026-03-17T13:52:30+00:00,50,3,6,13,14,15,17,18,19,20,,,,,,,,,,,,
2291404,56526,Russia,4514283916,1773754650000,2026-03-17T13:37:30+00:00,50,2,5,8,9,10,12,15,19,20,,,,,,,,,,,,
2289963,56526,Russia,4514283811,1773753750000,2026-03-17T13:22:30+00:00,60,,,,,,,,,,,,,,,,,,,,,
2289962,56526,Russia,4514283694,1773752850000,2026-03-17T13:07:30+00:00,60,,,,,,,,,,,,,,,,,,,,,
2289961,56526,Russia,4514283574,1773751950000,2026-03-17T12:52:30+00:00,60,,,,,,,,,,,,,,,,,,,,,
2291274,56526,Russia,4514283460,1773751050000,2026-03-17T12:37:30+00:00,50,4,1,3,4,8,10,17,19,20,,,,,,,,,,,,
2291243,56526,Russia,4514283352,1773750150000,2026-03-17T12:22:30+00:00,50,4,1,2,4,6,9,11,14,18,,,,,,,,,,,,
2291214,56526,Russia,4514283241,1773749250000,2026-03-17T12:07:30+00:00,50,1,2,3,5,8,10,12,16,20,,,,,,,,,,,,
2291179,56526,Russia,4514283130,1773748350000,2026-03-17T11:52:30+00:00,50,4,2,3,5,7,8,9,16,20,,,,,,,,,,,,
2291155,56526,Russia,4514283013,1773747450000,2026-03-17T11:37:30+00:00,50,2,1,2,5,10,11,12,13,16,,,,,,,,,,,,
2291104,56526,Russia,4514282908,1773746550000,2026-03-17T11:22:30+00:00,50,1,1,7,9,13,14,15,19,20,,,,,,,,,,,,
2291089,56526,Russia,4514282797,1773745650000,2026-03-17T11:07:30+00:00,50,4,2,4,6,7,10,12,18,19,,,,,,,,,,,,
2289960,56526,Russia,4514282686,1773744750000,2026-03-17T10:52:30+00:00,60,,,,,,,,,,,,,,,,,,,,,
2291031,56526,Russia,4514282569,1773743850000,2026-03-17T10:37:30+00:00,50,1,2,4,8,12,16,17,19,20,,,,,,,,,,,,
2289959,56526,Russia,4514282461,1773742950000,2026-03-17T10:22:30+00:00,60,,,,,,,,,,,,,,,,,,,,,
2289958,56526,Russia,4514282350,1773742050000,2026-03-17T10:07:30+00:00,60,,,,,,,,,,,,,,,,,,,,,
2289957,56526,Russia,4514282236,1773741150000,2026-03-17T09:52:30+00:00,60,,,,,,,,,,,,,,,,,,,,,
2290909,56526,Russia,4514282125,1773740250000,2026-03-17T09:37:30+00:00,50,3,1,4,5,7,9,15,17,19,,,,,,,,,,,,
2289956,56526,Russia,4514282017,1773739350000,2026-03-17T09:22:30+00:00,60,,,,,,,,,,,,,,,,,,,,,
2289955,56526,Russia,4514281906,1773738450000,2026-03-17T09:07:30+00:00,60,,,,,,,,,,,,,,,,,,,,,
2289954,56526,Russia,4514281798,1773737550000,2026-03-17T08:52:30+00:00,60,,,,,,,,,,,,,,,,,,,,,
2290794,56526,Russia,4514281696,1773736650000,2026-03-17T08:37:30+00:00,50,4,4,7,9,10,11,12,15,20,,,,,,,,,,,,
2290765,56526,Russia,4514281600,1773735750000,2026-03-17T08:22:30+00:00,50,1,2,3,9,11,14,15,17,20,,,,,,,,,,,,
2290748,56526,Russia,4514281498,1773734850000,2026-03-17T08:07:30+00:00,50,2,1,5,8,10,11,13,16,17,,,,,,,,,,,,
2290703,56526,Russia,4514281396,1773733950000,2026-03-17T07:52:30+00:00,50,1,2,4,6,10,15,16,18,20,,,,,,,,,,,,
2290689,56526,Russia,4514281294,1773733050000,2026-03-17T07:37:30+00:00,50,4,1,4,12,13,14,15,16,17,,,,,,,,,,,,
2289953,56526,Russia,4514281198,1773732150000,2026-03-17T07:22:30+00:00,60,,,,,,,,,,,,,,,,,,,,,
2289952,56526,Russia,4514281096,1773731250000,2026-03-17T07:07:30+00:00,60,,,,,,,,,,,,,,,,,,,,,
2289951,56526,Russia,4514280991,1773730350000,2026-03-17T06:52:30+00:00,60,,,,,,,,,,,,,,,,,,,,,
2290566,56526,Russia,4514280889,1773729450000,2026-03-17T06:37:30+00:00,50,1,2,4,6,8,12,16,17,20,,,,,,,,,,,,
2290547,56526,Russia,4514280793,1773728550000,2026-03-17T06:22:30+00:00,50,3,1,2,6,8,9,13,16,18,,,,,,,,,,,,
2290506,56526,Russia,4514280691,1773727650000,2026-03-17T06:07:30+00:00,50,1,1,2,4,8,12,13,15,20,,,,,,,,,,,,
2290494,56526,Russia,4514280601,1773726750000,2026-03-17T05:52:30+00:00,50,1,1,5,6,10,12,13,14,18,,,,,,,,,,,,
2290467,56526,Russia,4514280511,1773725850000,2026-03-17T05:37:30+00:00,50,2,1,4,6,7,11,13,16,20,,,,,,,,,,,,
2290446,56526,Russia,4514280433,1773724950000,2026-03-17T05:22:30+00:00,50,1,1,4,10,11,12,13,15,16,,,,,,,,,,,,
2290428,56526,Russia,4514280355,1773724050000,2026-03-17T05:07:30+00:00,50,3,2,6,7,8,11,14,15,19,,,,,,,,,,,,
2290413,56526,Russia,4514280283,1773723150000,2026-03-17T04:52:30+00:00,50,4,3,8,10,11,16,17,19,20,,,,,,,,,,,,
2290393,56526,Russia,4514280205,1773722250000,2026-03-17T04:37:30+00:00,50,3,2,8,9,10,11,12,17,18,,,,,,,,,,,,
2290373,56526,Russia,4514280127,1773721350000,2026-03-17T04:22:30+00:00,50,3,4,5,8,15,16,17,18,20,,,,,,,,,,,,
2290363,56526,Russia,4514280049,1773720450000,2026-03-17T04:07:30+00:00,50,1,4,7,8,9,11,13,14,17,,,,,,,,,,,,
2290329,56526,Russia,4514279977,1773719550000,2026-03-17T03:52:30+00:00,50,2,2,6,8,9,14,15,17,20,,,,,,,,,,,,
2290308,56526,Russia,4514279899,1773718650000,2026-03-17T03:37:30+00:00,50,3,1,5,6,9,11,16,17,20,,,,,,,,,,,,
2290296,56526,Russia,4514279824,1773717750000,2026-03-17T03:22:30+00:00,50,1,1,5,7,10,11,13,17,19,,,,,,,,,,,,
2290258,56526,Russia,4514279746,1773716850000,2026-03-17T03:07:30+00:00,50,1,1,2,5,8,12,14,18,20,,,,,,,,,,,,
2290230,56526,Russia,4514279674,1773715950000,2026-03-17T02:52:30+00:00,50,2,1,2,4,8,9,13,18,20,,,,,,,,,,,,
2290207,56526,Russia,4514279596,1773715050000,2026-03-17T02:37:30+00:00,50,3,1,3,9,10,11,17,18,19,,,,,,,,,,,,
2290183,56526,Russia,4514279518,1773714150000,2026-03-17T02:22:30+00:00,50,3,1,3,6,12,16,17,18,19,,,,,,,,,,,,
2290152,56526,Russia,4514279440,1773713250000,2026-03-17T02:07:30+00:00,50,1,1,4,5,8,9,10,13,20,,,,,,,,,,,,
2290136,56526,Russia,4514279368,1773712350000,2026-03-17T01:52:30+00:00,50,4,2,5,10,11,12,15,16,17,,,,,,,,,,,,
2290117,56526,Russia,4514279290,1773711450000,2026-03-17T01:37:30+00:00,50,1,1,4,8,9,10,12,16,20,,,,,,,,,,,,
2290095,56526,Russia,4514279215,1773710550000,2026-03-17T01:22:30+00:00,50,2,2,4,8,10,11,12,13,19,,,,,,,,,,,,
2290080,56526,Russia,4514279137,1773709650000,2026-03-17T01:07:30+00:00,50,4,1,2,3,4,7,17,19,20,,,,,,,,,,,,
2290061,56526,Russia,4514279065,1773708750000,2026-03-17T00:52:30+00:00,50,4,1,4,7,8,10,11,12,20,,,,,,,,,,,,
2290038,56526,Russia,4514278987,1773707850000,2026-03-17T00:37:30+00:00,50,3,2,4,11,12,13,15,18,20,,,,,,,,,,,,
2290023,56526,Russia,4514278912,1773706950000,2026-03-17T00:22:30+00:00,50,1,1,3,4,6,8,9,17,20,,,,,,,,,,,,
2289977,56526,Russia,4514278834,1773706050000,2026-03-17T00:07:30+00:00,50,2,3,4,6,9,13,16,18,20,,,,,,,,,,,,
2289947,56526,Russia,4512604897,1773705150000,2026-03-16T23:52:30+00:00,50,3,3,6,7,8,10,12,13,14,,,,,,,,,,,,
2289923,56526,Russia,4512604819,1773704250000,2026-03-16T23:37:30+00:00,50,3,2,3,10,11,12,13,16,17,,,,,,,,,,,,
2289898,56526,Russia,4512604744,1773703350000,2026-03-16T23:22:30+00:00,50,2,1,6,9,10,11,14,15,19,,,,,,,,,,,,
2289874,56526,Russia,4512604675,1773702450000,2026-03-16T23:07:30+00:00,50,1,1,7,12,15,16,17,19,20,,,,,,,,,,,,
2289854,56526,Russia,4512604633,1773701550000,2026-03-16T22:52:30+00:00,50,3,1,2,5,6,7,14,15,18,,,,,,,,,,,,
2289822,56526,Russia,4512604609,1773700650000,2026-03-16T22:37:30+00:00,50,4,3,5,10,11,12,14,15,18,,,,,,,,,,,,
2289791,56526,Russia,4512604585,1773699750000,2026-03-16T22:22:30+00:00,50,2,1,2,7,8,9,11,15,20,,,,,,,,,,,,
2289755,56526,Russia,4512604561,1773698850000,2026-03-16T22:07:30+00:00,50,3,3,4,8,10,11,13,14,16,,,,,,,,,,,,
2289729,56526,Russia,4512604540,1773697950000,2026-03-16T21:52:30+00:00,50,1,2,6,8,9,11,16,18,20,,,,,,,,,,,,
2289692,56526,Russia,4512604525,1773697050000,2026-03-16T21:37:30+00:00,50,1,1,2,6,7,9,10,15,18,,,,,,,,,,,,
2289661,56526,Russia,4512604510,1773696150000,2026-03-16T21:22:30+00:00,50,2,5,7,8,10,12,13,16,19,,,,,,,,,,,,
2289638,56526,Russia,4512604498,1773695250000,2026-03-16T21:07:30+00:00,50,3,3,4,7,11,12,13,19,20,,,,,,,,,,,,
2289612,56526,Russia,4512603139,1773694350000,2026-03-16T20:52:30+00:00,50,1,2,4,5,6,15,17,18,19,,,,,,,,,,,,
2289580,56526,Russia,4512603025,1773693450000,2026-03-16T20:37:30+00:00,50,4,2,4,6,8,10,18,19,20,,,,,,,,,,,,
2287406,56526,Russia,4512602926,1773692550000,2026-03-16T20:22:30+00:00,60,,,,,,,,,,,,,,,,,,,,,
2289509,56526,Russia,4512602818,1773691650000,2026-03-16T20:07:30+00:00,50,2,3,5,7,8,11,12,18,20,,,,,,,,,,,,
2289481,56526,Russia,4512602713,1773690750000,2026-03-16T19:52:30+00:00,50,1,2,5,7,8,12,13,15,17,,,,,,,,,,,,
2289456,56526,Russia,4512602596,1773689850000,2026-03-16T19:37:30+00:00,50,4,4,7,11,12,14,15,18,20,,,,,,,,,,,,
2287404,56526,Russia,4512602485,1773688950000,2026-03-16T19:22:30+00:00,60,,,,,,,,,,,,,,,,,,,,,
2287403,56526,Russia,4512602368,1773688050000,2026-03-16T19:07:30+00:00,60,,,,,,,,,,,,,,,,,,,,,
2287402,56526,Russia,4512602245,1773687150000,2026-03-16T18:52:30+00:00,60,,,,,,,,,,,,,,,,,,,,,
2289322,56526,Russia,4512602134,1773686250000,2026-03-16T18:37:30+00:00,50,2,4,7,9,10,13,14,16,20,,,,,,,,,,,,
2289280,56526,Russia,4512602017,1773685350000,2026-03-16T18:22:30+00:00,50,4,3,4,5,6,9,14,16,19,,,,,,,,,,,,
2289260,56526,Russia,4512601903,1773684450000,2026-03-16T18:07:30+00:00,50,2,10,11,13,14,15,18,19,20,,,,,,,,,,,,
2289229,56526,Russia,4512601786,1773683550000,2026-03-16T17:52:30+00:00,50,2,3,6,8,12,14,15,16,20,,,,,,,,,,,,
2289197,56526,Russia,4512601666,1773682650000,2026-03-16T17:37:30+00:00,50,2,1,4,8,9,14,16,17,20,,,,,,,,,,,,
2287401,56526,Russia,4512601555,1773681750000,2026-03-16T17:22:30+00:00,60,,,,,,,,,,,,,,,,,,,,,
2287400,56526,Russia,4512601444,1773680850000,2026-03-16T17:07:30+00:00,60,,,,,,,,,,,,,,,,,,,,,
2287399,56526,Russia,4512601312,1773679950000,2026-03-16T16:52:30+00:00,60,,,,,,,,,,,,,,,,,,,,,
2289064,56526,Russia,4512601192,1773679050000,2026-03-16T16:37:30+00:00,50,2,1,3,10,13,15,16,18,19,,,,,,,,,,,,
2289029,56526,Russia,4512601081,1773678150000,2026-03-16T16:22:30+00:00,50,1,1,6,10,11,12,13,16,17,,,,,,,,,,,,
2288998,56526,Russia,4512600970,1773677250000,2026-03-16T16:07:30+00:00,50,2,1,2,4,9,13,15,16,17,,,,,,,,,,,,
2288970,56526,Russia,4512600859,1773676350000,2026-03-16T15:52:30+00:00,50,4,2,8,10,13,15,16,17,20,,,,,,,,,,,,
2288941,56526,Russia,4512600742,1773675450000,2026-03-16T15:37:30+00:00,50,3,1,2,5,11,12,14,19,20,,,,,,,,,,,,
2287397,56526,Russia,4512600634,1773674550000,2026-03-16T15:22:30+00:00,60,,,,,,,,,,,,,,,,,,,,,
2287396,56526,Russia,4512600523,1773673650000,2026-03-16T15:07:30+00:00,60,,,,,,,,,,,,,,,,,,,,,
2287394,56526,Russia,4512600406,1773672750000,2026-03-16T14:52:30+00:00,60,,,,,,,,,,,,,,,,,,,,,
2288816,56526,Russia,4512600295,1773671850000,2026-03-16T14:37:30+00:00,50,2,2,3,5,12,13,14,16,18,,,,,,,,,,,,
2288781,56526,Russia,4512600187,1773670950000,2026-03-16T14:22:30+00:00,50,3,6,9,11,12,14,15,17,20,,,,,,,,,,,,
2288746,56526,Russia,4512600076,1773670050000,2026-03-16T14:07:30+00:00,50,4,1,3,6,9,10,14,17,20,,,,,,,,,,,,
2288722,56526,Russia,4512599956,1773669150000,2026-03-16T13:52:30+00:00,50,3,2,4,6,8,9,11,16,18,,,,,,,,,,,,
2288694,56526,Russia,4512599845,1773668250000,2026-03-16T13:37:30+00:00,50,1,2,4,10,13,15,17,19,20,,,,,,,,,,,,
2287391,56526,Russia,4512599740,1773667350000,2026-03-16T13:22:30+00:00,60,,,,,,,,,,,,,,,,,,,,,
2287390,56526,Russia,4512599623,1773666450000,2026-03-16T13:07:30+00:00,60,,,,,,,,,,,,,,,,,,,,,
2287389,56526,Russia,4512599503,1773665550000,2026-03-16T12:52:30+00:00,60,,,,,,,,,,,,,,,,,,,,,
2288555,56526,Russia,4512599389,1773664650000,2026-03-16T12:37:30+00:00,50,1,2,6,8,9,12,16,17,19,,,,,,,,,,,,
2288533,56526,Russia,4512599281,1773663750000,2026-03-16T12:22:30+00:00,50,4,5,6,8,9,13,15,16,17,,,,,,,,,,,,
2288500,56526,Russia,4512599170,1773662850000,2026-03-16T12:07:30+00:00,50,1,1,2,6,8,12,13,16,17,,,,,,,,,,,,
2288470,56526,Russia,4512599059,1773661950000,2026-03-16T11:52:30+00:00,50,2,1,2,5,9,10,14,15,18,,,,,,,,,,,,
2288450,56526,Russia,4512598942,1773661050000,2026-03-16T11:37:30+00:00,50,3,3,5,6,8,9,11,15,18,,,,,,,,,,,,
2288421,56526,Russia,4512598837,1773660150000,2026-03-16T11:22:30+00:00,50,1,4,7,8,9,11,12,16,18,,,,,,,,,,,,
2288368,56526,Russia,4512598726,1773659250000,2026-03-16T11:07:30+00:00,50,3,3,5,6,9,10,11,12,19,,,,,,,,,,,,
2287386,56526,Russia,4512598615,1773658350000,2026-03-16T10:52:30+00:00,60,,,,,,,,,,,,,,,,,,,,,
2288314,56526,Russia,4512598498,1773657450000,2026-03-16T10:37:30+00:00,50,4,6,10,11,12,15,17,18,19,,,,,,,,,,,,
2287385,56526,Russia,4512598387,1773656550000,2026-03-16T10:22:30+00:00,60,,,,,,,,,,,,,,,,,,,,,
2287384,56526,Russia,4512598276,1773655650000,2026-03-16T10:07:30+00:00,60,,,,,,,,,,,,,,,,,,,,,
2288176,56526,Russia,4512598162,1773654750000,2026-03-16T09:52:30+00:00,60,,,,,,,,,,,,,,,,,,,,,
2288192,56526,Russia,4512598048,1773653850000,2026-03-16T09:37:30+00:00,50,2,1,3,6,7,11,12,18,19,,,,,,,,,,,,
2288075,56526,Russia,4512597940,1773652950000,2026-03-16T09:22:30+00:00,60,,,,,,,,,,,,,,,,,,,,,
2288074,56526,Russia,4512597829,1773652050000,2026-03-16T09:07:30+00:00,60,,,,,,,,,,,,,,,,,,,,,
2288073,56526,Russia,4512597721,1773651150000,2026-03-16T08:52:30+00:00,60,,,,,,,,,,,,,,,,,,,,,
2288076,56526,Russia,4512597619,1773650250000,2026-03-16T08:37:30+00:00,50,4,5,8,10,13,15,16,18,19,,,,,,,,,,,,
2288044,56526,Russia,4512597520,1773649350000,2026-03-16T08:22:30+00:00,50,4,2,3,9,10,11,13,18,20,,,,,,,,,,,,
2288007,56526,Russia,4512597418,1773648450000,2026-03-16T08:07:30+00:00,50,1,1,2,4,5,7,10,18,19,,,,,,,,,,,,
2287986,56526,Russia,4512597316,1773647550000,2026-03-16T07:52:30+00:00,50,4,2,4,5,7,10,17,18,19,,,,,,,,,,,,
2287967,56526,Russia,4512597214,1773646650000,2026-03-16T07:37:30+00:00,50,4,1,4,8,10,14,15,16,17,,,,,,,,,,,,
2287843,56526,Russia,4512597118,1773645750000,2026-03-16T07:22:30+00:00,60,,,,,,,,,,,,,,,,,,,,,
2287842,56526,Russia,4512597016,1773644850000,2026-03-16T07:07:30+00:00,60,,,,,,,,,,,,,,,,,,,,,
2287841,56526,Russia,4512596911,1773643950000,2026-03-16T06:52:30+00:00,60,,,,,,,,,,,,,,,,,,,,,
2287857,56526,Russia,4512596809,1773643050000,2026-03-16T06:37:30+00:00,50,1,2,4,5,7,12,13,17,19,,,,,,,,,,,,
2287820,56526,Russia,4512596713,1773642150000,2026-03-16T06:22:30+00:00,50,2,2,3,4,7,12,13,16,20,,,,,,,,,,,,
2287788,56526,Russia,4512596611,1773641250000,2026-03-16T06:07:30+00:00,50,4,4,6,8,11,12,13,14,15,,,,,,,,,,,,
2287773,56526,Russia,4512596521,1773640350000,2026-03-16T05:52:30+00:00,50,3,1,2,4,5,6,10,13,20,,,,,,,,,,,,
2287749,56526,Russia,4512596431,1773639450000,2026-03-16T05:37:30+00:00,50,3,3,5,6,7,10,14,15,16,,,,,,,,,,,,
2287729,56526,Russia,4512596353,1773638550000,2026-03-16T05:22:30+00:00,50,3,3,7,8,10,15,16,18,20,,,,,,,,,,,,
2287702,56526,Russia,4512596275,1773637650000,2026-03-16T05:07:30+00:00,50,3,1,3,4,8,10,16,18,19,,,,,,,,,,,,
2287688,56526,Russia,4512596203,1773636750000,2026-03-16T04:52:30+00:00,50,2,2,5,9,11,13,15,18,19,,,,,,,,,,,,
2287671,56526,Russia,4512596125,1773635850000,2026-03-16T04:37:30+00:00,50,4,3,5,7,8,12,14,15,18,,,,,,,,,,,,
2287650,56526,Russia,4512596047,1773634950000,2026-03-16T04:22:30+00:00,50,3,4,6,7,11,12,14,18,20,,,,,,,,,,,,
2287625,56526,Russia,4512595969,1773634050000,2026-03-16T04:07:30+00:00,50,1,2,3,5,7,10,13,15,20,,,,,,,,,,,,
2287617,56526,Russia,4512595897,1773633150000,2026-03-16T03:52:30+00:00,50,2,2,4,6,10,12,16,17,18,,,,,,,,,,,,
2287598,56526,Russia,4512595819,1773632250000,2026-03-16T03:37:30+00:00,50,2,1,6,7,8,10,12,14,16,,,,,,,,,,,,
2287566,56526,Russia,4512595744,1773631350000,2026-03-16T03:22:30+00:00,50,1,2,7,11,12,14,15,17,19,,,,,,,,,,,,
2287543,56526,Russia,4512595666,1773630450000,2026-03-16T03:07:30+00:00,50,2,2,6,8,10,11,12,13,17,,,,,,,,,,,,
2287521,56526,Russia,4512595594,1773629550000,2026-03-16T02:52:30+00:00,50,1,5,6,7,9,14,16,18,20,,,,,,,,,,,,
2287498,56526,Russia,4512595516,1773628650000,2026-03-16T02:37:30+00:00,50,4,3,4,9,10,12,15,16,17,,,,,,,,,,,,
2287474,56526,Russia,4512595438,1773627750000,2026-03-16T02:22:30+00:00,50,1,1,2,3,5,7,11,12,14,,,,,,,,,,,,
2287452,56526,Russia,4512595360,1773626850000,2026-03-16T02:07:30+00:00,50,1,1,3,8,10,11,14,15,20,,,,,,,,,,,,
2287430,56526,Russia,4512595288,1773625950000,2026-03-16T01:52:30+00:00,50,2,1,3,6,9,15,16,17,20,,,,,,,,,,,,
2287412,56526,Russia,4512595210,1773625050000,2026-03-16T01:37:30+00:00,50,1,3,4,6,9,11,14,15,18,,,,,,,,,,,,
2287370,56526,Russia,4512595135,1773624150000,2026-03-16T01:22:30+00:00,50,2,2,3,6,8,15,17,18,19,,,,,,,,,,,,
2287349,56526,Russia,4512595057,1773623250000,2026-03-16T01:07:30+00:00,50,1,1,4,6,10,13,16,17,19,,,,,,,,,,,,
2287329,56526,Russia,4512594985,1773622350000,2026-03-16T00:52:30+00:00,50,2,3,7,8,9,10,11,16,18,,,,,,,,,,,,
2287313,56526,Russia,4512594907,1773621450000,2026-03-16T00:37:30+00:00,50,4,2,5,7,8,12,13,16,18,,,,,,,,,,,,
2287280,56526,Russia,4512594832,1773620550000,2026-03-16T00:22:30+00:00,50,4,5,6,9,14,16,17,18,19,,,,,,,,,,,,
2287270,56526,Russia,4512594754,1773619650000,2026-03-16T00:07:30+00:00,50,1,1,5,14,15,16,18,19,20,,,,,,,,,,,,
2287248,56526,Russia,4510684579,1773618750000,2026-03-15T23:52:30+00:00,50,2,2,3,4,5,7,8,12,14,,,,,,,,,,,,
2287216,56526,Russia,4510684501,1773617850000,2026-03-15T23:37:30+00:00,50,3,2,9,11,12,15,17,19,20,,,,,,,,,,,,
2287197,56526,Russia,4510684426,1773616950000,2026-03-15T23:22:30+00:00,50,2,6,7,8,11,13,16,18,20,,,,,,,,,,,,
2287174,56526,Russia,4510684357,1773616050000,2026-03-15T23:07:30+00:00,50,1,4,5,7,9,13,15,16,17,,,,,,,,,,,,
2287152,56526,Russia,4510684315,1773615150000,2026-03-15T22:52:30+00:00,50,4,5,7,8,9,12,13,16,18,,,,,,,,,,,,
2287127,56526,Russia,4510684291,1773614250000,2026-03-15T22:37:30+00:00,50,4,5,6,7,12,14,16,18,19,,,,,,,,,,,,
2287091,56526,Russia,4510684267,1773613350000,2026-03-15T22:22:30+00:00,50,3,4,5,6,12,13,15,17,18,,,,,,,,,,,,
2287034,56526,Russia,4510684243,1773612450000,2026-03-15T22:07:30+00:00,50,3,1,2,3,7,9,12,16,19,,,,,,,,,,,,
2287032,56526,Russia,4510684222,1773611550000,2026-03-15T21:52:30+00:00,50,2,2,4,11,12,13,14,18,20,,,,,,,,,,,,
2286996,56526,Russia,4510684207,1773610650000,2026-03-15T21:37:30+00:00,50,3,7,8,10,12,13,16,19,20,,,,,,,,,,,,
2286968,56526,Russia,4510684192,1773609750000,2026-03-15T21:22:30+00:00,50,2,5,6,9,10,13,15,18,20,,,,,,,,,,,,
2286943,56526,Russia,4510684180,1773608850000,2026-03-15T21:07:30+00:00,50,3,2,3,4,9,13,15,16,18,,,,,,,,,,,,
2286911,56526,Russia,4510682842,1773607950000,2026-03-15T20:52:30+00:00,50,3,2,3,5,12,13,16,19,20,,,,,,,,,,,,
2286878,56526,Russia,4510682731,1773607050000,2026-03-15T20:37:30+00:00,50,1,3,4,5,7,9,12,17,19,,,,,,,,,,,,
2285014,56526,Russia,4510682629,1773606150000,2026-03-15T20:22:30+00:00,60,,,,,,,,,,,,,,,,,,,,,
2286817,56526,Russia,4510682521,1773605250000,2026-03-15T20:07:30+00:00,50,2,5,10,11,14,15,17,18,19,,,,,,,,,,,,
2286788,56526,Russia,4510682413,1773604350000,2026-03-15T19:52:30+00:00,50,4,3,4,5,6,7,14,17,20,,,,,,,,,,,,
2286760,56526,Russia,4510682299,1773603450000,2026-03-15T19:37:30+00:00,50,3,5,7,9,11,12,14,18,20,,,,,,,,,,,,
2285013,56526,Russia,4510682191,1773602550000,2026-03-15T19:22:30+00:00,60,,,,,,,,,,,,,,,,,,,,,
2285011,56526,Russia,4510682080,1773601650000,2026-03-15T19:07:30+00:00,60,,,,,,,,,,,,,,,,,,,,,
2285010,56526,Russia,4510681957,1773600750000,2026-03-15T18:52:30+00:00,60,,,,,,,,,,,,,,,,,,,,,
2286627,56526,Russia,4510681846,1773599850000,2026-03-15T18:37:30+00:00,50,3,1,4,6,7,9,14,16,19,,,,,,,,,,,,
2286591,56526,Russia,4510681732,1773598950000,2026-03-15T18:22:30+00:00,50,4,1,4,6,11,12,13,15,17,,,,,,,,,,,,
2286562,56526,Russia,4510681615,1773598050000,2026-03-15T18:07:30+00:00,50,1,1,5,6,7,8,13,14,19,,,,,,,,,,,,
2286525,56526,Russia,4510681498,1773597150000,2026-03-15T17:52:30+00:00,50,4,2,3,14,16,17,18,19,20,,,,,,,,,,,,
2286483,56526,Russia,4510681378,1773596250000,2026-03-15T17:37:30+00:00,50,2,1,2,3,7,8,15,18,20,,,,,,,,,,,,
2285008,56526,Russia,4510681270,1773595350000,2026-03-15T17:22:30+00:00,60,,,,,,,,,,,,,,,,,,,,,
2285007,56526,Russia,4510681159,1773594450000,2026-03-15T17:07:30+00:00,60,,,,,,,,,,,,,,,,,,,,,
2285006,56526,Russia,4510681027,1773593550000,2026-03-15T16:52:30+00:00,60,,,,,,,,,,,,,,,,,,,,,
2286368,56526,Russia,4510680910,1773592650000,2026-03-15T16:37:30+00:00,50,1,2,6,7,10,13,14,17,19,,,,,,,,,,,,
2286332,56526,Russia,4510680793,1773591750000,2026-03-15T16:22:30+00:00,50,2,1,2,4,5,9,13,16,17,,,,,,,,,,,,
2286299,56526,Russia,4510680682,1773590850000,2026-03-15T16:07:30+00:00,50,3,2,3,9,10,12,14,19,20,,,,,,,,,,,,
2286276,56526,Russia,4510680571,1773589950000,2026-03-15T15:52:30+00:00,50,2,1,2,4,7,15,17,18,20,,,,,,,,,,,,
2286237,56526,Russia,4510680454,1773589050000,2026-03-15T15:37:30+00:00,50,2,3,4,8,10,11,13,15,16,,,,,,,,,,,,
2284999,56526,Russia,4510680346,1773588150000,2026-03-15T15:22:30+00:00,60,,,,,,,,,,,,,,,,,,,,,
2284998,56526,Russia,4510680235,1773587250000,2026-03-15T15:07:30+00:00,60,,,,,,,,,,,,,,,,,,,,,
2284995,56526,Russia,4510680121,1773586350000,2026-03-15T14:52:30+00:00,60,,,,,,,,,,,,,,,,,,,,,
2286123,56526,Russia,4510680010,1773585450000,2026-03-15T14:37:30+00:00,50,2,2,3,5,9,12,13,14,20,,,,,,,,,,,,
2286104,56526,Russia,4510679902,1773584550000,2026-03-15T14:22:30+00:00,50,1,4,7,8,9,10,15,18,20,,,,,,,,,,,,
2286050,56526,Russia,4510679791,1773583650000,2026-03-15T14:07:30+00:00,50,2,4,5,8,10,12,13,18,20,,,,,,,,,,,,
2286029,56526,Russia,4510679674,1773582750000,2026-03-15T13:52:30+00:00,50,1,2,6,8,15,17,18,19,20,,,,,,,,,,,,
2285991,56526,Russia,4510679563,1773581850000,2026-03-15T13:37:30+00:00,50,1,2,5,6,7,10,13,14,18,,,,,,,,,,,,
2284992,56526,Russia,4510679458,1773580950000,2026-03-15T13:22:30+00:00,60,,,,,,,,,,,,,,,,,,,,,
2284991,56526,Russia,4510679341,1773580050000,2026-03-15T13:07:30+00:00,60,,,,,,,,,,,,,,,,,,,,,
2284990,56526,Russia,4510679221,1773579150000,2026-03-15T12:52:30+00:00,60,,,,,,,,,,,,,,,,,,,,,
2285874,56526,Russia,4510679107,1773578250000,2026-03-15T12:37:30+00:00,50,2,1,3,6,12,14,16,18,20,,,,,,,,,,,,
2285845,56526,Russia,4510678999,1773577350000,2026-03-15T12:22:30+00:00,50,2,2,9,10,12,13,14,16,18,,,,,,,,,,,,
2285806,56526,Russia,4510678888,1773576450000,2026-03-15T12:07:30+00:00,50,4,1,5,7,8,10,13,14,15,,,,,,,,,,,,
2285791,56526,Russia,4510678777,1773575550000,2026-03-15T11:52:30+00:00,50,4,2,5,8,11,14,17,18,20,,,,,,,,,,,,
2285751,56526,Russia,4510678660,1773574650000,2026-03-15T11:37:30+00:00,50,4,1,3,4,8,10,15,16,18,,,,,,,,,,,,
2285717,56526,Russia,4510678555,1773573750000,2026-03-15T11:22:30+00:00,50,3,7,8,11,12,13,16,17,20,,,,,,,,,,,,
2285691,56526,Russia,4510678444,1773572850000,2026-03-15T11:07:30+00:00,50,1,1,2,3,5,12,16,17,18,,,,,,,,,,,,
2284989,56526,Russia,4510678333,1773571950000,2026-03-15T10:52:30+00:00,60,,,,,,,,,,,,,,,,,,,,,
2285626,56526,Russia,4510678216,1773571050000,2026-03-15T10:37:30+00:00,50,2,1,4,6,11,12,13,15,16,,,,,,,,,,,,
2284986,56526,Russia,4510678108,1773570150000,2026-03-15T10:22:30+00:00,60,,,,,,,,,,,,,,,,,,,,,
2284985,56526,Russia,4510677997,1773569250000,2026-03-15T10:07:30+00:00,60,,,,,,,,,,,,,,,,,,,,,
2284984,56526,Russia,4510677883,1773568350000,2026-03-15T09:52:30+00:00,60,,,,,,,,,,,,,,,,,,,,,
2285506,56526,Russia,4510677772,1773567450000,2026-03-15T09:37:30+00:00,50,1,1,4,6,9,10,11,13,16,,,,,,,,,,,,
2284983,56526,Russia,4510677664,1773566550000,2026-03-15T09:22:30+00:00,60,,,,,,,,,,,,,,,,,,,,,
2284982,56526,Russia,4510677553,1773565650000,2026-03-15T09:07:30+00:00,60,,,,,,,,,,,,,,,,,,,,,
2284981,56526,Russia,4510677445,1773564750000,2026-03-15T08:52:30+00:00,60,,,,,,,,,,,,,,,,,,,,,
2285383,56526,Russia,4510677343,1773563850000,2026-03-15T08:37:30+00:00,50,2,2,3,6,8,11,12,17,18,,,,,,,,,,,,
2285358,56526,Russia,4510677247,1773562950000,2026-03-15T08:22:30+00:00,50,1,1,5,7,9,12,16,18,20,,,,,,,,,,,,
2285340,56526,Russia,4510677145,1773562050000,2026-03-15T08:07:30+00:00,50,1,5,9,11,13,16,17,18,20,,,,,,,,,,,,
2285296,56526,Russia,4510677043,1773561150000,2026-03-15T07:52:30+00:00,50,4,1,2,9,11,13,14,17,18,,,,,,,,,,,,
2285286,56526,Russia,4510676941,1773560250000,2026-03-15T07:37:30+00:00,50,4,3,4,5,7,9,10,17,20,,,,,,,,,,,,
2284980,56526,Russia,4510676845,1773559350000,2026-03-15T07:22:30+00:00,60,,,,,,,,,,,,,,,,,,,,,
2284979,56526,Russia,4510676743,1773558450000,2026-03-15T07:07:30+00:00,60,,,,,,,,,,,,,,,,,,,,,
2284978,56526,Russia,4510676638,1773557550000,2026-03-15T06:52:30+00:00,60,,,,,,,,,,,,,,,,,,,,,
2285169,56526,Russia,4510676536,1773556650000,2026-03-15T06:37:30+00:00,50,3,1,8,10,11,13,15,16,20,,,,,,,,,,,,
2285140,56526,Russia,4510676440,1773555750000,2026-03-15T06:22:30+00:00,50,1,1,4,7,9,10,11,12,13,,,,,,,,,,,,
2285120,56526,Russia,4510676338,1773554850000,2026-03-15T06:07:30+00:00,50,4,9,10,11,12,14,16,18,20,,,,,,,,,,,,
2285094,56526,Russia,4510676248,1773553950000,2026-03-15T05:52:30+00:00,50,2,3,5,11,12,14,15,19,20,,,,,,,,,,,,
2285078,56526,Russia,4510676158,1773553050000,2026-03-15T05:37:30+00:00,50,3,2,9,10,13,14,16,18,19,,,,,,,,,,,,
2285050,56526,Russia,4510676080,1773552150000,2026-03-15T05:22:30+00:00,50,3,2,3,6,7,9,12,13,20,,,,,,,,,,,,
2285031,56526,Russia,4510676002,1773551250000,2026-03-15T05:07:30+00:00,50,3,3,4,7,8,10,13,18,19,,,,,,,,,,,,
2285018,56526,Russia,4510675930,1773550350000,2026-03-15T04:52:30+00:00,50,2,4,7,8,11,12,17,19,20,,,,,,,,,,,,
2284969,56526,Russia,4510675852,1773549450000,2026-03-15T04:37:30+00:00,50,3,1,3,7,10,11,13,15,16,,,,,,,,,,,,
2284947,56526,Russia,4510675774,1773548550000,2026-03-15T04:22:30+00:00,50,2,1,5,7,11,12,15,18,19,,,,,,,,,,,,
2284931,56526,Russia,4510675696,1773547650000,2026-03-15T04:07:30+00:00,50,2,1,4,7,11,13,16,19,20,,,,,,,,,,,,
2284899,56526,Russia,4510675624,1773546750000,2026-03-15T03:52:30+00:00,50,3,3,4,5,7,8,13,14,18,,,,,,,,,,,,
2284883,56526,Russia,4510675546,1773545850000,2026-03-15T03:37:30+00:00,50,1,1,3,7,11,13,15,19,20,,,,,,,,,,,,
2284851,56526,Russia,4510675471,1773544950000,2026-03-15T03:22:30+00:00,50,3,3,6,8,9,10,14,16,18,,,,,,,,,,,,
2284824,56526,Russia,4510675393,1773544050000,2026-03-15T03:07:30+00:00,50,1,6,7,10,11,12,13,15,20,,,,,,,,,,,,
2284801,56526,Russia,4510675321,1773543150000,2026-03-15T02:52:30+00:00,50,2,1,2,3,4,6,10,12,17,,,,,,,,,,,,
2284776,56526,Russia,4510675243,1773542250000,2026-03-15T02:37:30+00:00,50,2,5,6,8,9,10,13,18,20,,,,,,,,,,,,
2284755,56526,Russia,4510675165,1773541350000,2026-03-15T02:22:30+00:00,50,3,1,3,4,8,12,13,15,18,,,,,,,,,,,,
2284735,56526,Russia,4510675087,1773540450000,2026-03-15T02:07:30+00:00,50,2,6,7,8,9,10,15,16,20,,,,,,,,,,,,
2284708,56526,Russia,4510675015,1773539550000,2026-03-15T01:52:30+00:00,50,3,1,2,8,10,11,12,13,18,,,,,,,,,,,,
2284678,56526,Russia,4510674937,1773538650000,2026-03-15T01:37:30+00:00,50,4,2,4,11,14,15,17,18,19,,,,,,,,,,,,
2284665,56526,Russia,4510674862,1773537750000,2026-03-15T01:22:30+00:00,50,3,1,4,9,10,11,16,19,20,,,,,,,,,,,,
2284647,56526,Russia,4510674784,1773536850000,2026-03-15T01:07:30+00:00,50,1,4,6,9,10,12,13,16,18,,,,,,,,,,,,
2284627,56526,Russia,4510674712,1773535950000,2026-03-15T00:52:30+00:00,50,3,2,6,7,9,10,11,14,15,,,,,,,,,,,,
2284606,56526,Russia,4510674634,1773535050000,2026-03-15T00:37:30+00:00,50,2,1,2,8,10,13,16,17,19,,,,,,,,,,,,
2284590,56526,Russia,4510674559,1773534150000,2026-03-15T00:22:30+00:00,50,2,1,12,13,15,17,18,19,20,,,,,,,,,,,,
2284570,56526,Russia,4510674481,1773533250000,2026-03-15T00:07:30+00:00,50,3,2,5,8,9,10,12,16,19,,,,,,,,,,,,
2284542,56526,Russia,4508883454,1773532350000,2026-03-14T23:52:30+00:00,50,4,1,2,3,6,10,12,13,17,,,,,,,,,,,,
2284506,56526,Russia,4508883376,1773531450000,2026-03-14T23:37:30+00:00,50,4,5,8,9,10,14,15,18,19,,,,,,,,,,,,
2284490,56526,Russia,4508883301,1773530550000,2026-03-14T23:22:30+00:00,50,1,3,5,7,8,14,15,17,20,,,,,,,,,,,,
2284466,56526,Russia,4508883232,1773529650000,2026-03-14T23:07:30+00:00,50,4,1,5,6,8,11,12,14,19,,,,,,,,,,,,
2284447,56526,Russia,4508883190,1773528750000,2026-03-14T22:52:30+00:00,50,4,1,4,5,7,10,14,17,20,,,,,,,,,,,,
2284417,56526,Russia,4508883166,1773527850000,2026-03-14T22:37:30+00:00,50,1,2,4,5,6,8,13,17,20,,,,,,,,,,,,
2284379,56526,Russia,4508883142,1773526950000,2026-03-14T22:22:30+00:00,50,3,1,5,9,11,14,15,18,19,,,,,,,,,,,,
2284357,56526,Russia,4508883118,1773526050000,2026-03-14T22:07:30+00:00,50,1,2,5,6,9,10,12,13,20,,,,,,,,,,,,
2284329,56526,Russia,4508883097,1773525150000,2026-03-14T21:52:30+00:00,50,1,2,10,14,15,16,17,18,19,,,,,,,,,,,,
2284308,56526,Russia,4508883082,1773524250000,2026-03-14T21:37:30+00:00,50,1,1,2,3,5,10,11,12,13,,,,,,,,,,,,
2284265,56526,Russia,4508883067,1773523350000,2026-03-14T21:22:30+00:00,50,2,2,4,5,6,9,14,17,18,,,,,,,,,,,,
2284226,56526,Russia,4508883055,1773522450000,2026-03-14T21:07:30+00:00,50,2,2,3,5,10,13,16,19,20,,,,,,,,,,,,
2284198,56526,Russia,4508881705,1773521550000,2026-03-14T20:52:30+00:00,50,2,2,5,7,10,13,14,16,20,,,,,,,,,,,,
2284142,56526,Russia,4508881585,1773520650000,2026-03-14T20:37:30+00:00,50,4,3,4,5,6,11,14,15,19,,,,,,,,,,,,
2284083,56526,Russia,4508881486,1773519750000,2026-03-14T20:22:30+00:00,60,,,,,,,,,,,,,,,,,,,,,
2284085,56526,Russia,4508881372,1773518850000,2026-03-14T20:07:30+00:00,50,2,1,4,5,8,10,12,14,17,,,,,,,,,,,,
2284050,56526,Russia,4508881261,1773517950000,2026-03-14T19:52:30+00:00,50,1,8,10,11,12,13,15,18,19,,,,,,,,,,,,
2284035,56526,Russia,4508881138,1773517050000,2026-03-14T19:37:30+00:00,50,1,2,4,6,7,8,9,15,17,,,,,,,,,,,,
2283862,56526,Russia,4508881024,1773516150000,2026-03-14T19:22:30+00:00,60,,,,,,,,,,,,,,,,,,,,,
2283861,56526,Russia,4508880907,1773515250000,2026-03-14T19:07:30+00:00,60,,,,,,,,,,,,,,,,,,,,,
2283860,56526,Russia,4508880766,1773514350000,2026-03-14T18:52:30+00:00,60,,,,,,,,,,,,,,,,,,,,,
2283871,56526,Russia,4508880655,1773513450000,2026-03-14T18:37:30+00:00,50,2,1,4,5,9,10,11,15,16,,,,,,,,,,,,
2283850,56526,Russia,4508880535,1773512550000,2026-03-14T18:22:30+00:00,50,4,5,9,13,14,15,16,17,20,,,,,,,,,,,,
2283818,56526,Russia,4508880421,1773511650000,2026-03-14T18:07:30+00:00,50,4,6,7,8,10,12,16,18,19,,,,,,,,,,,,
2283786,56526,Russia,4508880301,1773510750000,2026-03-14T17:52:30+00:00,50,1,1,3,8,13,14,15,18,20,,,,,,,,,,,,
2283757,56526,Russia,4508880181,1773509850000,2026-03-14T17:37:30+00:00,50,4,3,4,5,7,9,12,15,16,,,,,,,,,,,,
2283610,56526,Russia,4508880070,1773508950000,2026-03-14T17:22:30+00:00,60,,,,,,,,,,,,,,,,,,,,,
2283609,56526,Russia,4508879953,1773508050000,2026-03-14T17:07:30+00:00,60,,,,,,,,,,,,,,,,,,,,,
2283608,56526,Russia,4508879818,1773507150000,2026-03-14T16:52:30+00:00,60,,,,,,,,,,,,,,,,,,,,,
2283606,56526,Russia,4508879698,1773506250000,2026-03-14T16:37:30+00:00,50,4,4,7,9,14,16,17,18,20,,,,,,,,,,,,
2283584,56526,Russia,4508879587,1773505350000,2026-03-14T16:22:30+00:00,50,3,6,7,9,12,14,16,18,20,,,,,,,,,,,,
2283561,56526,Russia,4508879476,1773504450000,2026-03-14T16:07:30+00:00,50,4,8,10,11,12,14,15,17,20,,,,,,,,,,,,
2283523,56526,Russia,4508879362,1773503550000,2026-03-14T15:52:30+00:00,50,3,2,4,6,8,9,15,18,20,,,,,,,,,,,,
2283496,56526,Russia,4508879245,1773502650000,2026-03-14T15:37:30+00:00,50,4,5,6,7,8,9,12,17,20,,,,,,,,,,,,
2283373,56526,Russia,4508879137,1773501750000,2026-03-14T15:22:30+00:00,60,,,,,,,,,,,,,,,,,,,,,
2283372,56526,Russia,4508879026,1773500850000,2026-03-14T15:07:30+00:00,60,,,,,,,,,,,,,,,,,,,,,
2283371,56526,Russia,4508878906,1773499950000,2026-03-14T14:52:30+00:00,60,,,,,,,,,,,,,,,,,,,,,
2283374,56526,Russia,4508878795,1773499050000,2026-03-14T14:37:30+00:00,50,3,2,3,5,6,8,10,18,20,,,,,,,,,,,,
2283333,56526,Russia,4508878687,1773498150000,2026-03-14T14:22:30+00:00,50,2,1,2,5,10,12,13,17,20,,,,,,,,,,,,
2283321,56526,Russia,4508878576,1773497250000,2026-03-14T14:07:30+00:00,50,4,2,4,5,11,12,14,18,20,,,,,,,,,,,,
2283278,56526,Russia,4508878459,1773496350000,2026-03-14T13:52:30+00:00,50,1,1,2,3,6,14,15,18,19,,,,,,,,,,,,
2283259,56526,Russia,4508878348,1773495450000,2026-03-14T13:37:30+00:00,50,2,2,5,6,7,11,15,16,17,,,,,,,,,,,,
2283107,56526,Russia,4508878243,1773494550000,2026-03-14T13:22:30+00:00,60,,,,,,,,,,,,,,,,,,,,,
2283106,56526,Russia,4508878126,1773493650000,2026-03-14T13:07:30+00:00,60,,,,,,,,,,,,,,,,,,,,,
2283105,56526,Russia,4508878006,1773492750000,2026-03-14T12:52:30+00:00,60,,,,,,,,,,,,,,,,,,,,,
2283134,56526,Russia,4508877892,1773491850000,2026-03-14T12:37:30+00:00,50,2,3,4,7,9,13,16,17,20,,,,,,,,,,,,
2283075,56526,Russia,4508877784,1773490950000,2026-03-14T12:22:30+00:00,50,3,1,5,6,8,12,18,19,20,,,,,,,,,,,,
2283054,56526,Russia,4508877673,1773490050000,2026-03-14T12:07:30+00:00,50,2,1,5,8,10,14,17,18,19,,,,,,,,,,,,
2283021,56526,Russia,4508877562,1773489150000,2026-03-14T11:52:30+00:00,50,2,1,3,5,6,11,14,18,20,,,,,,,,,,,,
2283003,56526,Russia,4508877445,1773488250000,2026-03-14T11:37:30+00:00,50,3,5,7,8,9,10,12,15,19,,,,,,,,,,,,
2282963,56526,Russia,4508877337,1773487350000,2026-03-14T11:22:30+00:00,50,2,1,6,8,9,10,16,17,20,,,,,,,,,,,,
2282930,56526,Russia,4508877226,1773486450000,2026-03-14T11:07:30+00:00,50,4,2,4,5,12,13,14,18,19,,,,,,,,,,,,
2282868,56526,Russia,4508877115,1773485550000,2026-03-14T10:52:30+00:00,60,,,,,,,,,,,,,,,,,,,,,
2282870,56526,Russia,4508876998,1773484650000,2026-03-14T10:37:30+00:00,50,3,2,10,12,13,14,15,16,18,,,,,,,,,,,,
2282723,56526,Russia,4508876890,1773483750000,2026-03-14T10:22:30+00:00,60,,,,,,,,,,,,,,,,,,,,,
2282722,56526,Russia,4508876779,1773482850000,2026-03-14T10:07:30+00:00,60,,,,,,,,,,,,,,,,,,,,,
2282721,56526,Russia,4508876665,1773481950000,2026-03-14T09:52:30+00:00,60,,,,,,,,,,,,,,,,,,,,,
2282737,56526,Russia,4508876554,1773481050000,2026-03-14T09:37:30+00:00,50,1,1,2,3,4,9,16,18,20,,,,,,,,,,,,
2282627,56526,Russia,4508876443,1773480150000,2026-03-14T09:22:30+00:00,60,,,,,,,,,,,,,,,,,,,,,
2282626,56526,Russia,4508876332,1773479250000,2026-03-14T09:07:30+00:00,60,,,,,,,,,,,,,,,,,,,,,
2282625,56526,Russia,4508876224,1773478350000,2026-03-14T08:52:30+00:00,60,,,,,,,,,,,,,,,,,,,,,
2282629,56526,Russia,4508876122,1773477450000,2026-03-14T08:37:30+00:00,50,4,1,2,3,5,13,15,19,20,,,,,,,,,,,,
2282599,56526,Russia,4508876026,1773476550000,2026-03-14T08:22:30+00:00,50,3,2,3,4,9,10,14,16,20,,,,,,,,,,,,
2282572,56526,Russia,4508875924,1773475650000,2026-03-14T08:07:30+00:00,50,4,1,2,5,7,8,14,19,20,,,,,,,,,,,,
2282554,56526,Russia,4508875822,1773474750000,2026-03-14T07:52:30+00:00,50,1,1,3,6,8,11,12,13,20,,,,,,,,,,,,
2282508,56526,Russia,4508875720,1773473850000,2026-03-14T07:37:30+00:00,50,2,3,4,6,11,12,14,15,16,,,,,,,,,,,,
2282406,56526,Russia,4508875624,1773472950000,2026-03-14T07:22:30+00:00,60,,,,,,,,,,,,,,,,,,,,,
2282405,56526,Russia,4508875522,1773472050000,2026-03-14T07:07:30+00:00,60,,,,,,,,,,,,,,,,,,,,,
2282404,56526,Russia,4508875417,1773471150000,2026-03-14T06:52:30+00:00,60,,,,,,,,,,,,,,,,,,,,,
2282410,56526,Russia,4508875315,1773470250000,2026-03-14T06:37:30+00:00,50,3,2,7,9,11,13,14,16,17,,,,,,,,,,,,
2282371,56526,Russia,4508875216,1773469350000,2026-03-14T06:22:30+00:00,50,1,4,9,11,12,13,17,18,20,,,,,,,,,,,,
2282347,56526,Russia,4508875114,1773468450000,2026-03-14T06:07:30+00:00,50,2,3,4,5,8,11,12,17,20,,,,,,,,,,,,
2282323,56526,Russia,4508875024,1773467550000,2026-03-14T05:52:30+00:00,50,1,3,5,7,11,12,14,16,19,,,,,,,,,,,,
2282305,56526,Russia,4508874934,1773466650000,2026-03-14T05:37:30+00:00,50,2,1,4,8,10,12,13,17,18,,,,,,,,,,,,
2282290,56526,Russia,4508874856,1773465750000,2026-03-14T05:22:30+00:00,50,3,1,2,4,5,9,10,11,13,,,,,,,,,,,,
2282265,56526,Russia,4508874778,1773464850000,2026-03-14T05:07:30+00:00,50,1,2,3,5,7,10,14,18,20,,,,,,,,,,,,
2282241,56526,Russia,4508874706,1773463950000,2026-03-14T04:52:30+00:00,50,1,1,8,9,12,13,14,15,16,,,,,,,,,,,,
2282225,56526,Russia,4508874628,1773463050000,2026-03-14T04:37:30+00:00,50,4,1,2,3,4,5,9,10,14,,,,,,,,,,,,
2282185,56526,Russia,4508874550,1773462150000,2026-03-14T04:22:30+00:00,50,4,3,7,9,10,13,14,15,16,,,,,,,,,,,,
2282177,56526,Russia,4508874472,1773461250000,2026-03-14T04:07:30+00:00,50,1,4,8,9,10,13,17,19,20,,,,,,,,,,,,
2282148,56526,Russia,4508874400,1773460350000,2026-03-14T03:52:30+00:00,50,4,2,3,4,7,8,11,14,16,,,,,,,,,,,,
2282127,56526,Russia,4508874322,1773459450000,2026-03-14T03:37:30+00:00,50,2,2,3,4,5,8,13,19,20,,,,,,,,,,,,
2282111,56526,Russia,4508874247,1773458550000,2026-03-14T03:22:30+00:00,50,1,6,7,9,10,14,15,16,20,,,,,,,,,,,,
2282085,56526,Russia,4508874169,1773457650000,2026-03-14T03:07:30+00:00,50,3,2,5,7,8,11,17,19,20,,,,,,,,,,,,
2282064,56526,Russia,4508874097,1773456750000,2026-03-14T02:52:30+00:00,50,1,3,6,7,14,15,16,19,20,,,,,,,,,,,,
2282050,56526,Russia,4508874019,1773455850000,2026-03-14T02:37:30+00:00,50,4,2,4,5,8,11,13,18,19,,,,,,,,,,,,
2282011,56526,Russia,4508873941,1773454950000,2026-03-14T02:22:30+00:00,50,4,2,5,9,10,15,16,18,19,,,,,,,,,,,,
2281982,56526,Russia,4508873863,1773454050000,2026-03-14T02:07:30+00:00,50,4,3,4,12,15,16,18,19,20,,,,,,,,,,,,
2281962,56526,Russia,4508873791,1773453150000,2026-03-14T01:52:30+00:00,50,4,1,2,6,7,9,11,12,17,,,,,,,,,,,,
2281954,56526,Russia,4508873713,1773452250000,2026-03-14T01:37:30+00:00,50,1,2,4,7,11,12,13,16,20,,,,,,,,,,,,
2281931,56526,Russia,4508873638,1773451350000,2026-03-14T01:22:30+00:00,50,3,2,3,6,7,10,11,16,20,,,,,,,,,,,,
2281914,56526,Russia,4508873560,1773450450000,2026-03-14T01:07:30+00:00,50,4,4,13,14,15,17,18,19,20,,,,,,,,,,,,
2281893,56526,Russia,4508873488,1773449550000,2026-03-14T00:52:30+00:00,50,1,9,10,11,12,14,15,17,20,,,,,,,,,,,,
2281881,56526,Russia,4508873410,1773448650000,2026-03-14T00:37:30+00:00,50,2,3,4,5,6,9,10,12,16,,,,,,,,,,,,
2281845,56526,Russia,4508873335,1773447750000,2026-03-14T00:22:30+00:00,50,4,1,2,4,7,8,10,14,17,,,,,,,,,,,,
2281839,56526,Russia,4508873257,1773446850000,2026-03-14T00:07:30+00:00,50,2,1,3,4,6,8,13,16,18,,,,,,,,,,,,
2281814,56526,Russia,4507001338,1773445950000,2026-03-13T23:52:30+00:00,50,4,1,2,6,7,10,16,17,20,,,,,,,,,,,,
2281784,56526,Russia,4507001260,1773445050000,2026-03-13T23:37:30+00:00,50,3,2,6,7,9,10,11,15,20,,,,,,,,,,,,
2281760,56526,Russia,4507001185,1773444150000,2026-03-13T23:22:30+00:00,50,1,1,3,5,6,8,12,15,17,,,,,,,,,,,,
2281739,56526,Russia,4507001116,1773443250000,2026-03-13T23:07:30+00:00,50,2,2,4,5,12,13,14,16,17,,,,,,,,,,,,
2281688,56526,Russia,4507001074,1773442350000,2026-03-13T22:52:30+00:00,50,3,1,6,7,9,12,14,15,18,,,,,,,,,,,,
2281670,56526,Russia,4507001050,1773441450000,2026-03-13T22:37:30+00:00,50,3,1,3,12,13,15,17,18,19,,,,,,,,,,,,
2281657,56526,Russia,4507001026,1773440550000,2026-03-13T22:22:30+00:00,50,3,2,5,7,8,11,12,13,17,,,,,,,,,,,,
2281598,56526,Russia,4507001002,1773439650000,2026-03-13T22:07:30+00:00,50,4,1,3,4,5,9,10,12,18,,,,,,,,,,,,
2281566,56526,Russia,4507000981,1773438750000,2026-03-13T21:52:30+00:00,50,2,1,5,6,8,14,16,18,20,,,,,,,,,,,,
2281546,56526,Russia,4507000966,1773437850000,2026-03-13T21:37:30+00:00,50,2,1,2,3,4,6,9,10,13,,,,,,,,,,,,
2281522,56526,Russia,4507000951,1773436950000,2026-03-13T21:22:30+00:00,50,4,2,5,6,7,9,12,19,20,,,,,,,,,,,,
2281498,56526,Russia,4507000939,1773436050000,2026-03-13T21:07:30+00:00,50,3,2,5,6,7,8,11,12,17,,,,,,,,,,,,
2281474,56526,Russia,4506999589,1773435150000,2026-03-13T20:52:30+00:00,50,3,2,5,6,7,8,12,14,15,,,,,,,,,,,,
2281445,56526,Russia,4506999478,1773434250000,2026-03-13T20:37:30+00:00,50,1,1,2,3,5,7,10,17,19,,,,,,,,,,,,
2279500,56526,Russia,4506999379,1773433350000,2026-03-13T20:22:30+00:00,60,,,,,,,,,,,,,,,,,,,,,
2281375,56526,Russia,4506999271,1773432450000,2026-03-13T20:07:30+00:00,50,2,3,6,9,10,11,13,16,20,,,,,,,,,,,,
2281334,56526,Russia,4506999163,1773431550000,2026-03-13T19:52:30+00:00,50,4,2,5,8,10,11,13,17,20,,,,,,,,,,,,
2281304,56526,Russia,4506999043,1773430650000,2026-03-13T19:37:30+00:00,50,1,1,3,6,12,15,16,17,18,,,,,,,,,,,,
2279499,56526,Russia,4506998932,1773429750000,2026-03-13T19:22:30+00:00,60,,,,,,,,,,,,,,,,,,,,,
2279498,56526,Russia,4506998821,1773428850000,2026-03-13T19:07:30+00:00,60,,,,,,,,,,,,,,,,,,,,,
2279497,56526,Russia,4506998683,1773427950000,2026-03-13T18:52:30+00:00,60,,,,,,,,,,,,,,,,,,,,,
2281181,56526,Russia,4506998572,1773427050000,2026-03-13T18:37:30+00:00,50,1,1,2,8,10,11,12,15,20,,,,,,,,,,,,
2281157,56526,Russia,4506998455,1773426150000,2026-03-13T18:22:30+00:00,50,3,5,7,8,11,13,15,16,20,,,,,,,,,,,,
2281116,56526,Russia,4506998341,1773425250000,2026-03-13T18:07:30+00:00,50,2,4,8,9,10,12,14,19,20,,,,,,,,,,,,
2281088,56526,Russia,4506998224,1773424350000,2026-03-13T17:52:30+00:00,50,1,4,5,8,9,10,13,16,17,,,,,,,,,,,,
2281053,56526,Russia,4506998104,1773423450000,2026-03-13T17:37:30+00:00,50,2,1,3,5,7,8,13,16,20,,,,,,,,,,,,
2279496,56526,Russia,4506997993,1773422550000,2026-03-13T17:22:30+00:00,60,,,,,,,,,,,,,,,,,,,,,
2279495,56526,Russia,4506997882,1773421650000,2026-03-13T17:07:30+00:00,60,,,,,,,,,,,,,,,,,,,,,
2279494,56526,Russia,4506997750,1773420750000,2026-03-13T16:52:30+00:00,60,,,,,,,,,,,,,,,,,,,,,
2280924,56526,Russia,4506997630,1773419850000,2026-03-13T16:37:30+00:00,50,4,2,6,8,10,13,14,15,20,,,,,,,,,,,,
2280884,56526,Russia,4506997519,1773418950000,2026-03-13T16:22:30+00:00,50,2,1,5,8,9,10,12,15,17,,,,,,,,,,,,
2280859,56526,Russia,4506997408,1773418050000,2026-03-13T16:07:30+00:00,50,3,1,4,5,9,14,16,18,20,,,,,,,,,,,,
2280826,56526,Russia,4506997297,1773417150000,2026-03-13T15:52:30+00:00,50,4,1,3,7,10,12,16,18,20,,,,,,,,,,,,
2280796,56526,Russia,4506997174,1773416250000,2026-03-13T15:37:30+00:00,50,2,1,2,3,14,15,18,19,20,,,,,,,,,,,,
2279493,56526,Russia,4506997066,1773415350000,2026-03-13T15:22:30+00:00,60,,,,,,,,,,,,,,,,,,,,,
2279492,56526,Russia,4506996955,1773414450000,2026-03-13T15:07:30+00:00,60,,,,,,,,,,,,,,,,,,,,,
2279491,56526,Russia,4506996838,1773413550000,2026-03-13T14:52:30+00:00,60,,,,,,,,,,,,,,,,,,,,,
2280670,56526,Russia,4506996727,1773412650000,2026-03-13T14:37:30+00:00,50,3,1,5,7,8,12,16,18,20,,,,,,,,,,,,
2280645,56526,Russia,4506996616,1773411750000,2026-03-13T14:22:30+00:00,50,1,2,4,7,11,15,16,18,20,,,,,,,,,,,,
2280614,56526,Russia,4506996505,1773410850000,2026-03-13T14:07:30+00:00,50,4,2,4,5,6,12,13,15,20,,,,,,,,,,,,
2280582,56526,Russia,4506996388,1773409950000,2026-03-13T13:52:30+00:00,50,4,3,5,11,12,13,15,17,19,,,,,,,,,,,,
2280553,56526,Russia,4506996277,1773409050000,2026-03-13T13:37:30+00:00,50,1,6,7,9,10,12,13,14,17,,,,,,,,,,,,
2279489,56526,Russia,4506996172,1773408150000,2026-03-13T13:22:30+00:00,60,,,,,,,,,,,,,,,,,,,,,
2279488,56526,Russia,4506996055,1773407250000,2026-03-13T13:07:30+00:00,60,,,,,,,,,,,,,,,,,,,,,
2279487,56526,Russia,4506995935,1773406350000,2026-03-13T12:52:30+00:00,60,,,,,,,,,,,,,,,,,,,,,
2280427,56526,Russia,4506995821,1773405450000,2026-03-13T12:37:30+00:00,50,1,4,5,6,7,9,10,11,14,,,,,,,,,,,,
2280379,56526,Russia,4506995713,1773404550000,2026-03-13T12:22:30+00:00,50,1,2,6,7,8,9,10,18,20,,,,,,,,,,,,
2280363,56526,Russia,4506995602,1773403650000,2026-03-13T12:07:30+00:00,50,1,3,7,12,13,15,16,18,19,,,,,,,,,,,,
2280331,56526,Russia,4506995491,1773402750000,2026-03-13T11:52:30+00:00,50,1,1,3,5,8,10,11,14,15,,,,,,,,,,,,
2280293,56526,Russia,4506995374,1773401850000,2026-03-13T11:37:30+00:00,50,4,4,5,7,8,9,15,16,20,,,,,,,,,,,,
2280252,56526,Russia,4506995269,1773400950000,2026-03-13T11:22:30+00:00,50,3,4,6,7,8,9,11,16,17,,,,,,,,,,,,
2280233,56526,Russia,4506995158,1773400050000,2026-03-13T11:07:30+00:00,50,2,4,8,10,13,15,16,18,20,,,,,,,,,,,,
2279486,56526,Russia,4506995047,1773399150000,2026-03-13T10:52:30+00:00,60,,,,,,,,,,,,,,,,,,,,,
2280160,56526,Russia,4506994930,1773398250000,2026-03-13T10:37:30+00:00,50,2,1,2,3,11,13,16,18,19,,,,,,,,,,,,
2279484,56526,Russia,4506994822,1773397350000,2026-03-13T10:22:30+00:00,60,,,,,,,,,,,,,,,,,,,,,
2279483,56526,Russia,4506994711,1773396450000,2026-03-13T10:07:30+00:00,60,,,,,,,,,,,,,,,,,,,,,
2279481,56526,Russia,4506994597,1773395550000,2026-03-13T09:52:30+00:00,60,,,,,,,,,,,,,,,,,,,,,
2280044,56526,Russia,4506994483,1773394650000,2026-03-13T09:37:30+00:00,50,3,1,7,9,11,13,17,18,19,,,,,,,,,,,,
2279480,56526,Russia,4506994375,1773393750000,2026-03-13T09:22:30+00:00,60,,,,,,,,,,,,,,,,,,,,,
2279479,56526,Russia,4506994264,1773392850000,2026-03-13T09:07:30+00:00,60,,,,,,,,,,,,,,,,,,,,,
2279478,56526,Russia,4506994156,1773391950000,2026-03-13T08:52:30+00:00,60,,,,,,,,,,,,,,,,,,,,,
2279927,56526,Russia,4506994054,1773391050000,2026-03-13T08:37:30+00:00,50,3,1,2,6,8,11,15,17,19,,,,,,,,,,,,
2279913,56526,Russia,4506993955,1773390150000,2026-03-13T08:22:30+00:00,50,2,2,5,6,9,14,17,19,20,,,,,,,,,,,,
2279872,56526,Russia,4506993853,1773389250000,2026-03-13T08:07:30+00:00,50,3,2,4,5,6,8,9,16,20,,,,,,,,,,,,
2279857,56526,Russia,4506993751,1773388350000,2026-03-13T07:52:30+00:00,50,4,6,7,8,10,12,13,19,20,,,,,,,,,,,,
2279833,56526,Russia,4506993649,1773387450000,2026-03-13T07:37:30+00:00,50,3,7,9,10,12,13,16,18,19,,,,,,,,,,,,
2279477,56526,Russia,4506993553,1773386550000,2026-03-13T07:22:30+00:00,60,,,,,,,,,,,,,,,,,,,,,
2279476,56526,Russia,4506993451,1773385650000,2026-03-13T07:07:30+00:00,60,,,,,,,,,,,,,,,,,,,,,
2279475,56526,Russia,4506993346,1773384750000,2026-03-13T06:52:30+00:00,60,,,,,,,,,,,,,,,,,,,,,
2279719,56526,Russia,4506993244,1773383850000,2026-03-13T06:37:30+00:00,50,1,1,3,7,9,11,15,17,19,,,,,,,,,,,,
2279706,56526,Russia,4506993148,1773382950000,2026-03-13T06:22:30+00:00,50,2,1,2,4,5,7,9,17,18,,,,,,,,,,,,
2279664,56526,Russia,4506993046,1773382050000,2026-03-13T06:07:30+00:00,50,4,1,2,3,5,6,9,14,16,,,,,,,,,,,,
2279639,56526,Russia,4506992956,1773381150000,2026-03-13T05:52:30+00:00,50,2,1,3,9,11,14,15,16,20,,,,,,,,,,,,
2279617,56526,Russia,4506992866,1773380250000,2026-03-13T05:37:30+00:00,50,4,1,5,8,10,11,12,13,19,,,,,,,,,,,,
2279590,56526,Russia,4506992788,1773379350000,2026-03-13T05:22:30+00:00,50,1,2,4,6,8,10,11,14,16,,,,,,,,,,,,
2279578,56526,Russia,4506992710,1773378450000,2026-03-13T05:07:30+00:00,50,2,3,9,10,11,13,15,16,20,,,,,,,,,,,,
2279559,56526,Russia,4506992638,1773377550000,2026-03-13T04:52:30+00:00,50,2,1,2,3,4,6,8,12,17,,,,,,,,,,,,
2279529,56526,Russia,4506992560,1773376650000,2026-03-13T04:37:30+00:00,50,4,3,4,5,7,8,10,11,19,,,,,,,,,,,,
2279523,56526,Russia,4506992482,1773375750000,2026-03-13T04:22:30+00:00,50,3,4,5,6,8,9,12,16,17,,,,,,,,,,,,
2279507,56526,Russia,4506992404,1773374850000,2026-03-13T04:07:30+00:00,50,3,3,6,7,9,11,13,14,20,,,,,,,,,,,,
2279458,56526,Russia,4506992332,1773373950000,2026-03-13T03:52:30+00:00,50,3,3,4,6,8,11,12,16,19,,,,,,,,,,,,
2279436,56526,Russia,4506992254,1773373050000,2026-03-13T03:37:30+00:00,50,4,4,8,9,10,11,13,18,19,,,,,,,,,,,,
2279408,56526,Russia,4506992179,1773372150000,2026-03-13T03:22:30+00:00,50,1,4,5,7,10,11,13,16,19,,,,,,,,,,,,
2279386,56526,Russia,4506992101,1773371250000,2026-03-13T03:07:30+00:00,50,1,6,8,11,13,14,16,17,20,,,,,,,,,,,,
2279361,56526,Russia,4506992029,1773370350000,2026-03-13T02:52:30+00:00,50,1,2,6,7,10,11,14,19,20,,,,,,,,,,,,
2279338,56526,Russia,4506991951,1773369450000,2026-03-13T02:37:30+00:00,50,2,4,7,9,11,13,16,18,20,,,,,,,,,,,,
2279314,56526,Russia,4506991873,1773368550000,2026-03-13T02:22:30+00:00,50,3,2,3,4,5,9,12,13,18,,,,,,,,,,,,
2279295,56526,Russia,4506991795,1773367650000,2026-03-13T02:07:30+00:00,50,3,3,5,7,8,11,14,18,20,,,,,,,,,,,,
2279277,56526,Russia,4506991723,1773366750000,2026-03-13T01:52:30+00:00,50,2,2,3,5,8,13,16,18,19,,,,,,,,,,,,
2279252,56526,Russia,4506991645,1773365850000,2026-03-13T01:37:30+00:00,50,3,1,4,5,8,9,13,14,16,,,,,,,,,,,,
2279236,56526,Russia,4506991570,1773364950000,2026-03-13T01:22:30+00:00,50,1,2,6,8,12,14,15,19,20,,,,,,,,,,,,
2279211,56526,Russia,4506991492,1773364050000,2026-03-13T01:07:30+00:00,50,1,2,3,4,6,8,9,10,18,,,,,,,,,,,,
2279191,56526,Russia,4506991420,1773363150000,2026-03-13T00:52:30+00:00,50,1,3,6,8,11,13,18,19,20,,,,,,,,,,,,
2279172,56526,Russia,4506991342,1773362250000,2026-03-13T00:37:30+00:00,50,3,1,2,3,5,7,15,17,20,,,,,,,,,,,,
2279139,56526,Russia,4506991267,1773361350000,2026-03-13T00:22:30+00:00,50,3,2,6,9,11,13,17,18,19,,,,,,,,,,,,
2279128,56526,Russia,4506991189,1773360450000,2026-03-13T00:07:30+00:00,50,1,2,4,5,6,10,11,14,19,,,,,,,,,,,,
2279108,56526,Russia,4504991335,1773359550000,2026-03-12T23:52:30+00:00,50,4,1,2,4,10,11,13,16,19,,,,,,,,,,,,
2279084,56526,Russia,4504991257,1773358650000,2026-03-12T23:37:30+00:00,50,4,1,2,3,5,7,9,18,20,,,,,,,,,,,,
2279054,56526,Russia,4504991182,1773357750000,2026-03-12T23:22:30+00:00,50,3,3,5,6,9,10,11,13,14,,,,,,,,,,,,
2279029,56526,Russia,4504991113,1773356850000,2026-03-12T23:07:30+00:00,50,4,1,3,8,9,10,16,17,18,,,,,,,,,,,,
2279012,56526,Russia,4504991071,1773355950000,2026-03-12T22:52:30+00:00,50,2,2,3,6,8,16,17,18,19,,,,,,,,,,,,
2278983,56526,Russia,4504991047,1773355050000,2026-03-12T22:37:30+00:00,50,1,1,3,7,10,11,15,17,18,,,,,,,,,,,,
2278952,56526,Russia,4504991023,1773354150000,2026-03-12T22:22:30+00:00,50,4,2,4,5,8,9,10,16,17,,,,,,,,,,,,
2278918,56526,Russia,4504990999,1773353250000,2026-03-12T22:07:30+00:00,50,4,1,7,14,15,16,17,18,19,,,,,,,,,,,,
2278887,56526,Russia,4504990978,1773352350000,2026-03-12T21:52:30+00:00,50,3,1,3,4,8,9,14,15,19,,,,,,,,,,,,
2278859,56526,Russia,4504990963,1773351450000,2026-03-12T21:37:30+00:00,50,1,2,7,11,12,13,16,17,20,,,,,,,,,,,,
2278829,56526,Russia,4504990948,1773350550000,2026-03-12T21:22:30+00:00,50,1,1,2,10,11,12,14,16,18,,,,,,,,,,,,
2278791,56526,Russia,4504990936,1773349650000,2026-03-12T21:07:30+00:00,50,3,1,2,3,4,14,15,16,17,,,,,,,,,,,,
2278767,56526,Russia,4504989586,1773348750000,2026-03-12T20:52:30+00:00,50,1,3,5,6,7,10,11,15,20,,,,,,,,,,,,
2278731,56526,Russia,4504989466,1773347850000,2026-03-12T20:37:30+00:00,50,3,3,7,8,10,11,13,16,17,,,,,,,,,,,,
2278664,56526,Russia,4504989367,1773346950000,2026-03-12T20:22:30+00:00,60,,,,,,,,,,,,,,,,,,,,,
2278665,56526,Russia,4504989259,1773346050000,2026-03-12T20:07:30+00:00,50,4,3,4,8,11,13,15,17,18,,,,,,,,,,,,
2278618,56526,Russia,4504989151,1773345150000,2026-03-12T19:52:30+00:00,50,3,2,3,4,10,11,13,15,19,,,,,,,,,,,,
2278598,56526,Russia,4504989034,1773344250000,2026-03-12T19:37:30+00:00,50,1,5,7,8,9,11,13,16,19,,,,,,,,,,,,
2278468,56526,Russia,4504988923,1773343350000,2026-03-12T19:22:30+00:00,60,,,,,,,,,,,,,,,,,,,,,
2278467,56526,Russia,4504988812,1773342450000,2026-03-12T19:07:30+00:00,60,,,,,,,,,,,,,,,,,,,,,
2278466,56526,Russia,4504988683,1773341550000,2026-03-12T18:52:30+00:00,60,,,,,,,,,,,,,,,,,,,,,
2278464,56526,Russia,4504988572,1773340650000,2026-03-12T18:37:30+00:00,50,1,6,10,15,16,17,18,19,20,,,,,,,,,,,,
2278417,56526,Russia,4504988455,1773339750000,2026-03-12T18:22:30+00:00,50,4,1,5,7,8,14,17,18,20,,,,,,,,,,,,
2278404,56526,Russia,4504988341,1773338850000,2026-03-12T18:07:30+00:00,50,3,1,4,7,8,13,15,18,19,,,,,,,,,,,,
2278367,56526,Russia,4504988224,1773337950000,2026-03-12T17:52:30+00:00,50,2,4,5,9,10,11,12,14,17,,,,,,,,,,,,
2278338,56526,Russia,4504988104,1773337050000,2026-03-12T17:37:30+00:00,50,3,2,8,9,10,11,12,14,19,,,,,,,,,,,,
2278206,56526,Russia,4504987993,1773336150000,2026-03-12T17:22:30+00:00,60,,,,,,,,,,,,,,,,,,,,,
2278205,56526,Russia,4504987882,1773335250000,2026-03-12T17:07:30+00:00,60,,,,,,,,,,,,,,,,,,,,,
2278204,56526,Russia,4504987750,1773334350000,2026-03-12T16:52:30+00:00,60,,,,,,,,,,,,,,,,,,,,,
2278203,56526,Russia,4504987630,1773333450000,2026-03-12T16:37:30+00:00,50,3,3,7,10,11,13,15,16,20,,,,,,,,,,,,
2278161,56526,Russia,4504987516,1773332550000,2026-03-12T16:22:30+00:00,50,4,4,5,6,7,12,14,16,19,,,,,,,,,,,,
2278149,56526,Russia,4504987405,1773331650000,2026-03-12T16:07:30+00:00,50,1,3,4,6,7,8,9,14,17,,,,,,,,,,,,
2278104,56526,Russia,4504987294,1773330750000,2026-03-12T15:52:30+00:00,50,2,2,4,5,10,13,14,17,19,,,,,,,,,,,,
2278081,56526,Russia,4504987177,1773329850000,2026-03-12T15:37:30+00:00,50,1,3,7,11,12,13,18,19,20,,,,,,,,,,,,
2277959,56526,Russia,4504987069,1773328950000,2026-03-12T15:22:30+00:00,60,,,,,,,,,,,,,,,,,,,,,
2277958,56526,Russia,4504986958,1773328050000,2026-03-12T15:07:30+00:00,60,,,,,,,,,,,,,,,,,,,,,
2277957,56526,Russia,4504986841,1773327150000,2026-03-12T14:52:30+00:00,60,,,,,,,,,,,,,,,,,,,,,
2277966,56526,Russia,4504986730,1773326250000,2026-03-12T14:37:30+00:00,50,4,1,6,7,9,10,13,19,20,,,,,,,,,,,,
2277919,56526,Russia,4504986622,1773325350000,2026-03-12T14:22:30+00:00,50,4,6,7,8,9,11,12,13,18,,,,,,,,,,,,
2277888,56526,Russia,4504986511,1773324450000,2026-03-12T14:07:30+00:00,50,4,2,3,6,10,11,12,14,19,,,,,,,,,,,,
2277862,56526,Russia,4504986394,1773323550000,2026-03-12T13:52:30+00:00,50,3,3,8,9,10,13,15,17,18,,,,,,,,,,,,
2277830,56526,Russia,4504986283,1773322650000,2026-03-12T13:37:30+00:00,50,2,1,2,3,12,15,16,17,18,,,,,,,,,,,,
2277693,56526,Russia,4504986178,1773321750000,2026-03-12T13:22:30+00:00,60,,,,,,,,,,,,,,,,,,,,,
2277692,56526,Russia,4504986061,1773320850000,2026-03-12T13:07:30+00:00,60,,,,,,,,,,,,,,,,,,,,,
2276124,56526,Russia,4504985941,1773319950000,2026-03-12T12:52:30+00:00,60,,,,,,,,,,,,,,,,,,,,,
2277704,56526,Russia,4504985827,1773319050000,2026-03-12T12:37:30+00:00,50,2,1,3,11,12,14,15,16,17,,,,,,,,,,,,
2277673,56526,Russia,4504985719,1773318150000,2026-03-12T12:22:30+00:00,50,3,2,4,5,6,7,18,19,20,,,,,,,,,,,,
2277642,56526,Russia,4504985608,1773317250000,2026-03-12T12:07:30+00:00,50,1,4,5,6,8,12,14,18,19,,,,,,,,,,,,
2277613,56526,Russia,4504985497,1773316350000,2026-03-12T11:52:30+00:00,50,2,7,8,9,10,12,14,15,18,,,,,,,,,,,,
2277582,56526,Russia,4504985380,1773315450000,2026-03-12T11:37:30+00:00,50,1,2,3,4,5,11,15,16,18,,,,,,,,,,,,
2277543,56526,Russia,4504985275,1773314550000,2026-03-12T11:22:30+00:00,50,2,5,6,9,12,16,18,19,20,,,,,,,,,,,,
2277506,56526,Russia,4504985164,1773313650000,2026-03-12T11:07:30+00:00,50,3,6,7,8,14,16,17,18,20,,,,,,,,,,,,
2276123,56526,Russia,4504985053,1773312750000,2026-03-12T10:52:30+00:00,60,,,,,,,,,,,,,,,,,,,,,
2277452,56526,Russia,4504984936,1773311850000,2026-03-12T10:37:30+00:00,50,1,2,5,8,9,14,15,16,17,,,,,,,,,,,,
2276122,56526,Russia,4504984825,1773310950000,2026-03-12T10:22:30+00:00,60,,,,,,,,,,,,,,,,,,,,,
2276115,56526,Russia,4504984714,1773310050000,2026-03-12T10:07:30+00:00,60,,,,,,,,,,,,,,,,,,,,,
2276114,56526,Russia,4504984600,1773309150000,2026-03-12T09:52:30+00:00,60,,,,,,,,,,,,,,,,,,,,,
2277322,56526,Russia,4504984486,1773308250000,2026-03-12T09:37:30+00:00,50,2,2,3,5,7,11,12,13,15,,,,,,,,,,,,
2277212,56526,Russia,4504984375,1773307350000,2026-03-12T09:22:30+00:00,60,,,,,,,,,,,,,,,,,,,,,
2277211,56526,Russia,4504984264,1773306450000,2026-03-12T09:07:30+00:00,60,,,,,,,,,,,,,,,,,,,,,
2277210,56526,Russia,4504984156,1773305550000,2026-03-12T08:52:30+00:00,60,,,,,,,,,,,,,,,,,,,,,
2277218,56526,Russia,4504984054,1773304650000,2026-03-12T08:37:30+00:00,50,2,1,2,4,10,11,13,15,18,,,,,,,,,,,,
2277186,56526,Russia,4504983958,1773303750000,2026-03-12T08:22:30+00:00,50,2,2,3,5,6,9,10,17,20,,,,,,,,,,,,
2277159,56526,Russia,4504983856,1773302850000,2026-03-12T08:07:30+00:00,50,4,1,6,7,8,10,13,15,19,,,,,,,,,,,,
2277113,56526,Russia,4504983754,1773301950000,2026-03-12T07:52:30+00:00,50,3,4,6,8,9,15,17,18,20,,,,,,,,,,,,
2277102,56526,Russia,4504983652,1773301050000,2026-03-12T07:37:30+00:00,50,3,2,5,7,12,14,16,17,18,,,,,,,,,,,,
2276990,56526,Russia,4504983556,1773300150000,2026-03-12T07:22:30+00:00,60,,,,,,,,,,,,,,,,,,,,,
2276989,56526,Russia,4504983454,1773299250000,2026-03-12T07:07:30+00:00,60,,,,,,,,,,,,,,,,,,,,,
2276988,56526,Russia,4504983349,1773298350000,2026-03-12T06:52:30+00:00,60,,,,,,,,,,,,,,,,,,,,,
2276997,56526,Russia,4504983247,1773297450000,2026-03-12T06:37:30+00:00,50,4,1,5,6,7,9,10,17,19,,,,,,,,,,,,
2276966,56526,Russia,4504983151,1773296550000,2026-03-12T06:22:30+00:00,50,2,1,2,7,8,10,13,19,20,,,,,,,,,,,,
2276939,56526,Russia,4504983049,1773295650000,2026-03-12T06:07:30+00:00,50,3,2,5,6,9,12,14,15,20,,,,,,,,,,,,
2276899,56526,Russia,4504982959,1773294750000,2026-03-12T05:52:30+00:00,50,1,1,4,5,9,11,17,19,20,,,,,,,,,,,,
2276885,56526,Russia,4504982869,1773293850000,2026-03-12T05:37:30+00:00,50,3,2,3,5,6,11,15,18,20,,,,,,,,,,,,
2276843,56526,Russia,4504982791,1773292950000,2026-03-12T05:22:30+00:00,50,2,3,5,7,8,12,15,16,18,,,,,,,,,,,,
2276828,56526,Russia,4504982713,1773292050000,2026-03-12T05:07:30+00:00,50,1,1,3,7,9,13,16,17,19,,,,,,,,,,,,
2276811,56526,Russia,4504982641,1773291150000,2026-03-12T04:52:30+00:00,50,4,4,6,7,8,10,13,14,17,,,,,,,,,,,,
2276800,56526,Russia,4504982563,1773290250000,2026-03-12T04:37:30+00:00,50,2,2,4,8,9,12,13,17,20,,,,,,,,,,,,
2276777,56526,Russia,4504982485,1773289350000,2026-03-12T04:22:30+00:00,50,3,1,4,5,7,13,14,16,20,,,,,,,,,,,,
2276743,56526,Russia,4504982407,1773288450000,2026-03-12T04:07:30+00:00,50,1,1,2,3,9,10,11,14,18,,,,,,,,,,,,
2276725,56526,Russia,4504982335,1773287550000,2026-03-12T03:52:30+00:00,50,4,1,3,5,7,8,9,13,16,,,,,,,,,,,,
2276711,56526,Russia,4504982257,1773286650000,2026-03-12T03:37:30+00:00,50,1,6,8,11,12,15,17,19,20,,,,,,,,,,,,
2276672,56526,Russia,4504982182,1773285750000,2026-03-12T03:22:30+00:00,50,1,3,4,6,13,14,17,19,20,,,,,,,,,,,,
2276653,56526,Russia,4504982104,1773284850000,2026-03-12T03:07:30+00:00,50,3,2,4,5,10,13,18,19,20,,,,,,,,,,,,
2276637,56526,Russia,4504982032,1773283950000,2026-03-12T02:52:30+00:00,50,3,3,6,11,12,14,15,16,17,,,,,,,,,,,,
2276620,56526,Russia,4504981954,1773283050000,2026-03-12T02:37:30+00:00,50,1,3,4,5,6,9,10,13,18,,,,,,,,,,,,
2276594,56526,Russia,4504981876,1773282150000,2026-03-12T02:22:30+00:00,50,2,1,8,11,13,14,15,16,17,,,,,,,,,,,,
2276580,56526,Russia,4504981798,1773281250000,2026-03-12T02:07:30+00:00,50,4,1,2,3,5,9,15,16,18,,,,,,,,,,,,
2276550,56526,Russia,4504981726,1773280350000,2026-03-12T01:52:30+00:00,50,4,1,4,10,11,14,15,16,17,,,,,,,,,,,,
2276533,56526,Russia,4504981648,1773279450000,2026-03-12T01:37:30+00:00,50,1,3,6,7,8,11,12,16,19,,,,,,,,,,,,
2276513,56526,Russia,4504981573,1773278550000,2026-03-12T01:22:30+00:00,50,1,3,5,7,9,11,14,19,20,,,,,,,,,,,,
2276478,56526,Russia,4504981495,1773277650000,2026-03-12T01:07:30+00:00,50,2,3,4,6,8,9,10,12,13,,,,,,,,,,,,
2276466,56526,Russia,4504981423,1773276750000,2026-03-12T00:52:30+00:00,50,3,1,8,9,11,12,16,17,20,,,,,,,,,,,,
2276445,56526,Russia,4504981345,1773275850000,2026-03-12T00:37:30+00:00,50,2,2,3,4,6,8,10,16,20,,,,,,,,,,,,
2276417,56526,Russia,4504981270,1773274950000,2026-03-12T00:22:30+00:00,50,1,1,3,5,6,10,12,13,15,,,,,,,,,,,,
2276405,56526,Russia,4504981192,1773274050000,2026-03-12T00:07:30+00:00,50,2,3,4,7,8,9,12,13,15,,,,,,,,,,,,
2276387,56526,Russia,4503163966,1773273150000,2026-03-11T23:52:30+00:00,50,4,2,4,5,7,9,10,16,18,,,,,,,,,,,,
2276346,56526,Russia,4503163888,1773272250000,2026-03-11T23:37:30+00:00,50,3,3,4,6,7,9,15,17,19,,,,,,,,,,,,
2276321,56526,Russia,4503163813,1773271350000,2026-03-11T23:22:30+00:00,50,2,2,4,6,9,11,12,13,17,,,,,,,,,,,,
2276308,56526,Russia,4503163744,1773270450000,2026-03-11T23:07:30+00:00,50,3,6,9,10,13,14,15,16,20,,,,,,,,,,,,
2276276,56526,Russia,4503163702,1773269550000,2026-03-11T22:52:30+00:00,50,1,1,7,9,10,14,15,16,19,,,,,,,,,,,,
2276254,56526,Russia,4503163678,1773268650000,2026-03-11T22:37:30+00:00,50,2,2,3,4,11,12,15,16,20,,,,,,,,,,,,
2276223,56526,Russia,4503163654,1773267750000,2026-03-11T22:22:30+00:00,50,4,1,3,4,5,10,16,17,18,,,,,,,,,,,,
2276182,56526,Russia,4503163630,1773266850000,2026-03-11T22:07:30+00:00,50,2,1,6,7,9,10,12,15,16,,,,,,,,,,,,
2276161,56526,Russia,4503163609,1773265950000,2026-03-11T21:52:30+00:00,50,1,4,8,10,13,14,15,17,18,,,,,,,,,,,,
2276135,56526,Russia,4503163594,1773265050000,2026-03-11T21:37:30+00:00,50,3,3,10,12,15,16,17,19,20,,,,,,,,,,,,
2276100,56526,Russia,4503163579,1773264150000,2026-03-11T21:22:30+00:00,50,1,4,6,7,8,14,15,18,20,,,,,,,,,,,,
2276066,56526,Russia,4503163567,1773263250000,2026-03-11T21:07:30+00:00,50,2,6,7,9,10,13,16,19,20,,,,,,,,,,,,
2276033,56526,Russia,4503162211,1773262350000,2026-03-11T20:52:30+00:00,50,1,4,5,6,9,11,14,15,16,,,,,,,,,,,,
2276004,56526,Russia,4503162100,1773261450000,2026-03-11T20:37:30+00:00,50,1,1,3,4,7,9,16,18,20,,,,,,,,,,,,
2273709,56526,Russia,4503162001,1773260550000,2026-03-11T20:22:30+00:00,60,,,,,,,,,,,,,,,,,,,,,
2275939,56526,Russia,4503161890,1773259650000,2026-03-11T20:07:30+00:00,50,1,2,4,5,6,8,12,17,19,,,,,,,,,,,,
2275895,56526,Russia,4503161779,1773258750000,2026-03-11T19:52:30+00:00,50,4,3,4,6,9,15,16,19,20,,,,,,,,,,,,
2275853,56526,Russia,4503161656,1773257850000,2026-03-11T19:37:30+00:00,50,2,3,4,5,6,11,13,18,19,,,,,,,,,,,,
2273706,56526,Russia,4503161545,1773256950000,2026-03-11T19:22:30+00:00,60,,,,,,,,,,,,,,,,,,,,,
2273705,56526,Russia,4503161428,1773256050000,2026-03-11T19:07:30+00:00,60,,,,,,,,,,,,,,,,,,,,,
2273704,56526,Russia,4503161296,1773255150000,2026-03-11T18:52:30+00:00,60,,,,,,,,,,,,,,,,,,,,,
2275738,56526,Russia,4503161185,1773254250000,2026-03-11T18:37:30+00:00,50,2,2,5,6,8,10,12,15,17,,,,,,,,,,,,
2275697,56526,Russia,4503161068,1773253350000,2026-03-11T18:22:30+00:00,50,3,3,5,10,15,16,17,19,20,,,,,,,,,,,,
2275672,56526,Russia,4503160954,1773252450000,2026-03-11T18:07:30+00:00,50,2,3,4,8,9,15,16,18,19,,,,,,,,,,,,
2275635,56526,Russia,4503160831,1773251550000,2026-03-11T17:52:30+00:00,50,3,3,4,6,8,14,17,18,19,,,,,,,,,,,,
2275623,56526,Russia,4503160708,1773250650000,2026-03-11T17:37:30+00:00,50,2,4,6,7,8,9,14,16,20,,,,,,,,,,,,
2273703,56526,Russia,4503160594,1773249750000,2026-03-11T17:22:30+00:00,60,,,,,,,,,,,,,,,,,,,,,
2273702,56526,Russia,4503160483,1773248850000,2026-03-11T17:07:30+00:00,60,,,,,,,,,,,,,,,,,,,,,
2273701,56526,Russia,4503160351,1773247950000,2026-03-11T16:52:30+00:00,60,,,,,,,,,,,,,,,,,,,,,
2275481,56526,Russia,4503160234,1773247050000,2026-03-11T16:37:30+00:00,50,4,1,4,5,6,7,8,15,16,,,,,,,,,,,,
2275444,56526,Russia,4503160120,1773246150000,2026-03-11T16:22:30+00:00,50,3,3,6,7,9,11,13,16,18,,,,,,,,,,,,
2275415,56526,Russia,4503160003,1773245250000,2026-03-11T16:07:30+00:00,50,4,3,5,6,7,8,9,10,13,,,,,,,,,,,,
2275384,56526,Russia,4503159892,1773244350000,2026-03-11T15:52:30+00:00,50,1,3,4,6,7,12,13,14,18,,,,,,,,,,,,
2275360,56526,Russia,4503159775,1773243450000,2026-03-11T15:37:30+00:00,50,3,1,5,6,8,12,15,19,20,,,,,,,,,,,,
2273700,56526,Russia,4503159667,1773242550000,2026-03-11T15:22:30+00:00,60,,,,,,,,,,,,,,,,,,,,,
2273699,56526,Russia,4503159556,1773241650000,2026-03-11T15:07:30+00:00,60,,,,,,,,,,,,,,,,,,,,,
2273698,56526,Russia,4503159436,1773240750000,2026-03-11T14:52:30+00:00,60,,,,,,,,,,,,,,,,,,,,,
2275228,56526,Russia,4503159325,1773239850000,2026-03-11T14:37:30+00:00,50,1,3,6,9,11,12,13,18,19,,,,,,,,,,,,
2275201,56526,Russia,4503159217,1773238950000,2026-03-11T14:22:30+00:00,50,4,2,4,9,10,11,12,14,20,,,,,,,,,,,,
2275151,56526,Russia,4503159106,1773238050000,2026-03-11T14:07:30+00:00,50,2,1,2,11,13,16,17,18,19,,,,,,,,,,,,
2275138,56526,Russia,4503158989,1773237150000,2026-03-11T13:52:30+00:00,50,1,6,7,10,12,13,14,15,20,,,,,,,,,,,,
2275105,56526,Russia,4503158878,1773236250000,2026-03-11T13:37:30+00:00,50,2,5,6,10,13,15,17,19,20,,,,,,,,,,,,
2273697,56526,Russia,4503158773,1773235350000,2026-03-11T13:22:30+00:00,60,,,,,,,,,,,,,,,,,,,,,
2273696,56526,Russia,4503158656,1773234450000,2026-03-11T13:07:30+00:00,60,,,,,,,,,,,,,,,,,,,,,
2273695,56526,Russia,4503158536,1773233550000,2026-03-11T12:52:30+00:00,60,,,,,,,,,,,,,,,,,,,,,
2274979,56526,Russia,4503158422,1773232650000,2026-03-11T12:37:30+00:00,50,1,2,4,7,8,12,13,15,18,,,,,,,,,,,,
2274945,56526,Russia,4503158314,1773231750000,2026-03-11T12:22:30+00:00,50,4,3,4,6,7,10,13,18,20,,,,,,,,,,,,
2274913,56526,Russia,4503158203,1773230850000,2026-03-11T12:07:30+00:00,50,1,3,7,8,12,15,16,18,20,,,,,,,,,,,,
2274885,56526,Russia,4503158092,1773229950000,2026-03-11T11:52:30+00:00,50,3,1,2,4,5,8,11,14,18,,,,,,,,,,,,
2274844,56526,Russia,4503157975,1773229050000,2026-03-11T11:37:30+00:00,50,2,1,5,7,9,11,13,14,20,,,,,,,,,,,,
2274824,56526,Russia,4503157870,1773228150000,2026-03-11T11:22:30+00:00,50,3,1,3,6,7,11,13,17,18,,,,,,,,,,,,
2274787,56526,Russia,4503157759,1773227250000,2026-03-11T11:07:30+00:00,50,4,4,7,9,12,15,16,17,19,,,,,,,,,,,,
2273694,56526,Russia,4503157648,1773226350000,2026-03-11T10:52:30+00:00,60,,,,,,,,,,,,,,,,,,,,,
2274724,56526,Russia,4503157531,1773225450000,2026-03-11T10:37:30+00:00,50,1,2,5,9,12,13,14,15,20,,,,,,,,,,,,
2273693,56526,Russia,4503157423,1773224550000,2026-03-11T10:22:30+00:00,60,,,,,,,,,,,,,,,,,,,,,
2273692,56526,Russia,4503157312,1773223650000,2026-03-11T10:07:30+00:00,60,,,,,,,,,,,,,,,,,,,,,
2273691,56526,Russia,4503157198,1773222750000,2026-03-11T09:52:30+00:00,60,,,,,,,,,,,,,,,,,,,,,
2274613,56526,Russia,4503157087,1773221850000,2026-03-11T09:37:30+00:00,50,1,4,5,6,7,8,13,17,20,,,,,,,,,,,,
2273690,56526,Russia,4503156979,1773220950000,2026-03-11T09:22:30+00:00,60,,,,,,,,,,,,,,,,,,,,,
2273689,56526,Russia,4503156868,1773220050000,2026-03-11T09:07:30+00:00,60,,,,,,,,,,,,,,,,,,,,,
2273688,56526,Russia,4503156760,1773219150000,2026-03-11T08:52:30+00:00,60,,,,,,,,,,,,,,,,,,,,,
2274495,56526,Russia,4503156658,1773218250000,2026-03-11T08:37:30+00:00,50,4,2,7,10,12,14,18,19,20,,,,,,,,,,,,
2274467,56526,Russia,4503156559,1773217350000,2026-03-11T08:22:30+00:00,50,3,1,8,10,12,15,17,19,20,,,,,,,,,,,,
2274430,56526,Russia,4503156457,1773216450000,2026-03-11T08:07:30+00:00,50,2,1,2,10,13,15,17,19,20,,,,,,,,,,,,
2274390,56526,Russia,4503156355,1773215550000,2026-03-11T07:52:30+00:00,50,3,1,9,10,12,13,18,19,20,,,,,,,,,,,,
2274369,56526,Russia,4503156253,1773214650000,2026-03-11T07:37:30+00:00,50,2,3,4,5,8,12,16,17,20,,,,,,,,,,,,
2273687,56526,Russia,4503156157,1773213750000,2026-03-11T07:22:30+00:00,60,,,,,,,,,,,,,,,,,,,,,
2273686,56526,Russia,4503156055,1773212850000,2026-03-11T07:07:30+00:00,60,,,,,,,,,,,,,,,,,,,,,
2273680,56526,Russia,4503155950,1773211950000,2026-03-11T06:52:30+00:00,60,,,,,,,,,,,,,,,,,,,,,
2274266,56526,Russia,4503155848,1773211050000,2026-03-11T06:37:30+00:00,50,4,3,6,11,13,16,18,19,20,,,,,,,,,,,,
2274240,56526,Russia,4503155749,1773210150000,2026-03-11T06:22:30+00:00,50,3,2,3,4,9,13,14,19,20,,,,,,,,,,,,
2274217,56526,Russia,4503155647,1773209250000,2026-03-11T06:07:30+00:00,50,2,1,4,5,8,11,12,19,20,,,,,,,,,,,,
2274187,56526,Russia,4503155557,1773208350000,2026-03-11T05:52:30+00:00,50,4,1,11,13,15,17,18,19,20,,,,,,,,,,,,
2274164,56526,Russia,4503155467,1773207450000,2026-03-11T05:37:30+00:00,50,3,1,5,8,12,13,17,18,20,,,,,,,,,,,,
2274143,56526,Russia,4503155389,1773206550000,2026-03-11T05:22:30+00:00,50,4,2,4,5,15,16,17,19,20,,,,,,,,,,,,
2274126,56526,Russia,4503155311,1773205650000,2026-03-11T05:07:30+00:00,50,1,1,4,5,6,9,11,16,18,,,,,,,,,,,,
2274108,56526,Russia,4503155239,1773204750000,2026-03-11T04:52:30+00:00,50,3,1,2,3,5,8,9,16,20,,,,,,,,,,,,
2274086,56526,Russia,4503155161,1773203850000,2026-03-11T04:37:30+00:00,50,3,1,4,6,11,12,16,17,20,,,,,,,,,,,,
2274063,56526,Russia,4503155083,1773202950000,2026-03-11T04:22:30+00:00,50,1,4,7,8,9,10,15,16,17,,,,,,,,,,,,
2274045,56526,Russia,4503155005,1773202050000,2026-03-11T04:07:30+00:00,50,1,1,2,9,16,17,18,19,20,,,,,,,,,,,,
2274022,56526,Russia,4503154933,1773201150000,2026-03-11T03:52:30+00:00,50,4,1,5,9,12,14,17,18,19,,,,,,,,,,,,
2274002,56526,Russia,4503154855,1773200250000,2026-03-11T03:37:30+00:00,50,4,1,2,3,8,9,10,11,12,,,,,,,,,,,,
2273976,56526,Russia,4503154780,1773199350000,2026-03-11T03:22:30+00:00,50,2,1,3,4,5,9,12,16,20,,,,,,,,,,,,
2273950,56526,Russia,4503154702,1773198450000,2026-03-11T03:07:30+00:00,50,4,1,3,6,13,14,15,17,18,,,,,,,,,,,,
2273940,56526,Russia,4503154630,1773197550000,2026-03-11T02:52:30+00:00,50,4,1,2,3,5,7,8,12,15,,,,,,,,,,,,
2273905,56526,Russia,4503154552,1773196650000,2026-03-11T02:37:30+00:00,50,1,3,4,6,7,10,14,18,20,,,,,,,,,,,,
2273881,56526,Russia,4503154474,1773195750000,2026-03-11T02:22:30+00:00,50,4,1,4,6,10,12,13,19,20,,,,,,,,,,,,
2273858,56526,Russia,4503154396,1773194850000,2026-03-11T02:07:30+00:00,50,4,4,8,10,11,13,14,17,18,,,,,,,,,,,,
2273839,56526,Russia,4503154324,1773193950000,2026-03-11T01:52:30+00:00,50,4,1,5,6,8,9,10,15,17,,,,,,,,,,,,
2273819,56526,Russia,4503154246,1773193050000,2026-03-11T01:37:30+00:00,50,2,2,3,4,6,8,11,16,20,,,,,,,,,,,,
2273796,56526,Russia,4503154171,1773192150000,2026-03-11T01:22:30+00:00,50,1,1,9,10,13,15,18,19,20,,,,,,,,,,,,
2273765,56526,Russia,4503154093,1773191250000,2026-03-11T01:07:30+00:00,50,4,2,7,9,12,13,16,17,18,,,,,,,,,,,,
2273756,56526,Russia,4503154021,1773190350000,2026-03-11T00:52:30+00:00,50,3,2,5,10,11,13,16,17,20,,,,,,,,,,,,
2273730,56526,Russia,4503153943,1773189450000,2026-03-11T00:37:30+00:00,50,2,1,3,5,8,10,11,14,17,,,,,,,,,,,,
2273716,56526,Russia,4503153868,1773188550000,2026-03-11T00:22:30+00:00,50,3,2,8,14,15,16,17,18,19,,,,,,,,,,,,
2273672,56526,Russia,4503153790,1773187650000,2026-03-11T00:07:30+00:00,50,1,1,3,6,11,14,16,19,20,,,,,,,,,,,,
2273645,56526,Russia,4501425943,1773186750000,2026-03-10T23:52:30+00:00,50,3,3,5,6,11,14,16,18,19,,,,,,,,,,,,
2273619,56526,Russia,4501425865,1773185850000,2026-03-10T23:37:30+00:00,50,2,3,4,8,9,10,11,13,17,,,,,,,,,,,,
2273586,56526,Russia,4501425790,1773184950000,2026-03-10T23:22:30+00:00,50,2,1,3,4,5,7,8,9,19,,,,,,,,,,,,
2273572,56526,Russia,4501425721,1773184050000,2026-03-10T23:07:30+00:00,50,1,3,8,9,13,16,18,19,20,,,,,,,,,,,,
2273552,56526,Russia,4501425679,1773183150000,2026-03-10T22:52:30+00:00,50,4,1,5,11,12,14,16,18,19,,,,,,,,,,,,
2273512,56526,Russia,4501425655,1773182250000,2026-03-10T22:37:30+00:00,50,1,1,3,7,13,16,18,19,20,,,,,,,,,,,,
2273495,56526,Russia,4501425631,1773181350000,2026-03-10T22:22:30+00:00,50,1,2,3,5,6,8,11,19,20,,,,,,,,,,,,
2273463,56526,Russia,4501425607,1773180450000,2026-03-10T22:07:30+00:00,50,2,3,4,6,7,12,13,16,20,,,,,,,,,,,,
2273431,56526,Russia,4501425586,1773179550000,2026-03-10T21:52:30+00:00,50,4,1,4,5,6,8,9,11,19,,,,,,,,,,,,
2273400,56526,Russia,4501425571,1773178650000,2026-03-10T21:37:30+00:00,50,2,2,3,7,9,12,17,18,20,,,,,,,,,,,,
2273382,56526,Russia,4501425556,1773177750000,2026-03-10T21:22:30+00:00,50,3,2,4,6,7,10,12,15,16,,,,,,,,,,,,
2273339,56526,Russia,4501425544,1773176850000,2026-03-10T21:07:30+00:00,50,4,1,6,7,10,12,13,19,20,,,,,,,,,,,,
2273312,56526,Russia,4501424197,1773175950000,2026-03-10T20:52:30+00:00,50,4,1,2,3,6,7,13,14,19,,,,,,,,,,,,
2273271,56526,Russia,4501424080,1773175050000,2026-03-10T20:37:30+00:00,50,1,1,9,10,11,13,14,15,17,,,,,,,,,,,,
2270723,56526,Russia,4501423981,1773174150000,2026-03-10T20:22:30+00:00,60,,,,,,,,,,,,,,,,,,,,,
2273204,56526,Russia,4501423873,1773173250000,2026-03-10T20:07:30+00:00,50,4,2,6,7,9,11,16,18,20,,,,,,,,,,,,
2273175,56526,Russia,4501423762,1773172350000,2026-03-10T19:52:30+00:00,50,2,8,11,15,16,17,18,19,20,,,,,,,,,,,,
2273144,56526,Russia,4501423642,1773171450000,2026-03-10T19:37:30+00:00,50,4,4,6,8,9,11,15,18,19,,,,,,,,,,,,
2270722,56526,Russia,4501423528,1773170550000,2026-03-10T19:22:30+00:00,60,,,,,,,,,,,,,,,,,,,,,
2270721,56526,Russia,4501423417,1773169650000,2026-03-10T19:07:30+00:00,60,,,,,,,,,,,,,,,,,,,,,
2270720,56526,Russia,4501423279,1773168750000,2026-03-10T18:52:30+00:00,60,,,,,,,,,,,,,,,,,,,,,
2273014,56526,Russia,4501423168,1773167850000,2026-03-10T18:37:30+00:00,50,3,2,3,9,10,13,17,19,20,,,,,,,,,,,,
2272981,56526,Russia,4501423051,1773166950000,2026-03-10T18:22:30+00:00,50,2,1,3,4,6,11,12,19,20,,,,,,,,,,,,
2272947,56526,Russia,4501422937,1773166050000,2026-03-10T18:07:30+00:00,50,3,1,3,4,5,6,13,15,20,,,,,,,,,,,,
2272918,56526,Russia,4501422820,1773165150000,2026-03-10T17:52:30+00:00,50,1,2,8,12,13,15,16,17,18,,,,,,,,,,,,
2272886,56526,Russia,4501422700,1773164250000,2026-03-10T17:37:30+00:00,50,3,2,6,7,8,10,11,15,18,,,,,,,,,,,,
2270719,56526,Russia,4501422589,1773163350000,2026-03-10T17:22:30+00:00,60,,,,,,,,,,,,,,,,,,,,,
2270718,56526,Russia,4501422478,1773162450000,2026-03-10T17:07:30+00:00,60,,,,,,,,,,,,,,,,,,,,,
2270717,56526,Russia,4501422346,1773161550000,2026-03-10T16:52:30+00:00,60,,,,,,,,,,,,,,,,,,,,,
2272757,56526,Russia,4501422226,1773160650000,2026-03-10T16:37:30+00:00,50,3,1,2,7,8,15,17,18,20,,,,,,,,,,,,
2272727,56526,Russia,4501422115,1773159750000,2026-03-10T16:22:30+00:00,50,4,3,8,11,12,14,15,17,19,,,,,,,,,,,,
2272694,56526,Russia,4501422004,1773158850000,2026-03-10T16:07:30+00:00,50,2,4,5,7,12,15,17,18,19,,,,,,,,,,,,
2272655,56526,Russia,4501421893,1773157950000,2026-03-10T15:52:30+00:00,50,2,4,5,7,10,13,15,17,20,,,,,,,,,,,,
2272641,56526,Russia,4501421770,1773157050000,2026-03-10T15:37:30+00:00,50,3,2,3,4,9,14,15,18,20,,,,,,,,,,,,
2270716,56526,Russia,4501421662,1773156150000,2026-03-10T15:22:30+00:00,60,,,,,,,,,,,,,,,,,,,,,
2270715,56526,Russia,4501421551,1773155250000,2026-03-10T15:07:30+00:00,60,,,,,,,,,,,,,,,,,,,,,
2270714,56526,Russia,4501421434,1773154350000,2026-03-10T14:52:30+00:00,60,,,,,,,,,,,,,,,,,,,,,
2272510,56526,Russia,4501421323,1773153450000,2026-03-10T14:37:30+00:00,50,4,4,5,10,11,12,13,14,18,,,,,,,,,,,,
2272478,56526,Russia,4501421212,1773152550000,2026-03-10T14:22:30+00:00,50,1,1,4,8,9,11,13,18,19,,,,,,,,,,,,
2272449,56526,Russia,4501421101,1773151650000,2026-03-10T14:07:30+00:00,50,4,2,3,6,9,11,15,16,20,,,,,,,,,,,,
2272412,56526,Russia,4501420984,1773150750000,2026-03-10T13:52:30+00:00,50,3,4,6,7,10,12,13,14,18,,,,,,,,,,,,
2272385,56526,Russia,4501420873,1773149850000,2026-03-10T13:37:30+00:00,50,4,3,5,7,8,9,15,18,20,,,,,,,,,,,,
2270713,56526,Russia,4501420768,1773148950000,2026-03-10T13:22:30+00:00,60,,,,,,,,,,,,,,,,,,,,,
2270712,56526,Russia,4501420651,1773148050000,2026-03-10T13:07:30+00:00,60,,,,,,,,,,,,,,,,,,,,,
2270711,56526,Russia,4501420531,1773147150000,2026-03-10T12:52:30+00:00,60,,,,,,,,,,,,,,,,,,,,,
2272261,56526,Russia,4501420417,1773146250000,2026-03-10T12:37:30+00:00,50,2,5,8,10,14,15,17,19,20,,,,,,,,,,,,
2272226,56526,Russia,4501420309,1773145350000,2026-03-10T12:22:30+00:00,50,4,1,3,5,9,10,11,13,15,,,,,,,,,,,,
2272198,56526,Russia,4501420198,1773144450000,2026-03-10T12:07:30+00:00,50,3,1,6,7,9,10,12,15,16,,,,,,,,,,,,
2272171,56526,Russia,4501420087,1773143550000,2026-03-10T11:52:30+00:00,50,2,2,4,6,9,10,11,13,15,,,,,,,,,,,,
2272122,56526,Russia,4501419970,1773142650000,2026-03-10T11:37:30+00:00,50,4,2,7,8,12,15,16,17,19,,,,,,,,,,,,
2272099,56526,Russia,4501419865,1773141750000,2026-03-10T11:22:30+00:00,50,1,3,5,6,7,11,12,16,20,,,,,,,,,,,,
2272075,56526,Russia,4501419754,1773140850000,2026-03-10T11:07:30+00:00,50,4,3,7,8,12,13,15,18,20,,,,,,,,,,,,
2270710,56526,Russia,4501419643,1773139950000,2026-03-10T10:52:30+00:00,60,,,,,,,,,,,,,,,,,,,,,
2272014,56526,Russia,4501419526,1773139050000,2026-03-10T10:37:30+00:00,50,3,2,3,6,7,10,13,19,20,,,,,,,,,,,,
2270709,56526,Russia,4501419418,1773138150000,2026-03-10T10:22:30+00:00,60,,,,,,,,,,,,,,,,,,,,,
2270708,56526,Russia,4501419307,1773137250000,2026-03-10T10:07:30+00:00,60,,,,,,,,,,,,,,,,,,,,,
2270707,56526,Russia,4501419193,1773136350000,2026-03-10T09:52:30+00:00,60,,,,,,,,,,,,,,,,,,,,,
2271893,56526,Russia,4501419082,1773135450000,2026-03-10T09:37:30+00:00,50,1,4,5,7,9,10,17,18,19,,,,,,,,,,,,
2270706,56526,Russia,4501418974,1773134550000,2026-03-10T09:22:30+00:00,60,,,,,,,,,,,,,,,,,,,,,
2270705,56526,Russia,4501418863,1773133650000,2026-03-10T09:07:30+00:00,60,,,,,,,,,,,,,,,,,,,,,
2270704,56526,Russia,4501418755,1773132750000,2026-03-10T08:52:30+00:00,60,,,,,,,,,,,,,,,,,,,,,
2271776,56526,Russia,4501418653,1773131850000,2026-03-10T08:37:30+00:00,50,2,3,8,9,12,14,16,17,18,,,,,,,,,,,,
2271735,56526,Russia,4501418557,1773130950000,2026-03-10T08:22:30+00:00,50,4,1,3,5,10,13,14,17,20,,,,,,,,,,,,
2271717,56526,Russia,4501418455,1773130050000,2026-03-10T08:07:30+00:00,50,3,1,5,7,8,15,17,18,19,,,,,,,,,,,,
2271699,56526,Russia,4501418353,1773129150000,2026-03-10T07:52:30+00:00,50,3,3,4,6,7,12,13,16,19,,,,,,,,,,,,
2271668,56526,Russia,4501418251,1773128250000,2026-03-10T07:37:30+00:00,50,2,2,3,5,15,16,17,18,19,,,,,,,,,,,,
2270699,56526,Russia,4501418155,1773127350000,2026-03-10T07:22:30+00:00,60,,,,,,,,,,,,,,,,,,,,,
2270696,56526,Russia,4501418053,1773126450000,2026-03-10T07:07:30+00:00,60,,,,,,,,,,,,,,,,,,,,,
2270695,56526,Russia,4501417948,1773125550000,2026-03-10T06:52:30+00:00,60,,,,,,,,,,,,,,,,,,,,,
2271557,56526,Russia,4501417846,1773124650000,2026-03-10T06:37:30+00:00,50,2,4,5,8,9,12,13,15,17,,,,,,,,,,,,
2271529,56526,Russia,4501417750,1773123750000,2026-03-10T06:22:30+00:00,50,4,1,5,6,7,8,10,14,16,,,,,,,,,,,,
2271502,56526,Russia,4501417648,1773122850000,2026-03-10T06:07:30+00:00,50,1,2,3,4,5,7,9,10,17,,,,,,,,,,,,
2271480,56526,Russia,4501417558,1773121950000,2026-03-10T05:52:30+00:00,50,1,2,3,8,9,12,13,15,17,,,,,,,,,,,,
2271457,56526,Russia,4501417468,1773121050000,2026-03-10T05:37:30+00:00,50,3,5,7,8,9,10,12,16,18,,,,,,,,,,,,
2271434,56526,Russia,4501417390,1773120150000,2026-03-10T05:22:30+00:00,50,1,1,2,3,5,8,10,12,19,,,,,,,,,,,,
2271417,56526,Russia,4501417312,1773119250000,2026-03-10T05:07:30+00:00,50,1,2,6,7,9,10,13,18,19,,,,,,,,,,,,
2271402,56526,Russia,4501417240,1773118350000,2026-03-10T04:52:30+00:00,50,3,1,3,5,9,13,16,18,19,,,,,,,,,,,,
2271384,56526,Russia,4501417162,1773117450000,2026-03-10T04:37:30+00:00,50,1,2,6,7,8,12,14,15,18,,,,,,,,,,,,
2271361,56526,Russia,4501417084,1773116550000,2026-03-10T04:22:30+00:00,50,1,4,9,10,11,15,16,17,18,,,,,,,,,,,,
2271338,56526,Russia,4501417006,1773115650000,2026-03-10T04:07:30+00:00,50,2,2,5,7,10,12,13,17,18,,,,,,,,,,,,
2271318,56526,Russia,4501416934,1773114750000,2026-03-10T03:52:30+00:00,50,4,5,6,9,11,13,18,19,20,,,,,,,,,,,,
2271299,56526,Russia,4501416856,1773113850000,2026-03-10T03:37:30+00:00,50,1,3,4,9,11,15,16,19,20,,,,,,,,,,,,
2271266,56526,Russia,4501416781,1773112950000,2026-03-10T03:22:30+00:00,50,2,1,2,5,10,12,13,15,16,,,,,,,,,,,,
2271221,56526,Russia,4501416703,1773112050000,2026-03-10T03:07:30+00:00,50,1,3,5,11,12,15,17,19,20,,,,,,,,,,,,
2271268,56526,Russia,4501416631,1773111150000,2026-03-10T02:52:30+00:00,60,,,,,,,,,,,,,,,,,,,,,
2271229,56526,Russia,4501416553,1773110250000,2026-03-10T02:37:30+00:00,60,,,,,,,,,,,,,,,,,,,,,
2271245,56526,Russia,4501416475,1773109350000,2026-03-10T02:22:30+00:00,60,,,,,,,,,,,,,,,,,,,,,
2271244,56526,Russia,4501416397,1773108450000,2026-03-10T02:07:30+00:00,60,,,,,,,,,,,,,,,,,,,,,
2271243,56526,Russia,4501416325,1773107550000,2026-03-10T01:52:30+00:00,60,,,,,,,,,,,,,,,,,,,,,
2271242,56526,Russia,4501416247,1773106650000,2026-03-10T01:37:30+00:00,60,,,,,,,,,,,,,,,,,,,,,
2271241,56526,Russia,4501416172,1773105750000,2026-03-10T01:22:30+00:00,60,,,,,,,,,,,,,,,,,,,,,
2271240,56526,Russia,4501416094,1773104850000,2026-03-10T01:07:30+00:00,60,,,,,,,,,,,,,,,,,,,,,
2271239,56526,Russia,4501416022,1773103950000,2026-03-10T00:52:30+00:00,60,,,,,,,,,,,,,,,,,,,,,
2271238,56526,Russia,4501415944,1773103050000,2026-03-10T00:37:30+00:00,60,,,,,,,,,,,,,,,,,,,,,
2271237,56526,Russia,4501415869,1773102150000,2026-03-10T00:22:30+00:00,60,,,,,,,,,,,,,,,,,,,,,
2271236,56526,Russia,4501415791,1773101250000,2026-03-10T00:07:30+00:00,60,,,,,,,,,,,,,,,,,,,,,
2271235,56526,Russia,4499433052,1773100350000,2026-03-09T23:52:30+00:00,60,,,,,,,,,,,,,,,,,,,,,
2271234,56526,Russia,4499432974,1773099450000,2026-03-09T23:37:30+00:00,60,,,,,,,,,,,,,,,,,,,,,
2271233,56526,Russia,4499432899,1773098550000,2026-03-09T23:22:30+00:00,60,,,,,,,,,,,,,,,,,,,,,
2271232,56526,Russia,4499432830,1773097650000,2026-03-09T23:07:30+00:00,60,,,,,,,,,,,,,,,,,,,,,
2271231,56526,Russia,4499432788,1773096750000,2026-03-09T22:52:30+00:00,60,,,,,,,,,,,,,,,,,,,,,
2271230,56526,Russia,4499432764,1773095850000,2026-03-09T22:37:30+00:00,60,,,,,,,,,,,,,,,,,,,,,
2271226,56526,Russia,4499432740,1773094950000,2026-03-09T22:22:30+00:00,60,,,,,,,,,,,,,,,,,,,,,
2271225,56526,Russia,4499432716,1773094050000,2026-03-09T22:07:30+00:00,60,,,,,,,,,,,,,,,,,,,,,
2270727,56526,Russia,4499432695,1773093150000,2026-03-09T21:52:30+00:00,50,1,1,2,4,8,12,15,16,20,,,,,,,,,,,,
2270689,56526,Russia,4499432680,1773092250000,2026-03-09T21:37:30+00:00,50,1,1,2,4,12,14,15,16,19,,,,,,,,,,,,
2270666,56526,Russia,4499432665,1773091350000,2026-03-09T21:22:30+00:00,50,2,6,8,10,12,13,15,19,20,,,,,,,,,,,,
2270630,56526,Russia,4499432653,1773090450000,2026-03-09T21:07:30+00:00,50,3,2,3,5,10,13,17,18,19,,,,,,,,,,,,
2270592,56526,Russia,4499431294,1773089550000,2026-03-09T20:52:30+00:00,50,2,1,7,9,13,15,16,17,18,,,,,,,,,,,,
2270571,56526,Russia,4499431180,1773088650000,2026-03-09T20:37:30+00:00,50,3,1,3,4,11,14,15,19,20,,,,,,,,,,,,
2268236,56526,Russia,4499431081,1773087750000,2026-03-09T20:22:30+00:00,60,,,,,,,,,,,,,,,,,,,,,
2270493,56526,Russia,4499430973,1773086850000,2026-03-09T20:07:30+00:00,50,3,1,6,7,12,13,14,17,18,,,,,,,,,,,,
2270465,56526,Russia,4499430868,1773085950000,2026-03-09T19:52:30+00:00,50,1,1,3,8,9,12,14,16,20,,,,,,,,,,,,
2270430,56526,Russia,4499430751,1773085050000,2026-03-09T19:37:30+00:00,50,2,6,8,9,10,11,12,14,20,,,,,,,,,,,,
2268235,56526,Russia,4499430640,1773084150000,2026-03-09T19:22:30+00:00,60,,,,,,,,,,,,,,,,,,,,,
2268234,56526,Russia,4499430523,1773083250000,2026-03-09T19:07:30+00:00,60,,,,,,,,,,,,,,,,,,,,,
2268233,56526,Russia,4499430400,1773082350000,2026-03-09T18:52:30+00:00,60,,,,,,,,,,,,,,,,,,,,,
2270297,56526,Russia,4499430289,1773081450000,2026-03-09T18:37:30+00:00,50,4,1,2,6,7,9,12,14,16,,,,,,,,,,,,
2270268,56526,Russia,4499430172,1773080550000,2026-03-09T18:22:30+00:00,50,2,4,8,11,14,15,16,17,19,,,,,,,,,,,,
2270237,56526,Russia,4499430058,1773079650000,2026-03-09T18:07:30+00:00,50,2,2,8,9,10,15,16,17,19,,,,,,,,,,,,
2270197,56526,Russia,4499429941,1773078750000,2026-03-09T17:52:30+00:00,50,3,2,4,7,8,10,13,19,20,,,,,,,,,,,,
2270174,56526,Russia,4499429821,1773077850000,2026-03-09T17:37:30+00:00,50,2,2,3,6,7,8,10,15,19,,,,,,,,,,,,
2268232,56526,Russia,4499429710,1773076950000,2026-03-09T17:22:30+00:00,60,,,,,,,,,,,,,,,,,,,,,
2268231,56526,Russia,4499429599,1773076050000,2026-03-09T17:07:30+00:00,60,,,,,,,,,,,,,,,,,,,,,
2268230,56526,Russia,4499429467,1773075150000,2026-03-09T16:52:30+00:00,60,,,,,,,,,,,,,,,,,,,,,
2270039,56526,Russia,4499429347,1773074250000,2026-03-09T16:37:30+00:00,50,1,2,3,4,5,8,9,19,20,,,,,,,,,,,,
2270007,56526,Russia,4499429236,1773073350000,2026-03-09T16:22:30+00:00,50,4,1,2,4,10,13,15,16,19,,,,,,,,,,,,
2269976,56526,Russia,4499429125,1773072450000,2026-03-09T16:07:30+00:00,50,1,2,3,6,7,11,13,16,20,,,,,,,,,,,,
2269947,56526,Russia,4499429014,1773071550000,2026-03-09T15:52:30+00:00,50,1,2,3,7,9,11,16,19,20,,,,,,,,,,,,
2269911,56526,Russia,4499428897,1773070650000,2026-03-09T15:37:30+00:00,50,2,1,11,14,16,17,18,19,20,,,,,,,,,,,,
2268229,56526,Russia,4499428789,1773069750000,2026-03-09T15:22:30+00:00,60,,,,,,,,,,,,,,,,,,,,,
2268228,56526,Russia,4499428678,1773068850000,2026-03-09T15:07:30+00:00,60,,,,,,,,,,,,,,,,,,,,,
2268227,56526,Russia,4499428561,1773067950000,2026-03-09T14:52:30+00:00,60,,,,,,,,,,,,,,,,,,,,,
2269784,56526,Russia,4499428450,1773067050000,2026-03-09T14:37:30+00:00,50,1,1,7,9,11,12,13,15,19,,,,,,,,,,,,
2269768,56526,Russia,4499428342,1773066150000,2026-03-09T14:22:30+00:00,50,2,1,2,7,8,9,10,13,15,,,,,,,,,,,,
2269732,56526,Russia,4499428231,1773065250000,2026-03-09T14:07:30+00:00,50,4,2,3,4,5,7,16,17,18,,,,,,,,,,,,
2269699,56526,Russia,4499428111,1773064350000,2026-03-09T13:52:30+00:00,50,4,3,4,6,7,8,9,13,14,,,,,,,,,,,,
2269667,56526,Russia,4499428000,1773063450000,2026-03-09T13:37:30+00:00,50,1,2,3,4,6,7,12,13,16,,,,,,,,,,,,
2268226,56526,Russia,4499427895,1773062550000,2026-03-09T13:22:30+00:00,60,,,,,,,,,,,,,,,,,,,,,
2268225,56526,Russia,4499427778,1773061650000,2026-03-09T13:07:30+00:00,60,,,,,,,,,,,,,,,,,,,,,
2268224,56526,Russia,4499427658,1773060750000,2026-03-09T12:52:30+00:00,60,,,,,,,,,,,,,,,,,,,,,
2269539,56526,Russia,4499427544,1773059850000,2026-03-09T12:37:30+00:00,50,3,1,3,9,10,12,15,17,20,,,,,,,,,,,,
2269517,56526,Russia,4499427436,1773058950000,2026-03-09T12:22:30+00:00,50,2,1,2,7,10,12,13,17,19,,,,,,,,,,,,
2269486,56526,Russia,4499427325,1773058050000,2026-03-09T12:07:30+00:00,50,1,3,8,9,10,15,17,18,19,,,,,,,,,,,,
2269449,56526,Russia,4499427214,1773057150000,2026-03-09T11:52:30+00:00,50,1,2,4,5,6,7,8,10,19,,,,,,,,,,,,
2269416,56526,Russia,4499427097,1773056250000,2026-03-09T11:37:30+00:00,50,3,1,4,5,8,10,13,14,18,,,,,,,,,,,,
2269388,56526,Russia,4499426992,1773055350000,2026-03-09T11:22:30+00:00,50,4,2,3,10,13,15,17,18,20,,,,,,,,,,,,
2269362,56526,Russia,4499426881,1773054450000,2026-03-09T11:07:30+00:00,50,4,1,4,7,10,11,12,15,16,,,,,,,,,,,,
2268223,56526,Russia,4499426770,1773053550000,2026-03-09T10:52:30+00:00,60,,,,,,,,,,,,,,,,,,,,,
2269292,56526,Russia,4499426653,1773052650000,2026-03-09T10:37:30+00:00,50,3,1,2,7,10,16,17,18,20,,,,,,,,,,,,
2268222,56526,Russia,4499426542,1773051750000,2026-03-09T10:22:30+00:00,60,,,,,,,,,,,,,,,,,,,,,
2268221,56526,Russia,4499426431,1773050850000,2026-03-09T10:07:30+00:00,60,,,,,,,,,,,,,,,,,,,,,
2268220,56526,Russia,4499426317,1773049950000,2026-03-09T09:52:30+00:00,60,,,,,,,,,,,,,,,,,,,,,
2269169,56526,Russia,4499426203,1773049050000,2026-03-09T09:37:30+00:00,50,3,2,3,4,6,7,10,12,14,,,,,,,,,,,,
2268219,56526,Russia,4499426095,1773048150000,2026-03-09T09:22:30+00:00,60,,,,,,,,,,,,,,,,,,,,,
2268218,56526,Russia,4499425984,1773047250000,2026-03-09T09:07:30+00:00,60,,,,,,,,,,,,,,,,,,,,,
2268217,56526,Russia,4499425876,1773046350000,2026-03-09T08:52:30+00:00,60,,,,,,,,,,,,,,,,,,,,,
2269052,56526,Russia,4499425774,1773045450000,2026-03-09T08:37:30+00:00,50,4,1,3,4,6,11,14,15,18,,,,,,,,,,,,
2269031,56526,Russia,4499425675,1773044550000,2026-03-09T08:22:30+00:00,50,2,6,7,8,10,12,15,16,19,,,,,,,,,,,,
2269011,56526,Russia,4499425573,1773043650000,2026-03-09T08:07:30+00:00,50,3,1,2,11,12,13,15,16,18,,,,,,,,,,,,
2268974,56526,Russia,4499425471,1773042750000,2026-03-09T07:52:30+00:00,50,4,5,6,7,13,15,16,19,20,,,,,,,,,,,,
2268945,56526,Russia,4499425369,1773041850000,2026-03-09T07:37:30+00:00,50,3,1,2,3,7,10,11,14,18,,,,,,,,,,,,
2268216,56526,Russia,4499425273,1773040950000,2026-03-09T07:22:30+00:00,60,,,,,,,,,,,,,,,,,,,,,
2268215,56526,Russia,4499425171,1773040050000,2026-03-09T07:07:30+00:00,60,,,,,,,,,,,,,,,,,,,,,
2268212,56526,Russia,4499425066,1773039150000,2026-03-09T06:52:30+00:00,60,,,,,,,,,,,,,,,,,,,,,
2268835,56526,Russia,4499424964,1773038250000,2026-03-09T06:37:30+00:00,50,2,2,3,10,13,14,15,18,20,,,,,,,,,,,,
2268812,56526,Russia,4499424868,1773037350000,2026-03-09T06:22:30+00:00,50,1,3,4,6,10,11,14,16,19,,,,,,,,,,,,
2268780,56526,Russia,4499424766,1773036450000,2026-03-09T06:07:30+00:00,50,3,1,2,4,7,9,14,17,19,,,,,,,,,,,,
2268760,56526,Russia,4499424676,1773035550000,2026-03-09T05:52:30+00:00,50,1,4,5,6,11,12,13,18,19,,,,,,,,,,,,
2268736,56526,Russia,4499424586,1773034650000,2026-03-09T05:37:30+00:00,50,1,2,6,9,11,12,14,18,20,,,,,,,,,,,,
2268715,56526,Russia,4499424508,1773033750000,2026-03-09T05:22:30+00:00,50,4,3,4,5,11,12,13,17,19,,,,,,,,,,,,
2268697,56526,Russia,4499424430,1773032850000,2026-03-09T05:07:30+00:00,50,2,3,5,9,10,14,15,19,20,,,,,,,,,,,,
2268669,56526,Russia,4499424358,1773031950000,2026-03-09T04:52:30+00:00,50,3,4,6,8,9,13,16,17,18,,,,,,,,,,,,
2268660,56526,Russia,4499424280,1773031050000,2026-03-09T04:37:30+00:00,50,1,2,6,7,9,13,15,16,20,,,,,,,,,,,,
2268635,56526,Russia,4499424202,1773030150000,2026-03-09T04:22:30+00:00,50,3,2,3,4,7,10,12,14,18,,,,,,,,,,,,
2268618,56526,Russia,4499424124,1773029250000,2026-03-09T04:07:30+00:00,50,3,3,5,7,11,12,14,15,16,,,,,,,,,,,,
2268598,56526,Russia,4499424052,1773028350000,2026-03-09T03:52:30+00:00,50,1,1,5,8,10,11,15,16,17,,,,,,,,,,,,
2268574,56526,Russia,4499423974,1773027450000,2026-03-09T03:37:30+00:00,50,2,1,2,6,8,9,12,13,18,,,,,,,,,,,,
2268552,56526,Russia,4499423899,1773026550000,2026-03-09T03:22:30+00:00,50,4,4,5,6,9,12,14,18,20,,,,,,,,,,,,
2268530,56526,Russia,4499423821,1773025650000,2026-03-09T03:07:30+00:00,50,1,1,2,4,8,10,14,16,18,,,,,,,,,,,,
2268494,56526,Russia,4499423749,1773024750000,2026-03-09T02:52:30+00:00,50,4,4,8,10,11,14,15,16,18,,,,,,,,,,,,
2268486,56526,Russia,4499423671,1773023850000,2026-03-09T02:37:30+00:00,50,2,1,4,7,9,13,15,17,20,,,,,,,,,,,,
2268461,56526,Russia,4499423593,1773022950000,2026-03-09T02:22:30+00:00,50,3,4,5,6,8,14,15,17,20,,,,,,,,,,,,
2268427,56526,Russia,4499423515,1773022050000,2026-03-09T02:07:30+00:00,50,4,2,3,5,7,13,14,18,20,,,,,,,,,,,,
2268417,56526,Russia,4499423443,1773021150000,2026-03-09T01:52:30+00:00,50,4,1,5,6,7,8,9,10,12,,,,,,,,,,,,
2268393,56526,Russia,4499423365,1773020250000,2026-03-09T01:37:30+00:00,50,3,4,5,7,8,10,14,15,18,,,,,,,,,,,,
2268374,56526,Russia,4499423290,1773019350000,2026-03-09T01:22:30+00:00,50,3,2,3,4,8,9,16,18,20,,,,,,,,,,,,
2268348,56526,Russia,4499423212,1773018450000,2026-03-09T01:07:30+00:00,50,4,4,6,9,10,15,17,18,20,,,,,,,,,,,,
2268335,56526,Russia,4499423140,1773017550000,2026-03-09T00:52:30+00:00,50,3,2,3,5,8,12,14,15,16,,,,,,,,,,,,
2268308,56526,Russia,4499423062,1773016650000,2026-03-09T00:37:30+00:00,50,4,1,2,3,4,5,8,9,13,,,,,,,,,,,,
2268293,56526,Russia,4499422987,1773015750000,2026-03-09T00:22:30+00:00,50,3,1,4,5,11,12,14,17,18,,,,,,,,,,,,
2268269,56526,Russia,4499422909,1773014850000,2026-03-09T00:07:30+00:00,50,2,4,6,7,8,10,12,14,15,,,,,,,,,,,,
2268251,56526,Russia,4497625393,1773013950000,2026-03-08T23:52:30+00:00,50,3,1,2,3,5,10,13,15,19,,,,,,,,,,,,
2268204,56526,Russia,4497625315,1773013050000,2026-03-08T23:37:30+00:00,50,2,1,2,7,10,11,12,16,17,,,,,,,,,,,,
2268178,56526,Russia,4497625240,1773012150000,2026-03-08T23:22:30+00:00,50,3,1,3,7,9,12,14,18,20,,,,,,,,,,,,
2268151,56526,Russia,4497625171,1773011250000,2026-03-08T23:07:30+00:00,50,3,3,8,10,11,13,16,18,20,,,,,,,,,,,,
2268133,56526,Russia,4497625129,1773010350000,2026-03-08T22:52:30+00:00,50,3,2,3,6,8,10,13,14,17,,,,,,,,,,,,
2268102,56526,Russia,4497625105,1773009450000,2026-03-08T22:37:30+00:00,50,2,1,2,4,7,8,9,11,13,,,,,,,,,,,,
2268073,56526,Russia,4497625081,1773008550000,2026-03-08T22:22:30+00:00,50,3,2,5,6,13,15,16,17,18,,,,,,,,,,,,
2268036,56526,Russia,4497625057,1773007650000,2026-03-08T22:07:30+00:00,50,4,2,4,5,10,11,13,18,20,,,,,,,,,,,,
2268011,56526,Russia,4497625036,1773006750000,2026-03-08T21:52:30+00:00,50,3,1,3,4,7,10,12,17,18,,,,,,,,,,,,
2267988,56526,Russia,4497625021,1773005850000,2026-03-08T21:37:30+00:00,50,1,3,5,6,7,12,13,15,16,,,,,,,,,,,,
2267949,56526,Russia,4497625006,1773004950000,2026-03-08T21:22:30+00:00,50,2,1,2,3,8,9,16,18,20,,,,,,,,,,,,
2267924,56526,Russia,4497624994,1773004050000,2026-03-08T21:07:30+00:00,50,2,4,5,6,9,10,14,18,20,,,,,,,,,,,,
2267889,56526,Russia,4497623656,1773003150000,2026-03-08T20:52:30+00:00,50,2,1,2,3,5,9,14,16,18,,,,,,,,,,,,
2267858,56526,Russia,4497623545,1773002250000,2026-03-08T20:37:30+00:00,50,2,3,8,13,14,15,16,17,20,,,,,,,,,,,,
2265445,56526,Russia,4497623443,1773001350000,2026-03-08T20:22:30+00:00,60,,,,,,,,,,,,,,,,,,,,,
2267796,56526,Russia,4497623335,1773000450000,2026-03-08T20:07:30+00:00,50,2,1,3,8,10,12,13,14,17,,,,,,,,,,,,
2267762,56526,Russia,4497623227,1772999550000,2026-03-08T19:52:30+00:00,50,1,1,9,10,12,14,15,17,19,,,,,,,,,,,,
2267723,56526,Russia,4497623113,1772998650000,2026-03-08T19:37:30+00:00,50,3,2,4,7,9,10,13,19,20,,,,,,,,,,,,
2265444,56526,Russia,4497623005,1772997750000,2026-03-08T19:22:30+00:00,60,,,,,,,,,,,,,,,,,,,,,
2265443,56526,Russia,4497622894,1772996850000,2026-03-08T19:07:30+00:00,60,,,,,,,,,,,,,,,,,,,,,
2265442,56526,Russia,4497622771,1772995950000,2026-03-08T18:52:30+00:00,60,,,,,,,,,,,,,,,,,,,,,
2267601,56526,Russia,4497622660,1772995050000,2026-03-08T18:37:30+00:00,50,2,2,3,4,11,14,15,19,20,,,,,,,,,,,,
2267560,56526,Russia,4497622546,1772994150000,2026-03-08T18:22:30+00:00,50,4,3,6,7,9,12,16,17,18,,,,,,,,,,,,
2267537,56526,Russia,4497622429,1772993250000,2026-03-08T18:07:30+00:00,50,4,3,4,7,8,9,10,11,17,,,,,,,,,,,,
2267499,56526,Russia,4497622312,1772992350000,2026-03-08T17:52:30+00:00,50,4,1,5,6,7,8,10,18,20,,,,,,,,,,,,
2267474,56526,Russia,4497622192,1772991450000,2026-03-08T17:37:30+00:00,50,2,2,5,8,12,14,15,16,20,,,,,,,,,,,,
2265441,56526,Russia,4497622084,1772990550000,2026-03-08T17:22:30+00:00,60,,,,,,,,,,,,,,,,,,,,,
2265440,56526,Russia,4497621973,1772989650000,2026-03-08T17:07:30+00:00,60,,,,,,,,,,,,,,,,,,,,,
2265439,56526,Russia,4497621841,1772988750000,2026-03-08T16:52:30+00:00,60,,,,,,,,,,,,,,,,,,,,,
2267347,56526,Russia,4497621724,1772987850000,2026-03-08T16:37:30+00:00,50,1,1,3,4,6,12,13,15,19,,,,,,,,,,,,
2267318,56526,Russia,4497621607,1772986950000,2026-03-08T16:22:30+00:00,50,1,2,4,10,11,15,17,18,19,,,,,,,,,,,,
2267276,56526,Russia,4497621496,1772986050000,2026-03-08T16:07:30+00:00,50,1,1,2,3,5,10,13,18,20,,,,,,,,,,,,
2267252,56526,Russia,4497621385,1772985150000,2026-03-08T15:52:30+00:00,50,3,2,7,8,11,12,14,18,19,,,,,,,,,,,,
2267217,56526,Russia,4497621268,1772984250000,2026-03-08T15:37:30+00:00,50,1,3,7,10,11,12,14,16,19,,,,,,,,,,,,
2265438,56526,Russia,4497621160,1772983350000,2026-03-08T15:22:30+00:00,60,,,,,,,,,,,,,,,,,,,,,
2265437,56526,Russia,4497621049,1772982450000,2026-03-08T15:07:30+00:00,60,,,,,,,,,,,,,,,,,,,,,
2265436,56526,Russia,4497620935,1772981550000,2026-03-08T14:52:30+00:00,60,,,,,,,,,,,,,,,,,,,,,
2267103,56526,Russia,4497620824,1772980650000,2026-03-08T14:37:30+00:00,50,1,2,3,5,10,11,13,15,17,,,,,,,,,,,,
2267074,56526,Russia,4497620716,1772979750000,2026-03-08T14:22:30+00:00,50,3,4,7,12,13,16,17,19,20,,,,,,,,,,,,
2267040,56526,Russia,4497620605,1772978850000,2026-03-08T14:07:30+00:00,50,1,4,6,8,11,12,15,16,20,,,,,,,,,,,,
2267015,56526,Russia,4497620488,1772977950000,2026-03-08T13:52:30+00:00,50,3,1,2,3,6,10,14,15,20,,,,,,,,,,,,
2266979,56526,Russia,4497620377,1772977050000,2026-03-08T13:37:30+00:00,50,2,1,3,5,6,8,11,15,17,,,,,,,,,,,,
2265435,56526,Russia,4497620272,1772976150000,2026-03-08T13:22:30+00:00,60,,,,,,,,,,,,,,,,,,,,,
2265434,56526,Russia,4497620155,1772975250000,2026-03-08T13:07:30+00:00,60,,,,,,,,,,,,,,,,,,,,,
2265433,56526,Russia,4497620035,1772974350000,2026-03-08T12:52:30+00:00,60,,,,,,,,,,,,,,,,,,,,,
2266851,56526,Russia,4497619921,1772973450000,2026-03-08T12:37:30+00:00,50,1,2,3,5,7,8,15,17,19,,,,,,,,,,,,
2266814,56526,Russia,4497619813,1772972550000,2026-03-08T12:22:30+00:00,50,2,1,2,3,4,9,10,11,18,,,,,,,,,,,,
2266788,56526,Russia,4497619702,1772971650000,2026-03-08T12:07:30+00:00,50,3,5,6,8,11,13,14,18,19,,,,,,,,,,,,
2266756,56526,Russia,4497619591,1772970750000,2026-03-08T11:52:30+00:00,50,1,4,6,7,11,15,16,18,19,,,,,,,,,,,,
2266720,56526,Russia,4497619474,1772969850000,2026-03-08T11:37:30+00:00,50,3,1,2,5,10,11,13,15,20,,,,,,,,,,,,
2266698,56526,Russia,4497619369,1772968950000,2026-03-08T11:22:30+00:00,50,2,2,4,7,8,13,15,16,18,,,,,,,,,,,,
2266667,56526,Russia,4497619258,1772968050000,2026-03-08T11:07:30+00:00,50,1,1,5,6,7,13,14,15,17,,,,,,,,,,,,
2265432,56526,Russia,4497619147,1772967150000,2026-03-08T10:52:30+00:00,60,,,,,,,,,,,,,,,,,,,,,
2266602,56526,Russia,4497619030,1772966250000,2026-03-08T10:37:30+00:00,50,1,2,3,7,12,14,17,18,19,,,,,,,,,,,,
2265431,56526,Russia,4497618922,1772965350000,2026-03-08T10:22:30+00:00,60,,,,,,,,,,,,,,,,,,,,,
2265430,56526,Russia,4497618811,1772964450000,2026-03-08T10:07:30+00:00,60,,,,,,,,,,,,,,,,,,,,,
2265429,56526,Russia,4497618697,1772963550000,2026-03-08T09:52:30+00:00,60,,,,,,,,,,,,,,,,,,,,,
2266466,56526,Russia,4497618586,1772962650000,2026-03-08T09:37:30+00:00,50,2,3,4,5,6,15,16,19,20,,,,,,,,,,,,
2265428,56526,Russia,4497618478,1772961750000,2026-03-08T09:22:30+00:00,60,,,,,,,,,,,,,,,,,,,,,
2265427,56526,Russia,4497618367,1772960850000,2026-03-08T09:07:30+00:00,60,,,,,,,,,,,,,,,,,,,,,
2265426,56526,Russia,4497618259,1772959950000,2026-03-08T08:52:30+00:00,60,,,,,,,,,,,,,,,,,,,,,
2266362,56526,Russia,4497618157,1772959050000,2026-03-08T08:37:30+00:00,50,4,2,3,4,7,9,11,17,18,,,,,,,,,,,,
2266334,56526,Russia,4497618061,1772958150000,2026-03-08T08:22:30+00:00,50,4,1,4,5,13,15,16,17,20,,,,,,,,,,,,
2266319,56526,Russia,4497617959,1772957250000,2026-03-08T08:07:30+00:00,50,2,1,4,6,7,11,13,18,20,,,,,,,,,,,,
2266282,56526,Russia,4497617857,1772956350000,2026-03-08T07:52:30+00:00,50,2,2,5,9,11,15,17,18,20,,,,,,,,,,,,
2266255,56526,Russia,4497617755,1772955450000,2026-03-08T07:37:30+00:00,50,2,1,6,8,9,10,14,15,16,,,,,,,,,,,,
2265425,56526,Russia,4497617659,1772954550000,2026-03-08T07:22:30+00:00,60,,,,,,,,,,,,,,,,,,,,,
2265424,56526,Russia,4497617557,1772953650000,2026-03-08T07:07:30+00:00,60,,,,,,,,,,,,,,,,,,,,,
2265423,56526,Russia,4497617452,1772952750000,2026-03-08T06:52:30+00:00,60,,,,,,,,,,,,,,,,,,,,,
2266143,56526,Russia,4497617350,1772951850000,2026-03-08T06:37:30+00:00,50,2,1,2,3,9,14,15,18,19,,,,,,,,,,,,
2266114,56526,Russia,4497617254,1772950950000,2026-03-08T06:22:30+00:00,50,3,5,6,7,9,11,15,17,19,,,,,,,,,,,,
2266084,56526,Russia,4497617152,1772950050000,2026-03-08T06:07:30+00:00,50,4,1,5,7,9,11,15,16,19,,,,,,,,,,,,
2266066,56526,Russia,4497617062,1772949150000,2026-03-08T05:52:30+00:00,50,3,1,5,6,7,11,12,13,19,,,,,,,,,,,,
2266045,56526,Russia,4497616972,1772948250000,2026-03-08T05:37:30+00:00,50,2,1,4,5,6,7,16,19,20,,,,,,,,,,,,
2266026,56526,Russia,4497616894,1772947350000,2026-03-08T05:22:30+00:00,50,3,3,8,10,11,13,14,18,20,,,,,,,,,,,,
2266002,56526,Russia,4497616816,1772946450000,2026-03-08T05:07:30+00:00,50,1,1,8,11,12,13,14,17,18,,,,,,,,,,,,
2265982,56526,Russia,4497616744,1772945550000,2026-03-08T04:52:30+00:00,50,3,3,7,8,9,10,15,16,19,,,,,,,,,,,,
2265953,56526,Russia,4497616666,1772944650000,2026-03-08T04:37:30+00:00,50,3,2,5,6,8,11,15,16,17,,,,,,,,,,,,
2265905,56526,Russia,4497616588,1772943750000,2026-03-08T04:22:30+00:00,50,2,1,5,7,9,11,14,15,20,,,,,,,,,,,,
2265881,56526,Russia,4497616510,1772942850000,2026-03-08T04:07:30+00:00,50,4,2,8,10,12,16,17,18,19,,,,,,,,,,,,
2265872,56526,Russia,4497616438,1772941950000,2026-03-08T03:52:30+00:00,50,3,5,6,9,12,14,16,19,20,,,,,,,,,,,,
2265841,56526,Russia,4497616360,1772941050000,2026-03-08T03:37:30+00:00,50,3,4,7,9,13,14,16,18,20,,,,,,,,,,,,
2265831,56526,Russia,4497616285,1772940150000,2026-03-08T03:22:30+00:00,50,4,1,5,6,10,12,14,16,20,,,,,,,,,,,,
2265799,56526,Russia,4497616207,1772939250000,2026-03-08T03:07:30+00:00,50,1,1,4,9,14,15,17,18,19,,,,,,,,,,,,
2265766,56526,Russia,4497616135,1772938350000,2026-03-08T02:52:30+00:00,50,4,1,3,4,9,10,12,18,19,,,,,,,,,,,,
2265759,56526,Russia,4497616057,1772937450000,2026-03-08T02:37:30+00:00,50,4,2,3,8,11,16,17,18,19,,,,,,,,,,,,
2265740,56526,Russia,4497615979,1772936550000,2026-03-08T02:22:30+00:00,50,3,3,4,10,12,13,15,17,18,,,,,,,,,,,,
2265728,56526,Russia,4497615901,1772935650000,2026-03-08T02:07:30+00:00,50,3,4,7,9,10,12,15,16,20,,,,,,,,,,,,
2265686,56526,Russia,4497615829,1772934750000,2026-03-08T01:52:30+00:00,50,1,1,11,13,14,16,18,19,20,,,,,,,,,,,,
2265674,56526,Russia,4497615751,1772933850000,2026-03-08T01:37:30+00:00,50,1,3,4,5,8,10,11,15,17,,,,,,,,,,,,
2265660,56526,Russia,4497615676,1772932950000,2026-03-08T01:22:30+00:00,50,4,3,5,9,11,12,16,17,20,,,,,,,,,,,,
2265639,56526,Russia,4497615598,1772932050000,2026-03-08T01:07:30+00:00,50,2,3,4,6,7,11,12,13,20,,,,,,,,,,,,
2265608,56526,Russia,4497615526,1772931150000,2026-03-08T00:52:30+00:00,50,1,2,3,4,9,10,12,14,15,,,,,,,,,,,,
2265599,56526,Russia,4497615448,1772930250000,2026-03-08T00:37:30+00:00,50,4,1,3,11,12,17,18,19,20,,,,,,,,,,,,
2265568,56526,Russia,4497615373,1772929350000,2026-03-08T00:22:30+00:00,50,4,3,4,8,9,10,13,17,19,,,,,,,,,,,,
2265530,56526,Russia,4497615295,1772928450000,2026-03-08T00:07:30+00:00,50,1,1,2,4,5,10,14,17,18,,,,,,,,,,,,
2265527,56526,Russia,4495336693,1772927550000,2026-03-07T23:52:30+00:00,50,4,1,3,4,6,10,12,17,19,,,,,,,,,,,,
2265500,56526,Russia,4495336615,1772926650000,2026-03-07T23:37:30+00:00,50,4,2,3,4,7,12,15,16,18,,,,,,,,,,,,
2265481,56526,Russia,4495336540,1772925750000,2026-03-07T23:22:30+00:00,50,3,1,3,4,11,13,14,16,17,,,,,,,,,,,,
2265463,56526,Russia,4495336471,1772924850000,2026-03-07T23:07:30+00:00,50,4,1,3,5,6,9,10,13,16,,,,,,,,,,,,
2265416,56526,Russia,4495336429,1772923950000,2026-03-07T22:52:30+00:00,50,3,3,9,10,11,13,16,17,19,,,,,,,,,,,,
2265384,56526,Russia,4495336405,1772923050000,2026-03-07T22:37:30+00:00,50,4,2,3,7,12,13,14,17,19,,,,,,,,,,,,
2265356,56526,Russia,4495336381,1772922150000,2026-03-07T22:22:30+00:00,50,1,3,6,9,11,12,13,18,19,,,,,,,,,,,,
2265329,56526,Russia,4495336357,1772921250000,2026-03-07T22:07:30+00:00,50,2,2,8,10,11,14,15,17,20,,,,,,,,,,,,
2265285,56526,Russia,4495336336,1772920350000,2026-03-07T21:52:30+00:00,50,3,5,8,12,15,16,17,19,20,,,,,,,,,,,,
2265223,56526,Russia,4495336321,1772919450000,2026-03-07T21:37:30+00:00,50,3,1,2,3,6,7,8,14,18,,,,,,,,,,,,
2265221,56526,Russia,4495336306,1772918550000,2026-03-07T21:22:30+00:00,50,4,1,2,3,7,11,14,17,20,,,,,,,,,,,,
2265179,56526,Russia,4495336294,1772917650000,2026-03-07T21:07:30+00:00,50,3,2,6,9,13,16,18,19,20,,,,,,,,,,,,
2265166,56526,Russia,4495334977,1772916750000,2026-03-07T20:52:30+00:00,50,2,1,2,6,12,13,17,18,19,,,,,,,,,,,,
2265135,56526,Russia,4495334857,1772915850000,2026-03-07T20:37:30+00:00,50,4,2,5,6,8,9,12,13,19,,,,,,,,,,,,
2262575,56526,Russia,4495334758,1772914950000,2026-03-07T20:22:30+00:00,60,,,,,,,,,,,,,,,,,,,,,
2265047,56526,Russia,4495334644,1772914050000,2026-03-07T20:07:30+00:00,50,3,1,3,7,11,13,15,16,19,,,,,,,,,,,,
2265042,56526,Russia,4495334533,1772913150000,2026-03-07T19:52:30+00:00,50,4,3,4,7,9,11,13,17,20,,,,,,,,,,,,
2264996,56526,Russia,4495334410,1772912250000,2026-03-07T19:37:30+00:00,50,1,6,10,11,12,13,16,18,19,,,,,,,,,,,,
2262574,56526,Russia,4495334293,1772911350000,2026-03-07T19:22:30+00:00,60,,,,,,,,,,,,,,,,,,,,,
2262573,56526,Russia,4495334176,1772910450000,2026-03-07T19:07:30+00:00,60,,,,,,,,,,,,,,,,,,,,,
2262570,56526,Russia,4495334029,1772909550000,2026-03-07T18:52:30+00:00,60,,,,,,,,,,,,,,,,,,,,,
2264866,56526,Russia,4495333915,1772908650000,2026-03-07T18:37:30+00:00,50,4,1,2,8,9,11,13,18,19,,,,,,,,,,,,
2264816,56526,Russia,4495333795,1772907750000,2026-03-07T18:22:30+00:00,50,4,4,6,8,9,11,12,16,17,,,,,,,,,,,,
2264803,56526,Russia,4495333681,1772906850000,2026-03-07T18:07:30+00:00,50,2,3,6,10,11,13,16,18,19,,,,,,,,,,,,
2264765,56526,Russia,4495333558,1772905950000,2026-03-07T17:52:30+00:00,50,2,5,7,10,12,15,16,18,19,,,,,,,,,,,,
2264737,56526,Russia,4495333441,1772905050000,2026-03-07T17:37:30+00:00,50,4,1,2,3,4,6,10,12,13,,,,,,,,,,,,
2262567,56526,Russia,4495333333,1772904150000,2026-03-07T17:22:30+00:00,60,,,,,,,,,,,,,,,,,,,,,
2262565,56526,Russia,4495333216,1772903250000,2026-03-07T17:07:30+00:00,60,,,,,,,,,,,,,,,,,,,,,
2262564,56526,Russia,4495333090,1772902350000,2026-03-07T16:52:30+00:00,60,,,,,,,,,,,,,,,,,,,,,
2264588,56526,Russia,4495332970,1772901450000,2026-03-07T16:37:30+00:00,50,1,1,4,5,6,7,14,18,19,,,,,,,,,,,,
2264556,56526,Russia,4495332859,1772900550000,2026-03-07T16:22:30+00:00,50,2,3,7,9,12,14,16,17,18,,,,,,,,,,,,
2264541,56526,Russia,4495332748,1772899650000,2026-03-07T16:07:30+00:00,50,4,7,8,9,10,11,13,17,18,,,,,,,,,,,,
2264502,56526,Russia,4495332631,1772898750000,2026-03-07T15:52:30+00:00,50,2,2,3,8,11,15,16,18,20,,,,,,,,,,,,
2264469,56526,Russia,4495332514,1772897850000,2026-03-07T15:37:30+00:00,50,3,1,2,8,9,10,12,13,20,,,,,,,,,,,,
2262562,56526,Russia,4495332406,1772896950000,2026-03-07T15:22:30+00:00,60,,,,,,,,,,,,,,,,,,,,,
2262561,56526,Russia,4495332295,1772896050000,2026-03-07T15:07:30+00:00,60,,,,,,,,,,,,,,,,,,,,,
2262560,56526,Russia,4495332178,1772895150000,2026-03-07T14:52:30+00:00,60,,,,,,,,,,,,,,,,,,,,,
2264357,56526,Russia,4495332067,1772894250000,2026-03-07T14:37:30+00:00,50,2,3,4,6,10,11,12,18,19,,,,,,,,,,,,
2264313,56526,Russia,4495331959,1772893350000,2026-03-07T14:22:30+00:00,50,3,4,6,12,13,14,15,19,20,,,,,,,,,,,,
2264294,56526,Russia,4495331848,1772892450000,2026-03-07T14:07:30+00:00,50,4,8,9,10,12,15,16,18,20,,,,,,,,,,,,
2264259,56526,Russia,4495331731,1772891550000,2026-03-07T13:52:30+00:00,50,3,7,9,12,14,15,17,18,20,,,,,,,,,,,,
2264226,56526,Russia,4495331620,1772890650000,2026-03-07T13:37:30+00:00,50,1,1,4,5,7,11,13,14,17,,,,,,,,,,,,
2262559,56526,Russia,4495331515,1772889750000,2026-03-07T13:22:30+00:00,60,,,,,,,,,,,,,,,,,,,,,
2262558,56526,Russia,4495331398,1772888850000,2026-03-07T13:07:30+00:00,60,,,,,,,,,,,,,,,,,,,,,
2262557,56526,Russia,4495331278,1772887950000,2026-03-07T12:52:30+00:00,60,,,,,,,,,,,,,,,,,,,,,
2264114,56526,Russia,4495331164,1772887050000,2026-03-07T12:37:30+00:00,50,2,4,9,11,13,15,18,19,20,,,,,,,,,,,,
2264078,56526,Russia,4495331056,1772886150000,2026-03-07T12:22:30+00:00,50,3,2,5,10,14,17,18,19,20,,,,,,,,,,,,
2264048,56526,Russia,4495330945,1772885250000,2026-03-07T12:07:30+00:00,50,1,1,5,7,13,14,17,18,20,,,,,,,,,,,,
2264017,56526,Russia,4495330834,1772884350000,2026-03-07T11:52:30+00:00,50,1,1,4,7,11,13,15,16,20,,,,,,,,,,,,
2263986,56526,Russia,4495330717,1772883450000,2026-03-07T11:37:30+00:00,50,3,5,8,9,13,14,16,17,18,,,,,,,,,,,,
2263957,56526,Russia,4495330609,1772882550000,2026-03-07T11:22:30+00:00,50,4,2,4,6,7,11,13,17,18,,,,,,,,,,,,
2263922,56526,Russia,4495330498,1772881650000,2026-03-07T11:07:30+00:00,50,1,1,8,9,12,13,15,16,19,,,,,,,,,,,,
2262555,56526,Russia,4495330387,1772880750000,2026-03-07T10:52:30+00:00,60,,,,,,,,,,,,,,,,,,,,,
2263862,56526,Russia,4495330270,1772879850000,2026-03-07T10:37:30+00:00,50,3,1,3,5,8,10,11,12,13,,,,,,,,,,,,
2262554,56526,Russia,4495330162,1772878950000,2026-03-07T10:22:30+00:00,60,,,,,,,,,,,,,,,,,,,,,
2262553,56526,Russia,4495330051,1772878050000,2026-03-07T10:07:30+00:00,60,,,,,,,,,,,,,,,,,,,,,
2262548,56526,Russia,4495329937,1772877150000,2026-03-07T09:52:30+00:00,60,,,,,,,,,,,,,,,,,,,,,
2263739,56526,Russia,4495329826,1772876250000,2026-03-07T09:37:30+00:00,50,4,1,2,3,7,10,16,17,19,,,,,,,,,,,,
2262546,56526,Russia,4495329715,1772875350000,2026-03-07T09:22:30+00:00,60,,,,,,,,,,,,,,,,,,,,,
2262545,56526,Russia,4495329604,1772874450000,2026-03-07T09:07:30+00:00,60,,,,,,,,,,,,,,,,,,,,,
2262542,56526,Russia,4495329496,1772873550000,2026-03-07T08:52:30+00:00,60,,,,,,,,,,,,,,,,,,,,,
2263628,56526,Russia,4495329394,1772872650000,2026-03-07T08:37:30+00:00,50,2,2,5,6,7,9,10,12,18,,,,,,,,,,,,
2263598,56526,Russia,4495329298,1772871750000,2026-03-07T08:22:30+00:00,50,3,3,5,7,8,9,11,13,14,,,,,,,,,,,,
2263568,56526,Russia,4495329196,1772870850000,2026-03-07T08:07:30+00:00,50,3,3,4,8,9,10,13,17,20,,,,,,,,,,,,
2263544,56526,Russia,4495329094,1772869950000,2026-03-07T07:52:30+00:00,50,3,5,7,9,11,13,15,17,18,,,,,,,,,,,,
2263515,56526,Russia,4495328992,1772869050000,2026-03-07T07:37:30+00:00,50,3,5,6,7,8,10,13,16,17,,,,,,,,,,,,
2262538,56526,Russia,4495328896,1772868150000,2026-03-07T07:22:30+00:00,60,,,,,,,,,,,,,,,,,,,,,
2262537,56526,Russia,4495328794,1772867250000,2026-03-07T07:07:30+00:00,60,,,,,,,,,,,,,,,,,,,,,
2262532,56526,Russia,4495328689,1772866350000,2026-03-07T06:52:30+00:00,60,,,,,,,,,,,,,,,,,,,,,
2263406,56526,Russia,4495328587,1772865450000,2026-03-07T06:37:30+00:00,50,1,2,3,5,6,12,13,17,19,,,,,,,,,,,,
2263380,56526,Russia,4495328488,1772864550000,2026-03-07T06:22:30+00:00,50,2,1,3,9,10,12,13,17,19,,,,,,,,,,,,
2263349,56526,Russia,4495328386,1772863650000,2026-03-07T06:07:30+00:00,50,3,3,4,7,10,11,18,19,20,,,,,,,,,,,,
2263329,56526,Russia,4495328296,1772862750000,2026-03-07T05:52:30+00:00,50,3,3,4,6,7,9,11,18,20,,,,,,,,,,,,
2263302,56526,Russia,4495328206,1772861850000,2026-03-07T05:37:30+00:00,50,4,2,3,7,12,13,14,15,20,,,,,,,,,,,,
2263282,56526,Russia,4495328128,1772860950000,2026-03-07T05:22:30+00:00,50,1,4,6,7,10,11,14,16,18,,,,,,,,,,,,
2263258,56526,Russia,4495328050,1772860050000,2026-03-07T05:07:30+00:00,50,4,1,3,4,5,7,9,18,19,,,,,,,,,,,,
2263242,56526,Russia,4495327978,1772859150000,2026-03-07T04:52:30+00:00,50,4,2,4,8,11,13,14,17,19,,,,,,,,,,,,
2263213,56526,Russia,4495327900,1772858250000,2026-03-07T04:37:30+00:00,50,2,2,8,9,11,15,16,17,18,,,,,,,,,,,,
2263190,56526,Russia,4495327822,1772857350000,2026-03-07T04:22:30+00:00,50,2,2,4,7,13,15,16,17,19,,,,,,,,,,,,
2263167,56526,Russia,4495327744,1772856450000,2026-03-07T04:07:30+00:00,50,2,2,3,6,7,15,16,19,20,,,,,,,,,,,,
2263140,56526,Russia,4495327672,1772855550000,2026-03-07T03:52:30+00:00,50,3,2,4,5,7,12,14,16,18,,,,,,,,,,,,
2263120,56526,Russia,4495327594,1772854650000,2026-03-07T03:37:30+00:00,50,1,2,4,7,11,14,15,16,19,,,,,,,,,,,,
2263094,56526,Russia,4495327519,1772853750000,2026-03-07T03:22:30+00:00,50,4,4,5,6,9,13,15,17,19,,,,,,,,,,,,
2263083,56526,Russia,4495327441,1772852850000,2026-03-07T03:07:30+00:00,50,1,3,4,6,7,9,14,15,20,,,,,,,,,,,,
2263054,56526,Russia,4495327369,1772851950000,2026-03-07T02:52:30+00:00,50,4,3,5,6,7,8,10,15,16,,,,,,,,,,,,
2263040,56526,Russia,4495327291,1772851050000,2026-03-07T02:37:30+00:00,50,4,1,2,7,8,12,14,15,18,,,,,,,,,,,,
2263009,56526,Russia,4495327213,1772850150000,2026-03-07T02:22:30+00:00,50,2,3,4,5,7,9,16,19,20,,,,,,,,,,,,
2262992,56526,Russia,4495327135,1772849250000,2026-03-07T02:07:30+00:00,50,2,1,7,8,9,14,15,16,19,,,,,,,,,,,,
2262976,56526,Russia,4495327063,1772848350000,2026-03-07T01:52:30+00:00,50,3,1,2,3,6,11,15,17,19,,,,,,,,,,,,
2262955,56526,Russia,4495326985,1772847450000,2026-03-07T01:37:30+00:00,50,2,2,3,7,14,15,17,18,19,,,,,,,,,,,,
2262927,56526,Russia,4495326910,1772846550000,2026-03-07T01:22:30+00:00,50,2,3,6,8,11,13,15,17,18,,,,,,,,,,,,
2262906,56526,Russia,4495326832,1772845650000,2026-03-07T01:07:30+00:00,50,4,3,5,10,13,15,17,19,20,,,,,,,,,,,,
2262897,56526,Russia,4495326760,1772844750000,2026-03-07T00:52:30+00:00,50,1,1,3,7,8,13,15,16,18,,,,,,,,,,,,
2262866,56526,Russia,4495326682,1772843850000,2026-03-07T00:37:30+00:00,50,2,1,3,7,8,13,17,18,20,,,,,,,,,,,,
2262847,56526,Russia,4495326607,1772842950000,2026-03-07T00:22:30+00:00,50,2,1,2,6,7,12,13,14,20,,,,,,,,,,,,
2262825,56526,Russia,4495326529,1772842050000,2026-03-07T00:07:30+00:00,50,2,1,2,4,8,12,13,15,19,,,,,,,,,,,,
2262805,56526,Russia,4493656579,1772841150000,2026-03-06T23:52:30+00:00,50,3,1,3,5,9,10,16,18,19,,,,,,,,,,,,
2262784,56526,Russia,4493656501,1772840250000,2026-03-06T23:37:30+00:00,50,1,4,5,7,10,11,13,16,20,,,,,,,,,,,,
2262755,56526,Russia,4493656426,1772839350000,2026-03-06T23:22:30+00:00,50,1,4,7,8,10,12,16,18,19,,,,,,,,,,,,
2262741,56526,Russia,4493656357,1772838450000,2026-03-06T23:07:30+00:00,50,1,2,3,5,7,10,14,17,18,,,,,,,,,,,,
2262714,56526,Russia,4493656315,1772837550000,2026-03-06T22:52:30+00:00,50,4,1,3,5,6,7,8,10,13,,,,,,,,,,,,
2262686,56526,Russia,4493656291,1772836650000,2026-03-06T22:37:30+00:00,50,1,2,3,7,9,10,11,13,18,,,,,,,,,,,,
2262664,56526,Russia,4493656267,1772835750000,2026-03-06T22:22:30+00:00,50,4,3,5,7,8,12,15,16,17,,,,,,,,,,,,
2262634,56526,Russia,4493656243,1772834850000,2026-03-06T22:07:30+00:00,50,4,1,5,6,9,13,15,16,17,,,,,,,,,,,,
2262595,56526,Russia,4493656222,1772833950000,2026-03-06T21:52:30+00:00,50,3,2,7,8,11,12,17,18,19,,,,,,,,,,,,
2262580,56526,Russia,4493656207,1772833050000,2026-03-06T21:37:30+00:00,50,1,1,4,7,9,14,15,19,20,,,,,,,,,,,,
2262483,56526,Russia,4493656192,1772832150000,2026-03-06T21:22:30+00:00,50,4,2,3,8,9,14,16,18,20,,,,,,,,,,,,
2262472,56526,Russia,4493656180,1772831250000,2026-03-06T21:07:30+00:00,50,2,3,7,11,14,15,16,17,19,,,,,,,,,,,,
2262456,56526,Russia,4493654857,1772830350000,2026-03-06T20:52:30+00:00,50,4,1,2,3,5,6,13,14,19,,,,,,,,,,,,
2262412,56526,Russia,4493654746,1772829450000,2026-03-06T20:37:30+00:00,50,3,3,4,6,11,12,13,15,17,,,,,,,,,,,,
2260162,56526,Russia,4493654647,1772828550000,2026-03-06T20:22:30+00:00,60,,,,,,,,,,,,,,,,,,,,,
2262351,56526,Russia,4493654539,1772827650000,2026-03-06T20:07:30+00:00,50,2,3,4,7,8,11,13,14,15,,,,,,,,,,,,
2262318,56526,Russia,4493654431,1772826750000,2026-03-06T19:52:30+00:00,50,4,1,3,5,8,12,13,18,20,,,,,,,,,,,,
2262285,56526,Russia,4493654311,1772825850000,2026-03-06T19:37:30+00:00,50,3,1,3,5,8,9,10,13,15,,,,,,,,,,,,
2260158,56526,Russia,4493654197,1772824950000,2026-03-06T19:22:30+00:00,60,,,,,,,,,,,,,,,,,,,,,
2260157,56526,Russia,4493654086,1772824050000,2026-03-06T19:07:30+00:00,60,,,,,,,,,,,,,,,,,,,,,
2260156,56526,Russia,4493653942,1772823150000,2026-03-06T18:52:30+00:00,60,,,,,,,,,,,,,,,,,,,,,
2262156,56526,Russia,4493653828,1772822250000,2026-03-06T18:37:30+00:00,50,4,2,8,9,11,15,18,19,20,,,,,,,,,,,,
2262114,56526,Russia,4493653711,1772821350000,2026-03-06T18:22:30+00:00,50,4,6,9,10,13,14,17,18,19,,,,,,,,,,,,
2262089,56526,Russia,4493653597,1772820450000,2026-03-06T18:07:30+00:00,50,3,1,4,6,10,11,12,16,20,,,,,,,,,,,,
2262056,56526,Russia,4493653477,1772819550000,2026-03-06T17:52:30+00:00,50,1,2,5,7,8,9,10,13,15,,,,,,,,,,,,
2262027,56526,Russia,4493653360,1772818650000,2026-03-06T17:37:30+00:00,50,3,1,4,8,10,11,12,14,16,,,,,,,,,,,,
2260155,56526,Russia,4493653252,1772817750000,2026-03-06T17:22:30+00:00,60,,,,,,,,,,,,,,,,,,,,,
2260154,56526,Russia,4493653141,1772816850000,2026-03-06T17:07:30+00:00,60,,,,,,,,,,,,,,,,,,,,,
2260153,56526,Russia,4493653018,1772815950000,2026-03-06T16:52:30+00:00,60,,,,,,,,,,,,,,,,,,,,,
2261900,56526,Russia,4493652898,1772815050000,2026-03-06T16:37:30+00:00,50,2,1,2,3,4,5,6,10,13,,,,,,,,,,,,
2261852,56526,Russia,4493652787,1772814150000,2026-03-06T16:22:30+00:00,50,3,3,4,7,11,13,15,16,19,,,,,,,,,,,,
2261822,56526,Russia,4493652676,1772813250000,2026-03-06T16:07:30+00:00,50,3,2,3,8,10,11,13,15,20,,,,,,,,,,,,
2261796,56526,Russia,4493652562,1772812350000,2026-03-06T15:52:30+00:00,50,3,3,5,8,9,11,12,15,16,,,,,,,,,,,,
2261765,56526,Russia,4493652439,1772811450000,2026-03-06T15:37:30+00:00,50,1,1,9,10,11,15,16,19,20,,,,,,,,,,,,
2260152,56526,Russia,4493652331,1772810550000,2026-03-06T15:22:30+00:00,60,,,,,,,,,,,,,,,,,,,,,
2260151,56526,Russia,4493652220,1772809650000,2026-03-06T15:07:30+00:00,60,,,,,,,,,,,,,,,,,,,,,
2260150,56526,Russia,4493652106,1772808750000,2026-03-06T14:52:30+00:00,60,,,,,,,,,,,,,,,,,,,,,
2261630,56526,Russia,4493651995,1772807850000,2026-03-06T14:37:30+00:00,50,3,2,4,8,10,11,12,13,17,,,,,,,,,,,,
2261616,56526,Russia,4493651884,1772806950000,2026-03-06T14:22:30+00:00,50,2,5,6,7,9,11,13,14,18,,,,,,,,,,,,
2261582,56526,Russia,4493651773,1772806050000,2026-03-06T14:07:30+00:00,50,3,1,2,3,9,13,15,16,18,,,,,,,,,,,,
2261526,56526,Russia,4493651656,1772805150000,2026-03-06T13:52:30+00:00,50,3,3,9,10,11,12,13,15,17,,,,,,,,,,,,
2261523,56526,Russia,4493651545,1772804250000,2026-03-06T13:37:30+00:00,50,2,1,6,10,11,12,14,16,19,,,,,,,,,,,,
2260149,56526,Russia,4493651437,1772803350000,2026-03-06T13:22:30+00:00,60,,,,,,,,,,,,,,,,,,,,,
2260148,56526,Russia,4493651320,1772802450000,2026-03-06T13:07:30+00:00,60,,,,,,,,,,,,,,,,,,,,,
2260147,56526,Russia,4493651200,1772801550000,2026-03-06T12:52:30+00:00,60,,,,,,,,,,,,,,,,,,,,,
2261395,56526,Russia,4493651086,1772800650000,2026-03-06T12:37:30+00:00,50,1,3,4,8,9,15,17,18,19,,,,,,,,,,,,
2261365,56526,Russia,4493650978,1772799750000,2026-03-06T12:22:30+00:00,50,3,6,7,9,10,11,12,13,17,,,,,,,,,,,,
2261334,56526,Russia,4493650867,1772798850000,2026-03-06T12:07:30+00:00,50,4,1,3,5,7,13,15,17,20,,,,,,,,,,,,
2261302,56526,Russia,4493650756,1772797950000,2026-03-06T11:52:30+00:00,50,1,7,8,9,12,15,16,17,20,,,,,,,,,,,,
2261275,56526,Russia,4493650639,1772797050000,2026-03-06T11:37:30+00:00,50,2,4,5,6,8,11,16,17,19,,,,,,,,,,,,
2261240,56526,Russia,4493650534,1772796150000,2026-03-06T11:22:30+00:00,50,4,3,7,8,9,13,14,18,19,,,,,,,,,,,,
2261210,56526,Russia,4493650423,1772795250000,2026-03-06T11:07:30+00:00,50,4,1,2,5,10,13,14,16,20,,,,,,,,,,,,
2260146,56526,Russia,4493650312,1772794350000,2026-03-06T10:52:30+00:00,60,,,,,,,,,,,,,,,,,,,,,
2261156,56526,Russia,4493650195,1772793450000,2026-03-06T10:37:30+00:00,50,2,1,2,5,6,10,15,16,18,,,,,,,,,,,,
2260142,56526,Russia,4493650087,1772792550000,2026-03-06T10:22:30+00:00,60,,,,,,,,,,,,,,,,,,,,,
2260134,56526,Russia,4493649976,1772791650000,2026-03-06T10:07:30+00:00,60,,,,,,,,,,,,,,,,,,,,,
2260133,56526,Russia,4493649862,1772790750000,2026-03-06T09:52:30+00:00,60,,,,,,,,,,,,,,,,,,,,,
2261025,56526,Russia,4493649748,1772789850000,2026-03-06T09:37:30+00:00,50,4,3,4,6,8,14,15,16,17,,,,,,,,,,,,
2260129,56526,Russia,4493649640,1772788950000,2026-03-06T09:22:30+00:00,60,,,,,,,,,,,,,,,,,,,,,
2260128,56526,Russia,4493649529,1772788050000,2026-03-06T09:07:30+00:00,60,,,,,,,,,,,,,,,,,,,,,
2260127,56526,Russia,4493649421,1772787150000,2026-03-06T08:52:30+00:00,60,,,,,,,,,,,,,,,,,,,,,
2260909,56526,Russia,4493649319,1772786250000,2026-03-06T08:37:30+00:00,50,2,1,4,7,11,13,15,17,18,,,,,,,,,,,,
2260877,56526,Russia,4493649220,1772785350000,2026-03-06T08:22:30+00:00,50,3,2,3,4,6,13,14,16,20,,,,,,,,,,,,
2260839,56526,Russia,4493649118,1772784450000,2026-03-06T08:07:30+00:00,50,4,2,3,5,7,8,12,13,20,,,,,,,,,,,,
2260828,56526,Russia,4493649016,1772783550000,2026-03-06T07:52:30+00:00,50,1,1,3,4,5,6,7,9,13,,,,,,,,,,,,
2260802,56526,Russia,4493648914,1772782650000,2026-03-06T07:37:30+00:00,50,1,4,5,7,8,15,16,18,20,,,,,,,,,,,,
2260126,56526,Russia,4493648818,1772781750000,2026-03-06T07:22:30+00:00,60,,,,,,,,,,,,,,,,,,,,,
2260125,56526,Russia,4493648716,1772780850000,2026-03-06T07:07:30+00:00,60,,,,,,,,,,,,,,,,,,,,,
2260124,56526,Russia,4493648611,1772779950000,2026-03-06T06:52:30+00:00,60,,,,,,,,,,,,,,,,,,,,,
2260690,56526,Russia,4493648509,1772779050000,2026-03-06T06:37:30+00:00,50,1,3,5,6,10,13,16,17,19,,,,,,,,,,,,
2260662,56526,Russia,4493648413,1772778150000,2026-03-06T06:22:30+00:00,50,3,1,2,4,5,8,10,14,17,,,,,,,,,,,,
2260645,56526,Russia,4493648311,1772777250000,2026-03-06T06:07:30+00:00,50,3,3,4,7,9,11,16,17,18,,,,,,,,,,,,
2260613,56526,Russia,4493648221,1772776350000,2026-03-06T05:52:30+00:00,50,1,2,3,5,8,14,17,19,20,,,,,,,,,,,,
2260588,56526,Russia,4493648131,1772775450000,2026-03-06T05:37:30+00:00,50,1,1,2,4,7,8,13,18,19,,,,,,,,,,,,
2260569,56526,Russia,4493648053,1772774550000,2026-03-06T05:22:30+00:00,50,2,4,5,6,9,10,12,13,18,,,,,,,,,,,,
2260550,56526,Russia,4493647975,1772773650000,2026-03-06T05:07:30+00:00,50,2,2,5,8,9,11,12,13,19,,,,,,,,,,,,
2260536,56526,Russia,4493647903,1772772750000,2026-03-06T04:52:30+00:00,50,3,1,3,4,9,12,13,16,18,,,,,,,,,,,,
2260508,56526,Russia,4493647825,1772771850000,2026-03-06T04:37:30+00:00,50,4,4,7,9,12,13,17,19,20,,,,,,,,,,,,
2260477,56526,Russia,4493647747,1772770950000,2026-03-06T04:22:30+00:00,50,4,1,2,4,6,9,13,14,20,,,,,,,,,,,,
2260458,56526,Russia,4493647669,1772770050000,2026-03-06T04:07:30+00:00,50,4,2,5,6,9,10,14,15,17,,,,,,,,,,,,
2260429,56526,Russia,4493647597,1772769150000,2026-03-06T03:52:30+00:00,50,1,1,2,5,10,11,12,15,20,,,,,,,,,,,,
2260409,56526,Russia,4493647519,1772768250000,2026-03-06T03:37:30+00:00,50,2,4,10,11,12,14,16,17,18,,,,,,,,,,,,
2260380,56526,Russia,4493647444,1772767350000,2026-03-06T03:22:30+00:00,50,4,4,8,11,12,13,14,19,20,,,,,,,,,,,,
2260365,56526,Russia,4493647366,1772766450000,2026-03-06T03:07:30+00:00,50,1,1,2,5,6,12,13,14,19,,,,,,,,,,,,
2260342,56526,Russia,4493647294,1772765550000,2026-03-06T02:52:30+00:00,50,2,5,7,8,9,12,14,15,19,,,,,,,,,,,,
2260325,56526,Russia,4493647216,1772764650000,2026-03-06T02:37:30+00:00,50,2,1,2,5,10,11,17,19,20,,,,,,,,,,,,
2260299,56526,Russia,4493647138,1772763750000,2026-03-06T02:22:30+00:00,50,1,4,5,7,10,11,12,17,20,,,,,,,,,,,,
2260281,56526,Russia,4493647060,1772762850000,2026-03-06T02:07:30+00:00,50,3,2,4,5,6,11,12,13,17,,,,,,,,,,,,
2260257,56526,Russia,4493646988,1772761950000,2026-03-06T01:52:30+00:00,50,2,7,8,9,14,15,17,18,20,,,,,,,,,,,,
2260244,56526,Russia,4493646910,1772761050000,2026-03-06T01:37:30+00:00,50,3,1,3,5,6,7,11,12,20,,,,,,,,,,,,
2260221,56526,Russia,4493646835,1772760150000,2026-03-06T01:22:30+00:00,50,4,2,5,10,11,12,13,15,20,,,,,,,,,,,,
2260202,56526,Russia,4493646757,1772759250000,2026-03-06T01:07:30+00:00,50,2,1,4,10,11,13,14,16,18,,,,,,,,,,,,
2260183,56526,Russia,4493646685,1772758350000,2026-03-06T00:52:30+00:00,50,3,3,6,8,9,10,11,12,18,,,,,,,,,,,,
2260132,56526,Russia,4493646607,1772757450000,2026-03-06T00:37:30+00:00,50,2,4,6,9,11,13,14,19,20,,,,,,,,,,,,
2260100,56526,Russia,4493646532,1772756550000,2026-03-06T00:22:30+00:00,50,1,1,3,4,11,14,17,18,20,,,,,,,,,,,,
2260087,56526,Russia,4493646454,1772755650000,2026-03-06T00:07:30+00:00,50,3,4,5,7,12,15,16,17,20,,,,,,,,,,,,
2260069,56526,Russia,4491853210,1772754750000,2026-03-05T23:52:30+00:00,50,4,1,2,9,10,14,15,19,20,,,,,,,,,,,,
2260048,56526,Russia,4491853132,1772753850000,2026-03-05T23:37:30+00:00,50,4,3,6,9,10,14,18,19,20,,,,,,,,,,,,
2260026,56526,Russia,4491853057,1772752950000,2026-03-05T23:22:30+00:00,50,3,1,5,6,7,11,15,17,19,,,,,,,,,,,,
2259988,56526,Russia,4491852988,1772752050000,2026-03-05T23:07:30+00:00,50,2,2,4,7,8,10,11,12,17,,,,,,,,,,,,
2259987,56526,Russia,4491852946,1772751150000,2026-03-05T22:52:30+00:00,50,4,1,2,3,5,6,8,10,16,,,,,,,,,,,,
2259948,56526,Russia,4491852922,1772750250000,2026-03-05T22:37:30+00:00,50,4,1,6,7,8,11,12,13,18,,,,,,,,,,,,
2259918,56526,Russia,4491852898,1772749350000,2026-03-05T22:22:30+00:00,50,1,1,4,5,6,10,12,14,19,,,,,,,,,,,,
2259906,56526,Russia,4491852874,1772748450000,2026-03-05T22:07:30+00:00,50,3,7,10,12,13,16,18,19,20,,,,,,,,,,,,
2259858,56526,Russia,4491852853,1772747550000,2026-03-05T21:52:30+00:00,50,4,1,2,5,7,17,18,19,20,,,,,,,,,,,,
2259826,56526,Russia,4491852838,1772746650000,2026-03-05T21:37:30+00:00,50,2,7,8,9,13,14,15,16,18,,,,,,,,,,,,
2259793,56526,Russia,4491852823,1772745750000,2026-03-05T21:22:30+00:00,50,2,3,6,9,10,12,13,14,18,,,,,,,,,,,,
2259764,56526,Russia,4491852811,1772744850000,2026-03-05T21:07:30+00:00,50,4,2,5,6,8,13,15,16,20,,,,,,,,,,,,
2259734,56526,Russia,4491851488,1772743950000,2026-03-05T20:52:30+00:00,50,1,4,9,11,12,15,18,19,20,,,,,,,,,,,,
2259700,56526,Russia,4491851368,1772743050000,2026-03-05T20:37:30+00:00,50,1,8,9,11,14,15,17,18,19,,,,,,,,,,,,
2257358,56526,Russia,4491851269,1772742150000,2026-03-05T20:22:30+00:00,60,,,,,,,,,,,,,,,,,,,,,
2259639,56526,Russia,4491851161,1772741250000,2026-03-05T20:07:30+00:00,50,2,1,2,4,6,16,17,18,20,,,,,,,,,,,,
2259603,56526,Russia,4491851053,1772740350000,2026-03-05T19:52:30+00:00,50,2,4,7,8,12,14,17,19,20,,,,,,,,,,,,
2259572,56526,Russia,4491850936,1772739450000,2026-03-05T19:37:30+00:00,50,4,1,2,4,5,7,13,14,17,,,,,,,,,,,,
2257357,56526,Russia,4491850822,1772738550000,2026-03-05T19:22:30+00:00,60,,,,,,,,,,,,,,,,,,,,,
2257356,56526,Russia,4491850711,1772737650000,2026-03-05T19:07:30+00:00,60,,,,,,,,,,,,,,,,,,,,,
2257355,56526,Russia,4491850576,1772736750000,2026-03-05T18:52:30+00:00,60,,,,,,,,,,,,,,,,,,,,,
2259444,56526,Russia,4491850462,1772735850000,2026-03-05T18:37:30+00:00,50,2,2,5,6,8,9,12,17,20,,,,,,,,,,,,
2259408,56526,Russia,4491850345,1772734950000,2026-03-05T18:22:30+00:00,50,1,2,4,6,11,12,13,14,20,,,,,,,,,,,,
2259375,56526,Russia,4491850231,1772734050000,2026-03-05T18:07:30+00:00,50,3,2,6,7,8,10,14,16,18,,,,,,,,,,,,
2259340,56526,Russia,4491850111,1772733150000,2026-03-05T17:52:30+00:00,50,3,6,7,9,10,11,13,16,18,,,,,,,,,,,,
2259315,56526,Russia,4491849994,1772732250000,2026-03-05T17:37:30+00:00,50,1,2,6,7,8,11,15,16,17,,,,,,,,,,,,
2257354,56526,Russia,4491849886,1772731350000,2026-03-05T17:22:30+00:00,60,,,,,,,,,,,,,,,,,,,,,
2257353,56526,Russia,4491849775,1772730450000,2026-03-05T17:07:30+00:00,60,,,,,,,,,,,,,,,,,,,,,
2257352,56526,Russia,4491849652,1772729550000,2026-03-05T16:52:30+00:00,60,,,,,,,,,,,,,,,,,,,,,
2259185,56526,Russia,4491849532,1772728650000,2026-03-05T16:37:30+00:00,50,2,2,3,6,8,10,13,16,18,,,,,,,,,,,,
2259165,56526,Russia,4491849418,1772727750000,2026-03-05T16:22:30+00:00,50,4,1,2,6,7,8,15,17,20,,,,,,,,,,,,
2259122,56526,Russia,4491849307,1772726850000,2026-03-05T16:07:30+00:00,50,3,4,7,8,11,13,16,19,20,,,,,,,,,,,,
2259085,56526,Russia,4491849193,1772725950000,2026-03-05T15:52:30+00:00,50,2,1,2,3,8,9,11,13,18,,,,,,,,,,,,
2259060,56526,Russia,4491849076,1772725050000,2026-03-05T15:37:30+00:00,50,2,1,3,4,9,12,16,18,19,,,,,,,,,,,,
2257351,56526,Russia,4491848968,1772724150000,2026-03-05T15:22:30+00:00,60,,,,,,,,,,,,,,,,,,,,,
2257350,56526,Russia,4491848857,1772723250000,2026-03-05T15:07:30+00:00,60,,,,,,,,,,,,,,,,,,,,,
2257349,56526,Russia,4491848743,1772722350000,2026-03-05T14:52:30+00:00,60,,,,,,,,,,,,,,,,,,,,,
2258941,56526,Russia,4491848632,1772721450000,2026-03-05T14:37:30+00:00,50,4,2,4,5,8,11,14,15,17,,,,,,,,,,,,
2258897,56526,Russia,4491848524,1772720550000,2026-03-05T14:22:30+00:00,50,2,3,6,8,9,11,12,14,20,,,,,,,,,,,,
2258873,56526,Russia,4491848413,1772719650000,2026-03-05T14:07:30+00:00,50,4,2,4,6,9,10,13,15,18,,,,,,,,,,,,
2258839,56526,Russia,4491848296,1772718750000,2026-03-05T13:52:30+00:00,50,3,1,4,11,12,14,16,17,20,,,,,,,,,,,,
2258823,56526,Russia,4491848185,1772717850000,2026-03-05T13:37:30+00:00,50,1,2,3,7,12,13,14,15,20,,,,,,,,,,,,
2257348,56526,Russia,4491848080,1772716950000,2026-03-05T13:22:30+00:00,60,,,,,,,,,,,,,,,,,,,,,
2257347,56526,Russia,4491847963,1772716050000,2026-03-05T13:07:30+00:00,60,,,,,,,,,,,,,,,,,,,,,
2257346,56526,Russia,4491847843,1772715150000,2026-03-05T12:52:30+00:00,60,,,,,,,,,,,,,,,,,,,,,
2258688,56526,Russia,4491847729,1772714250000,2026-03-05T12:37:30+00:00,50,3,1,2,3,5,6,8,16,18,,,,,,,,,,,,
2258666,56526,Russia,4491847621,1772713350000,2026-03-05T12:22:30+00:00,50,1,2,10,11,12,13,15,19,20,,,,,,,,,,,,
2258629,56526,Russia,4491847510,1772712450000,2026-03-05T12:07:30+00:00,50,1,2,3,10,11,13,14,16,20,,,,,,,,,,,,
2258598,56526,Russia,4491847399,1772711550000,2026-03-05T11:52:30+00:00,50,1,6,7,9,13,14,16,18,19,,,,,,,,,,,,
2258559,56526,Russia,4491847282,1772710650000,2026-03-05T11:37:30+00:00,50,4,6,7,10,11,12,16,18,19,,,,,,,,,,,,
2258531,56526,Russia,4491847177,1772709750000,2026-03-05T11:22:30+00:00,50,2,3,4,8,10,11,12,14,16,,,,,,,,,,,,
2258508,56526,Russia,4491847066,1772708850000,2026-03-05T11:07:30+00:00,50,2,2,6,7,8,9,10,14,18,,,,,,,,,,,,
2257345,56526,Russia,4491846955,1772707950000,2026-03-05T10:52:30+00:00,60,,,,,,,,,,,,,,,,,,,,,
2258442,56526,Russia,4491846838,1772707050000,2026-03-05T10:37:30+00:00,50,3,1,2,5,8,9,14,15,18,,,,,,,,,,,,
2257344,56526,Russia,4491846727,1772706150000,2026-03-05T10:22:30+00:00,60,,,,,,,,,,,,,,,,,,,,,
2257343,56526,Russia,4491846616,1772705250000,2026-03-05T10:07:30+00:00,60,,,,,,,,,,,,,,,,,,,,,
2257342,56526,Russia,4491846502,1772704350000,2026-03-05T09:52:30+00:00,60,,,,,,,,,,,,,,,,,,,,,
2258309,56526,Russia,4491846388,1772703450000,2026-03-05T09:37:30+00:00,50,4,1,2,5,9,10,11,15,18,,,,,,,,,,,,
2257341,56526,Russia,4491846277,1772702550000,2026-03-05T09:22:30+00:00,60,,,,,,,,,,,,,,,,,,,,,
2257340,56526,Russia,4491846166,1772701650000,2026-03-05T09:07:30+00:00,60,,,,,,,,,,,,,,,,,,,,,
2257339,56526,Russia,4491846058,1772700750000,2026-03-05T08:52:30+00:00,60,,,,,,,,,,,,,,,,,,,,,
2258200,56526,Russia,4491845956,1772699850000,2026-03-05T08:37:30+00:00,50,3,1,6,10,11,14,15,17,19,,,,,,,,,,,,
2258172,56526,Russia,4491845860,1772698950000,2026-03-05T08:22:30+00:00,50,1,2,7,8,11,13,15,17,19,,,,,,,,,,,,
2258142,56526,Russia,4491845758,1772698050000,2026-03-05T08:07:30+00:00,50,1,1,6,8,12,14,15,19,20,,,,,,,,,,,,
2258101,56526,Russia,4491845656,1772697150000,2026-03-05T07:52:30+00:00,50,4,2,4,6,8,11,15,18,20,,,,,,,,,,,,
2258073,56526,Russia,4491845554,1772696250000,2026-03-05T07:37:30+00:00,50,1,3,6,8,11,15,18,19,20,,,,,,,,,,,,
2257338,56526,Russia,4491845458,1772695350000,2026-03-05T07:22:30+00:00,60,,,,,,,,,,,,,,,,,,,,,
2257337,56526,Russia,4491845356,1772694450000,2026-03-05T07:07:30+00:00,60,,,,,,,,,,,,,,,,,,,,,
2257336,56526,Russia,4491845251,1772693550000,2026-03-05T06:52:30+00:00,60,,,,,,,,,,,,,,,,,,,,,
2257941,56526,Russia,4491845149,1772692650000,2026-03-05T06:37:30+00:00,50,1,1,6,8,12,14,15,17,19,,,,,,,,,,,,
2257908,56526,Russia,4491845053,1772691750000,2026-03-05T06:22:30+00:00,50,1,2,11,12,13,15,16,19,20,,,,,,,,,,,,
2257876,56526,Russia,4491844951,1772690850000,2026-03-05T06:07:30+00:00,50,4,1,5,6,8,16,17,18,20,,,,,,,,,,,,
2257852,56526,Russia,4491844861,1772689950000,2026-03-05T05:52:30+00:00,50,4,4,5,8,10,11,13,16,18,,,,,,,,,,,,
2257826,56526,Russia,4491844771,1772689050000,2026-03-05T05:37:30+00:00,50,3,2,5,6,13,14,16,19,20,,,,,,,,,,,,
2257807,56526,Russia,4491844693,1772688150000,2026-03-05T05:22:30+00:00,50,1,2,3,5,7,9,11,15,16,,,,,,,,,,,,
2257795,56526,Russia,4491844615,1772687250000,2026-03-05T05:07:30+00:00,50,1,3,4,6,8,9,10,12,15,,,,,,,,,,,,
2257787,56526,Russia,4491844543,1772686350000,2026-03-05T04:52:30+00:00,50,3,2,3,4,5,11,13,14,17,,,,,,,,,,,,
2257772,56526,Russia,4491844465,1772685450000,2026-03-05T04:37:30+00:00,50,3,1,4,6,8,10,11,15,20,,,,,,,,,,,,
2257745,56526,Russia,4491844387,1772684550000,2026-03-05T04:22:30+00:00,50,3,1,5,6,12,14,17,18,19,,,,,,,,,,,,
2257731,56526,Russia,4491844309,1772683650000,2026-03-05T04:07:30+00:00,50,2,4,6,12,13,16,17,18,19,,,,,,,,,,,,
2257710,56526,Russia,4491844237,1772682750000,2026-03-05T03:52:30+00:00,50,3,1,6,7,11,14,16,19,20,,,,,,,,,,,,
2257684,56526,Russia,4491844159,1772681850000,2026-03-05T03:37:30+00:00,50,1,4,5,6,7,9,13,16,18,,,,,,,,,,,,
2257663,56526,Russia,4491844084,1772680950000,2026-03-05T03:22:30+00:00,50,3,6,7,8,12,13,15,19,20,,,,,,,,,,,,
2257636,56526,Russia,4491844006,1772680050000,2026-03-05T03:07:30+00:00,50,3,1,3,6,11,13,14,18,20,,,,,,,,,,,,
2257616,56526,Russia,4491843934,1772679150000,2026-03-05T02:52:30+00:00,50,4,6,9,10,12,14,15,16,17,,,,,,,,,,,,
2257598,56526,Russia,4491843856,1772678250000,2026-03-05T02:37:30+00:00,50,3,3,5,6,8,9,10,13,20,,,,,,,,,,,,
2257584,56526,Russia,4491843778,1772677350000,2026-03-05T02:22:30+00:00,50,1,1,2,3,9,15,18,19,20,,,,,,,,,,,,
2257555,56526,Russia,4491843700,1772676450000,2026-03-05T02:07:30+00:00,50,4,2,6,9,10,12,14,16,20,,,,,,,,,,,,
2257533,56526,Russia,4491843628,1772675550000,2026-03-05T01:52:30+00:00,50,4,2,3,5,6,10,12,18,19,,,,,,,,,,,,
2257509,56526,Russia,4491843550,1772674650000,2026-03-05T01:37:30+00:00,50,1,1,7,10,13,14,15,16,19,,,,,,,,,,,,
2257491,56526,Russia,4491843475,1772673750000,2026-03-05T01:22:30+00:00,50,1,3,4,10,14,16,17,18,20,,,,,,,,,,,,
2257468,56526,Russia,4491843397,1772672850000,2026-03-05T01:07:30+00:00,50,3,2,6,8,11,14,16,17,18,,,,,,,,,,,,
2257439,56526,Russia,4491843325,1772671950000,2026-03-05T00:52:30+00:00,50,2,4,8,11,12,13,17,18,20,,,,,,,,,,,,
2257418,56526,Russia,4491843247,1772671050000,2026-03-05T00:37:30+00:00,50,2,6,7,10,12,13,15,17,20,,,,,,,,,,,,
2257396,56526,Russia,4491843172,1772670150000,2026-03-05T00:22:30+00:00,50,4,1,2,8,10,13,14,15,19,,,,,,,,,,,,
2257376,56526,Russia,4491843094,1772669250000,2026-03-05T00:07:30+00:00,50,3,1,3,5,6,7,9,10,13,,,,,,,,,,,,
2257449,56526,Russia,4489862449,1772668350000,2026-03-04T23:52:30+00:00,50,1,1,10,12,14,15,16,17,19,,,,,,,,,,,,
2257286,56526,Russia,4489862371,1772667450000,2026-03-04T23:37:30+00:00,50,2,3,4,5,8,10,15,17,19,,,,,,,,,,,,
2257284,56526,Russia,4489862296,1772666550000,2026-03-04T23:22:30+00:00,50,3,2,4,5,6,11,15,17,20,,,,,,,,,,,,
2257268,56526,Russia,4489862227,1772665650000,2026-03-04T23:07:30+00:00,50,4,2,3,4,6,8,10,18,20,,,,,,,,,,,,
2257254,56526,Russia,4489862185,1772664750000,2026-03-04T22:52:30+00:00,50,4,4,7,10,11,13,14,15,17,,,,,,,,,,,,
2257220,56526,Russia,4489862161,1772663850000,2026-03-04T22:37:30+00:00,50,3,1,2,4,10,13,15,16,17,,,,,,,,,,,,
2257174,56526,Russia,4489862137,1772662950000,2026-03-04T22:22:30+00:00,50,4,1,7,10,11,13,15,18,19,,,,,,,,,,,,
2257162,56526,Russia,4489862113,1772662050000,2026-03-04T22:07:30+00:00,50,3,2,4,5,10,11,15,18,19,,,,,,,,,,,,
2257059,56526,Russia,4489862092,1772661150000,2026-03-04T21:52:30+00:00,50,3,1,6,9,12,13,14,17,19,,,,,,,,,,,,
2257058,56526,Russia,4489862077,1772660250000,2026-03-04T21:37:30+00:00,50,2,4,7,9,11,13,15,16,17,,,,,,,,,,,,
2257057,56526,Russia,4489862062,1772659350000,2026-03-04T21:22:30+00:00,50,2,7,11,13,14,15,16,18,20,,,,,,,,,,,,
2257017,56526,Russia,4489862050,1772658450000,2026-03-04T21:07:30+00:00,50,2,2,3,7,8,12,13,19,20,,,,,,,,,,,,
2257001,56526,Russia,4489860730,1772657550000,2026-03-04T20:52:30+00:00,50,3,1,3,4,6,8,13,14,15,,,,,,,,,,,,
2256974,56526,Russia,4489860619,1772656650000,2026-03-04T20:37:30+00:00,50,2,7,8,9,10,14,15,16,20,,,,,,,,,,,,
2254576,56526,Russia,4489860520,1772655750000,2026-03-04T20:22:30+00:00,60,,,,,,,,,,,,,,,,,,,,,
2256905,56526,Russia,4489860409,1772654850000,2026-03-04T20:07:30+00:00,50,2,3,5,6,7,8,11,12,17,,,,,,,,,,,,
2256872,56526,Russia,4489860301,1772653950000,2026-03-04T19:52:30+00:00,50,1,1,3,4,6,9,13,16,20,,,,,,,,,,,,
2256830,56526,Russia,4489860178,1772653050000,2026-03-04T19:37:30+00:00,50,3,2,5,6,10,11,12,16,19,,,,,,,,,,,,
2254575,56526,Russia,4489860064,1772652150000,2026-03-04T19:22:30+00:00,60,,,,,,,,,,,,,,,,,,,,,
2254574,56526,Russia,4489859947,1772651250000,2026-03-04T19:07:30+00:00,60,,,,,,,,,,,,,,,,,,,,,
2254573,56526,Russia,4489859809,1772650350000,2026-03-04T18:52:30+00:00,60,,,,,,,,,,,,,,,,,,,,,
2256698,56526,Russia,4489859695,1772649450000,2026-03-04T18:37:30+00:00,50,1,3,4,5,8,11,14,15,19,,,,,,,,,,,,
2256681,56526,Russia,4489859578,1772648550000,2026-03-04T18:22:30+00:00,50,4,1,2,4,6,7,15,18,19,,,,,,,,,,,,
2256631,56526,Russia,4489859464,1772647650000,2026-03-04T18:07:30+00:00,50,1,2,3,7,10,12,14,15,17,,,,,,,,,,,,
2256604,56526,Russia,4489859338,1772646750000,2026-03-04T17:52:30+00:00,50,2,1,6,7,10,12,13,18,19,,,,,,,,,,,,
2256572,56526,Russia,4489859218,1772645850000,2026-03-04T17:37:30+00:00,50,3,1,2,4,5,7,11,13,19,,,,,,,,,,,,
2254572,56526,Russia,4489859107,1772644950000,2026-03-04T17:22:30+00:00,60,,,,,,,,,,,,,,,,,,,,,
2254571,56526,Russia,4489858996,1772644050000,2026-03-04T17:07:30+00:00,60,,,,,,,,,,,,,,,,,,,,,
2254569,56526,Russia,4489858873,1772643150000,2026-03-04T16:52:30+00:00,60,,,,,,,,,,,,,,,,,,,,,
2256447,56526,Russia,4489858756,1772642250000,2026-03-04T16:37:30+00:00,50,4,2,5,12,13,15,16,17,20,,,,,,,,,,,,
2256410,56526,Russia,4489858642,1772641350000,2026-03-04T16:22:30+00:00,50,1,2,5,8,9,13,16,19,20,,,,,,,,,,,,
2256378,56526,Russia,4489858525,1772640450000,2026-03-04T16:07:30+00:00,50,4,2,3,4,7,9,13,14,20,,,,,,,,,,,,
2256350,56526,Russia,4489858411,1772639550000,2026-03-04T15:52:30+00:00,50,1,1,3,4,7,13,14,15,19,,,,,,,,,,,,
2256316,56526,Russia,4489858294,1772638650000,2026-03-04T15:37:30+00:00,50,2,2,3,5,13,14,16,18,20,,,,,,,,,,,,
2254566,56526,Russia,4489858186,1772637750000,2026-03-04T15:22:30+00:00,60,,,,,,,,,,,,,,,,,,,,,
2254565,56526,Russia,4489858075,1772636850000,2026-03-04T15:07:30+00:00,60,,,,,,,,,,,,,,,,,,,,,
2254561,56526,Russia,4489857958,1772635950000,2026-03-04T14:52:30+00:00,60,,,,,,,,,,,,,,,,,,,,,
2256198,56526,Russia,4489857847,1772635050000,2026-03-04T14:37:30+00:00,50,1,5,6,7,8,10,11,19,20,,,,,,,,,,,,
2256162,56526,Russia,4489857739,1772634150000,2026-03-04T14:22:30+00:00,50,3,1,3,4,5,8,12,14,16,,,,,,,,,,,,
2256132,56526,Russia,4489857628,1772633250000,2026-03-04T14:07:30+00:00,50,1,2,5,9,11,13,15,19,20,,,,,,,,,,,,
2256102,56526,Russia,4489857511,1772632350000,2026-03-04T13:52:30+00:00,50,2,3,4,5,13,14,15,16,17,,,,,,,,,,,,
2256072,56526,Russia,4489857400,1772631450000,2026-03-04T13:37:30+00:00,50,3,1,2,3,5,14,17,18,19,,,,,,,,,,,,
2254560,56526,Russia,4489857295,1772630550000,2026-03-04T13:22:30+00:00,60,,,,,,,,,,,,,,,,,,,,,
2254559,56526,Russia,4489857178,1772629650000,2026-03-04T13:07:30+00:00,60,,,,,,,,,,,,,,,,,,,,,
2254558,56526,Russia,4489857058,1772628750000,2026-03-04T12:52:30+00:00,60,,,,,,,,,,,,,,,,,,,,,
2255944,56526,Russia,4489856944,1772627850000,2026-03-04T12:37:30+00:00,50,1,5,6,8,9,10,13,19,20,,,,,,,,,,,,
2255911,56526,Russia,4489856836,1772626950000,2026-03-04T12:22:30+00:00,50,3,1,8,10,12,14,16,19,20,,,,,,,,,,,,
2255887,56526,Russia,4489856725,1772626050000,2026-03-04T12:07:30+00:00,50,3,2,3,5,6,11,17,19,20,,,,,,,,,,,,
2255852,56526,Russia,4489856614,1772625150000,2026-03-04T11:52:30+00:00,50,2,2,3,6,7,9,14,15,20,,,,,,,,,,,,
2255819,56526,Russia,4489856497,1772624250000,2026-03-04T11:37:30+00:00,50,3,2,7,10,11,12,17,19,20,,,,,,,,,,,,
2255784,56526,Russia,4489856392,1772623350000,2026-03-04T11:22:30+00:00,50,4,1,3,6,10,11,12,14,17,,,,,,,,,,,,
2255758,56526,Russia,4489856281,1772622450000,2026-03-04T11:07:30+00:00,50,3,1,7,9,10,11,14,15,17,,,,,,,,,,,,
2254557,56526,Russia,4489856170,1772621550000,2026-03-04T10:52:30+00:00,60,,,,,,,,,,,,,,,,,,,,,
2255700,56526,Russia,4489856053,1772620650000,2026-03-04T10:37:30+00:00,50,4,6,7,9,10,13,14,16,20,,,,,,,,,,,,
2254556,56526,Russia,4489855945,1772619750000,2026-03-04T10:22:30+00:00,60,,,,,,,,,,,,,,,,,,,,,
2254555,56526,Russia,4489855834,1772618850000,2026-03-04T10:07:30+00:00,60,,,,,,,,,,,,,,,,,,,,,
2254553,56526,Russia,4489855720,1772617950000,2026-03-04T09:52:30+00:00,60,,,,,,,,,,,,,,,,,,,,,
2255576,56526,Russia,4489855609,1772617050000,2026-03-04T09:37:30+00:00,50,3,7,8,9,11,12,14,15,16,,,,,,,,,,,,
2254552,56526,Russia,4489855501,1772616150000,2026-03-04T09:22:30+00:00,60,,,,,,,,,,,,,,,,,,,,,
2254551,56526,Russia,4489855390,1772615250000,2026-03-04T09:07:30+00:00,60,,,,,,,,,,,,,,,,,,,,,
2254550,56526,Russia,4489855282,1772614350000,2026-03-04T08:52:30+00:00,60,,,,,,,,,,,,,,,,,,,,,
2255452,56526,Russia,4489855180,1772613450000,2026-03-04T08:37:30+00:00,50,4,1,2,4,6,7,8,17,19,,,,,,,,,,,,
2255425,56526,Russia,4489855081,1772612550000,2026-03-04T08:22:30+00:00,50,1,1,5,8,10,13,14,15,19,,,,,,,,,,,,
2255403,56526,Russia,4489854979,1772611650000,2026-03-04T08:07:30+00:00,50,4,1,3,6,10,13,18,19,20,,,,,,,,,,,,
2255379,56526,Russia,4489854877,1772610750000,2026-03-04T07:52:30+00:00,50,1,3,4,8,10,11,13,15,17,,,,,,,,,,,,
2255353,56526,Russia,4489854775,1772609850000,2026-03-04T07:37:30+00:00,50,3,1,3,5,7,9,10,16,20,,,,,,,,,,,,
2254547,56526,Russia,4489854679,1772608950000,2026-03-04T07:22:30+00:00,60,,,,,,,,,,,,,,,,,,,,,
2254544,56526,Russia,4489854577,1772608050000,2026-03-04T07:07:30+00:00,60,,,,,,,,,,,,,,,,,,,,,
2254540,56526,Russia,4489854472,1772607150000,2026-03-04T06:52:30+00:00,60,,,,,,,,,,,,,,,,,,,,,
2255281,56526,Russia,4489854370,1772606250000,2026-03-04T06:37:30+00:00,50,1,2,4,6,7,11,12,15,16,,,,,,,,,,,,
2255280,56526,Russia,4489854271,1772605350000,2026-03-04T06:22:30+00:00,50,1,1,4,9,13,16,18,19,20,,,,,,,,,,,,
2255254,56526,Russia,4489854169,1772604450000,2026-03-04T06:07:30+00:00,50,1,1,4,6,8,9,10,12,15,,,,,,,,,,,,
2255237,56526,Russia,4489854079,1772603550000,2026-03-04T05:52:30+00:00,50,4,4,5,12,14,15,17,18,19,,,,,,,,,,,,
2255219,56526,Russia,4489853989,1772602650000,2026-03-04T05:37:30+00:00,50,3,3,4,5,7,10,11,16,17,,,,,,,,,,,,
2255189,56526,Russia,4489853911,1772601750000,2026-03-04T05:22:30+00:00,50,2,1,9,12,13,15,16,18,20,,,,,,,,,,,,
2255186,56526,Russia,4489853833,1772600850000,2026-03-04T05:07:30+00:00,50,1,3,4,5,7,8,14,15,20,,,,,,,,,,,,
2255173,56526,Russia,4489853761,1772599950000,2026-03-04T04:52:30+00:00,50,4,1,2,3,5,7,11,15,16,,,,,,,,,,,,
2255170,56526,Russia,4489853683,1772599050000,2026-03-04T04:37:30+00:00,50,1,1,2,4,5,7,9,14,18,,,,,,,,,,,,
2255138,56526,Russia,4489853605,1772598150000,2026-03-04T04:22:30+00:00,50,4,2,3,4,7,12,14,15,17,,,,,,,,,,,,
2255125,56526,Russia,4489853527,1772597250000,2026-03-04T04:07:30+00:00,50,2,1,2,7,9,10,12,13,16,,,,,,,,,,,,
2255106,56526,Russia,4489853455,1772596350000,2026-03-04T03:52:30+00:00,50,4,1,2,10,11,13,16,18,20,,,,,,,,,,,,
2255092,56526,Russia,4489853377,1772595450000,2026-03-04T03:37:30+00:00,50,2,2,7,8,9,11,16,17,20,,,,,,,,,,,,
2255077,56526,Russia,4489853302,1772594550000,2026-03-04T03:22:30+00:00,50,4,2,4,6,12,16,17,18,20,,,,,,,,,,,,
2255057,56526,Russia,4489853224,1772593650000,2026-03-04T03:07:30+00:00,50,3,3,4,7,9,11,16,18,19,,,,,,,,,,,,
2255055,56526,Russia,4489853074,1772591850000,2026-03-04T02:37:30+00:00,50,1,3,8,10,11,12,15,18,19,,,,,,,,,,,,
2255036,56526,Russia,4489852996,1772590950000,2026-03-04T02:22:30+00:00,50,2,1,2,11,13,14,15,18,19,,,,,,,,,,,,
2255021,56526,Russia,4489852918,1772590050000,2026-03-04T02:07:30+00:00,50,3,3,5,9,10,12,18,19,20,,,,,,,,,,,,
2255005,56526,Russia,4489852846,1772589150000,2026-03-04T01:52:30+00:00,50,2,1,3,7,9,11,12,16,19,,,,,,,,,,,,
2254988,56526,Russia,4489852768,1772588250000,2026-03-04T01:37:30+00:00,50,4,1,6,7,8,9,10,11,18,,,,,,,,,,,,
2254983,56526,Russia,4489852693,1772587350000,2026-03-04T01:22:30+00:00,50,2,4,6,9,10,13,14,19,20,,,,,,,,,,,,
2254946,56526,Russia,4489852543,1772585550000,2026-03-04T00:52:30+00:00,50,2,1,6,7,12,13,15,17,20,,,,,,,,,,,,
2254908,56526,Russia,4489852390,1772583750000,2026-03-04T00:22:30+00:00,50,4,2,3,4,5,6,13,18,19,,,,,,,,,,,,
2254885,56526,Russia,4488117142,1772581950000,2026-03-03T23:52:30+00:00,50,4,1,4,5,11,13,16,17,18,,,,,,,,,,,,
2254858,56526,Russia,4488117064,1772581050000,2026-03-03T23:37:30+00:00,50,2,1,2,4,6,7,11,12,17,,,,,,,,,,,,
2254845,56526,Russia,4488116989,1772580150000,2026-03-03T23:22:30+00:00,50,1,1,3,8,11,15,16,18,19,,,,,,,,,,,,
2254828,56526,Russia,4488116920,1772579250000,2026-03-03T23:07:30+00:00,50,2,2,3,4,5,6,9,10,20,,,,,,,,,,,,
2254668,56526,Russia,4488116854,1772577450000,2026-03-03T22:37:30+00:00,50,3,2,3,4,5,11,15,17,19,,,,,,,,,,,,
2254624,56526,Russia,4488116830,1772576550000,2026-03-03T22:22:30+00:00,50,3,3,8,9,12,13,17,19,20,,,,,,,,,,,,
2254623,56526,Russia,4488116806,1772575650000,2026-03-03T22:07:30+00:00,50,1,1,4,5,6,9,10,11,14,,,,,,,,,,,,
2254590,56526,Russia,4488116785,1772574750000,2026-03-03T21:52:30+00:00,50,4,3,4,8,10,14,16,17,20,,,,,,,,,,,,
2254539,56526,Russia,4488116770,1772573850000,2026-03-03T21:37:30+00:00,50,2,5,6,8,12,15,16,19,20,,,,,,,,,,,,
2254509,56526,Russia,4488116755,1772572950000,2026-03-03T21:22:30+00:00,50,4,1,3,5,6,11,13,17,20,,,,,,,,,,,,
2254483,56526,Russia,4488116743,1772572050000,2026-03-03T21:07:30+00:00,50,4,2,3,7,9,14,16,18,20,,,,,,,,,,,,
2254473,56526,Russia,4488115420,1772571150000,2026-03-03T20:52:30+00:00,50,1,1,2,7,9,10,14,17,18,,,,,,,,,,,,
2252633,56526,Russia,4488115204,1772569350000,2026-03-03T20:22:30+00:00,60,,,,,,,,,,,,,,,,,,,,,
2254408,56526,Russia,4488115096,1772568450000,2026-03-03T20:07:30+00:00,50,4,1,2,7,8,13,15,17,18,,,,,,,,,,,,
2254375,56526,Russia,4488114985,1772567550000,2026-03-03T19:52:30+00:00,50,1,1,3,7,10,11,12,14,15,,,,,,,,,,,,
2254351,56526,Russia,4488114865,1772566650000,2026-03-03T19:37:30+00:00,50,4,1,2,5,6,9,11,14,18,,,,,,,,,,,,
2252631,56526,Russia,4488114748,1772565750000,2026-03-03T19:22:30+00:00,60,,,,,,,,,,,,,,,,,,,,,
2254249,56526,Russia,4488114262,1772562150000,2026-03-03T18:22:30+00:00,50,1,1,2,3,6,7,8,9,10,,,,,,,,,,,,
2254206,56526,Russia,4488114028,1772560350000,2026-03-03T17:52:30+00:00,50,1,1,2,4,7,8,16,19,20,,,,,,,,,,,,
2254175,56526,Russia,4488113911,1772559450000,2026-03-03T17:37:30+00:00,50,4,1,2,5,8,10,14,15,16,,,,,,,,,,,,
2254093,56526,Russia,4488113449,1772555850000,2026-03-03T16:37:30+00:00,50,3,1,5,6,12,13,16,17,18,,,,,,,,,,,,
2254061,56526,Russia,4488113338,1772554950000,2026-03-03T16:22:30+00:00,50,4,2,5,6,9,11,13,15,18,,,,,,,,,,,,
2254037,56526,Russia,4488113227,1772554050000,2026-03-03T16:07:30+00:00,50,3,5,6,7,9,13,14,17,20,,,,,,,,,,,,
2254025,56526,Russia,4488113113,1772553150000,2026-03-03T15:52:30+00:00,50,3,3,4,5,12,16,17,18,20,,,,,,,,,,,,
2253997,56526,Russia,4488112990,1772552250000,2026-03-03T15:37:30+00:00,50,3,5,7,9,10,11,16,17,19,,,,,,,,,,,,
2253909,56526,Russia,4488112546,1772548650000,2026-03-03T14:37:30+00:00,50,4,2,6,8,10,16,18,19,20,,,,,,,,,,,,
2253884,56526,Russia,4488112435,1772547750000,2026-03-03T14:22:30+00:00,50,1,1,2,3,5,6,11,15,17,,,,,,,,,,,,
2253856,56526,Russia,4488112324,1772546850000,2026-03-03T14:07:30+00:00,50,1,1,4,8,10,11,13,16,18,,,,,,,,,,,,
2253838,56526,Russia,4488112207,1772545950000,2026-03-03T13:52:30+00:00,50,2,2,3,5,10,11,14,19,20,,,,,,,,,,,,
2253809,56526,Russia,4488112096,1772545050000,2026-03-03T13:37:30+00:00,50,3,1,4,5,7,8,10,12,15,,,,,,,,,,,,
2253713,56526,Russia,4488111640,1772541450000,2026-03-03T12:37:30+00:00,50,4,1,3,5,6,11,12,15,16,,,,,,,,,,,,
2253688,56526,Russia,4488111532,1772540550000,2026-03-03T12:22:30+00:00,50,4,2,4,6,9,12,13,17,20,,,,,,,,,,,,
2253660,56526,Russia,4488111421,1772539650000,2026-03-03T12:07:30+00:00,50,3,1,3,8,11,13,14,17,20,,,,,,,,,,,,
2253629,56526,Russia,4488111310,1772538750000,2026-03-03T11:52:30+00:00,50,1,1,3,5,13,14,15,16,20,,,,,,,,,,,,
2253599,56526,Russia,4488111193,1772537850000,2026-03-03T11:37:30+00:00,50,4,1,6,7,9,12,13,16,17,,,,,,,,,,,,
2253567,56526,Russia,4488111088,1772536950000,2026-03-03T11:22:30+00:00,50,1,1,2,3,5,9,12,17,18,,,,,,,,,,,,
2253548,56526,Russia,4488110977,1772536050000,2026-03-03T11:07:30+00:00,50,4,1,3,6,8,12,13,17,18,,,,,,,,,,,,
2253520,56526,Russia,4488110749,1772534250000,2026-03-03T10:37:30+00:00,50,2,2,3,4,7,11,12,19,20,,,,,,,,,,,,
2252629,56526,Russia,4488110530,1772532450000,2026-03-03T10:07:30+00:00,60,,,,,,,,,,,,,,,,,,,,,
2252627,56526,Russia,4488110416,1772531550000,2026-03-03T09:52:30+00:00,60,,,,,,,,,,,,,,,,,,,,,
2253450,56526,Russia,4488110305,1772530650000,2026-03-03T09:37:30+00:00,50,2,1,3,6,7,10,14,18,19,,,,,,,,,,,,
2252625,56526,Russia,4488110197,1772529750000,2026-03-03T09:22:30+00:00,60,,,,,,,,,,,,,,,,,,,,,
2252624,56526,Russia,4488110086,1772528850000,2026-03-03T09:07:30+00:00,60,,,,,,,,,,,,,,,,,,,,,
2252623,56526,Russia,4488109978,1772527950000,2026-03-03T08:52:30+00:00,60,,,,,,,,,,,,,,,,,,,,,
2253351,56526,Russia,4488109876,1772527050000,2026-03-03T08:37:30+00:00,50,2,1,6,7,9,10,14,15,17,,,,,,,,,,,,
2253326,56526,Russia,4488109780,1772526150000,2026-03-03T08:22:30+00:00,50,3,1,2,6,9,10,11,14,16,,,,,,,,,,,,
2253302,56526,Russia,4488109678,1772525250000,2026-03-03T08:07:30+00:00,50,3,2,3,6,7,8,12,16,18,,,,,,,,,,,,
2253292,56526,Russia,4488109576,1772524350000,2026-03-03T07:52:30+00:00,50,2,1,7,9,11,12,15,18,20,,,,,,,,,,,,
2253266,56526,Russia,4488109474,1772523450000,2026-03-03T07:37:30+00:00,50,4,1,5,6,7,8,11,14,16,,,,,,,,,,,,
2252622,56526,Russia,4488109378,1772522550000,2026-03-03T07:22:30+00:00,60,,,,,,,,,,,,,,,,,,,,,
2252621,56526,Russia,4488109276,1772521650000,2026-03-03T07:07:30+00:00,60,,,,,,,,,,,,,,,,,,,,,
2252620,56526,Russia,4488109171,1772520750000,2026-03-03T06:52:30+00:00,60,,,,,,,,,,,,,,,,,,,,,
2253196,56526,Russia,4488109069,1772519850000,2026-03-03T06:37:30+00:00,50,4,3,4,6,12,14,18,19,20,,,,,,,,,,,,
2253171,56526,Russia,4488108973,1772518950000,2026-03-03T06:22:30+00:00,50,4,2,3,5,6,10,12,16,19,,,,,,,,,,,,
2254748,56526,Russia,4488108871,1772518050000,2026-03-03T06:07:30+00:00,50,2,1,3,7,8,9,11,13,17,,,,,,,,,,,,
2253150,56526,Russia,4488108781,1772517150000,2026-03-03T05:52:30+00:00,50,2,6,8,9,10,11,13,18,20,,,,,,,,,,,,
2253129,56526,Russia,4488108691,1772516250000,2026-03-03T05:37:30+00:00,50,1,6,7,8,9,11,12,13,18,,,,,,,,,,,,
2254730,56526,Russia,4488108613,1772515350000,2026-03-03T05:22:30+00:00,50,3,3,4,5,6,7,9,17,19,,,,,,,,,,,,
2253101,56526,Russia,4488108535,1772514450000,2026-03-03T05:07:30+00:00,50,4,3,4,5,7,8,9,10,14,,,,,,,,,,,,
2254723,56526,Russia,4488108463,1772513550000,2026-03-03T04:52:30+00:00,50,3,7,10,12,14,16,17,18,20,,,,,,,,,,,,
2253075,56526,Russia,4488108385,1772512650000,2026-03-03T04:37:30+00:00,50,2,1,3,4,6,11,12,13,19,,,,,,,,,,,,
2253062,56526,Russia,4488108307,1772511750000,2026-03-03T04:22:30+00:00,50,1,1,4,7,9,11,12,13,15,,,,,,,,,,,,
2253042,56526,Russia,4488108229,1772510850000,2026-03-03T04:07:30+00:00,50,1,1,2,10,12,14,15,19,20,,,,,,,,,,,,
2253025,56526,Russia,4488108157,1772509950000,2026-03-03T03:52:30+00:00,50,1,5,9,10,11,12,14,16,20,,,,,,,,,,,,
2253016,56526,Russia,4488108079,1772509050000,2026-03-03T03:37:30+00:00,50,3,2,5,6,9,11,14,15,16,,,,,,,,,,,,
2252997,56526,Russia,4488108004,1772508150000,2026-03-03T03:22:30+00:00,50,1,1,2,3,8,11,12,18,19,,,,,,,,,,,,
2252983,56526,Russia,4488107926,1772507250000,2026-03-03T03:07:30+00:00,50,1,1,3,6,8,11,13,17,18,,,,,,,,,,,,
2252947,56526,Russia,4488107854,1772506350000,2026-03-03T02:52:30+00:00,50,1,1,4,5,6,7,10,12,15,,,,,,,,,,,,
2254697,56526,Russia,4488107776,1772505450000,2026-03-03T02:37:30+00:00,50,2,7,8,9,11,13,14,17,19,,,,,,,,,,,,
2252935,56526,Russia,4488107698,1772504550000,2026-03-03T02:22:30+00:00,50,2,3,6,7,11,15,18,19,20,,,,,,,,,,,,
2252922,56526,Russia,4488107620,1772503650000,2026-03-03T02:07:30+00:00,50,1,1,2,3,4,7,8,12,15,,,,,,,,,,,,
2252905,56526,Russia,4488107548,1772502750000,2026-03-03T01:52:30+00:00,50,1,2,3,4,9,10,12,13,15,,,,,,,,,,,,
2252890,56526,Russia,4488107470,1772501850000,2026-03-03T01:37:30+00:00,50,4,3,7,8,10,12,14,18,19,,,,,,,,,,,,
2252875,56526,Russia,4488107395,1772500950000,2026-03-03T01:22:30+00:00,50,1,6,7,9,10,11,12,15,16,,,,,,,,,,,,
2252861,56526,Russia,4488107317,1772500050000,2026-03-03T01:07:30+00:00,50,4,4,5,6,8,12,13,14,18,,,,,,,,,,,,
2252850,56526,Russia,4488107245,1772499150000,2026-03-03T00:52:30+00:00,50,4,1,2,3,9,10,14,19,20,,,,,,,,,,,,
2252832,56526,Russia,4488107167,1772498250000,2026-03-03T00:37:30+00:00,50,2,3,5,6,11,15,16,18,19,,,,,,,,,,,,
2252818,56526,Russia,4488107092,1772497350000,2026-03-03T00:22:30+00:00,50,1,1,2,5,7,14,15,16,19,,,,,,,,,,,,
2252793,56526,Russia,4488107014,1772496450000,2026-03-03T00:07:30+00:00,50,1,3,6,9,12,13,14,16,19,,,,,,,,,,,,
2252780,56526,Russia,4484870818,1772494650000,2026-03-02T23:37:30+00:00,50,4,1,3,4,12,13,14,19,20,,,,,,,,,,,,
2252753,56526,Russia,4484870743,1772493750000,2026-03-02T23:22:30+00:00,50,1,1,3,8,11,12,14,15,18,,,,,,,,,,,,
2252743,56526,Russia,4484870674,1772492850000,2026-03-02T23:07:30+00:00,50,2,4,5,6,7,14,15,16,18,,,,,,,,,,,,
2252695,56526,Russia,4484870581,1772490150000,2026-03-02T22:22:30+00:00,50,3,1,5,6,9,12,13,16,17,,,,,,,,,,,,
2252677,56526,Russia,4484870557,1772489250000,2026-03-02T22:07:30+00:00,50,1,4,5,8,9,11,14,17,18,,,,,,,,,,,,
2252651,56526,Russia,4484870536,1772488350000,2026-03-02T21:52:30+00:00,50,3,1,7,9,10,13,15,17,18,,,,,,,,,,,,
2252618,56526,Russia,4484870521,1772487450000,2026-03-02T21:37:30+00:00,50,4,1,3,12,13,14,15,18,19,,,,,,,,,,,,
2252592,56526,Russia,4484870506,1772486550000,2026-03-02T21:22:30+00:00,50,2,7,8,10,13,14,15,16,18,,,,,,,,,,,,
2252555,56526,Russia,4484869279,1772484750000,2026-03-02T20:52:30+00:00,50,4,4,8,9,12,14,16,17,19,,,,,,,,,,,,
2252544,56526,Russia,4484869174,1772483850000,2026-03-02T20:37:30+00:00,50,1,1,7,8,9,11,16,17,18,,,,,,,,,,,,
2252464,56526,Russia,4484868988,1772482050000,2026-03-02T20:07:30+00:00,50,3,3,4,6,8,10,11,12,13,,,,,,,,,,,,
2252430,56526,Russia,4484868892,1772481150000,2026-03-02T19:52:30+00:00,50,1,3,6,8,10,12,13,15,18,,,,,,,,,,,,
2252343,56526,Russia,4484868346,1772476650000,2026-03-02T18:37:30+00:00,50,2,3,5,8,12,16,17,19,20,,,,,,,,,,,,
2252309,56526,Russia,4484868238,1772475750000,2026-03-02T18:22:30+00:00,50,3,5,8,12,13,14,15,18,20,,,,,,,,,,,,
2252290,56526,Russia,4484868133,1772474850000,2026-03-02T18:07:30+00:00,50,3,2,3,7,10,12,13,17,18,,,,,,,,,,,,
2252248,56526,Russia,4484868022,1772473950000,2026-03-02T17:52:30+00:00,50,1,2,4,6,9,11,15,18,20,,,,,,,,,,,,
2252231,56526,Russia,4484867914,1772473050000,2026-03-02T17:37:30+00:00,50,4,7,9,10,11,12,15,16,19,,,,,,,,,,,,
2252135,56526,Russia,4484867488,1772469450000,2026-03-02T16:37:30+00:00,50,2,2,4,6,7,11,14,17,19,,,,,,,,,,,,
2252131,56526,Russia,4484867389,1772468550000,2026-03-02T16:22:30+00:00,50,3,2,4,5,11,13,15,18,19,,,,,,,,,,,,
2252104,56526,Russia,4484867287,1772467650000,2026-03-02T16:07:30+00:00,50,1,3,4,6,8,11,15,16,20,,,,,,,,,,,,
2252064,56526,Russia,4484867074,1772465850000,2026-03-02T15:37:30+00:00,50,3,2,5,7,9,12,15,16,17,,,,,,,,,,,,
2251998,56526,Russia,4484866666,1772462250000,2026-03-02T14:37:30+00:00,50,4,3,6,8,9,10,11,14,16,,,,,,,,,,,,
2251951,56526,Russia,4484866468,1772460450000,2026-03-02T14:07:30+00:00,50,2,2,3,4,6,13,15,17,20,,,,,,,,,,,,
2251905,56526,Russia,4484866255,1772458650000,2026-03-02T13:37:30+00:00,50,3,2,3,5,6,9,12,17,20,,,,,,,,,,,,
2250883,56526,Russia,4484866051,1772456850000,2026-03-02T13:07:30+00:00,60,,,,,,,,,,,,,,,,,,,,,
2250880,56526,Russia,4484865940,1772455950000,2026-03-02T12:52:30+00:00,60,,,,,,,,,,,,,,,,,,,,,
2251831,56526,Russia,4484865835,1772455050000,2026-03-02T12:37:30+00:00,50,1,2,4,6,8,15,16,17,20,,,,,,,,,,,,
2251810,56526,Russia,4484865739,1772454150000,2026-03-02T12:22:30+00:00,50,2,2,4,6,7,11,12,16,17,,,,,,,,,,,,
2251786,56526,Russia,4484865637,1772453250000,2026-03-02T12:07:30+00:00,50,1,6,8,10,13,14,17,19,20,,,,,,,,,,,,
2251755,56526,Russia,4484865535,1772452350000,2026-03-02T11:52:30+00:00,50,3,3,5,7,8,9,10,16,18,,,,,,,,,,,,
2251727,56526,Russia,4484865427,1772451450000,2026-03-02T11:37:30+00:00,50,1,5,6,9,10,12,15,18,19,,,,,,,,,,,,
2251698,56526,Russia,4484865331,1772450550000,2026-03-02T11:22:30+00:00,50,4,1,2,10,11,13,14,16,19,,,,,,,,,,,,
2250879,56526,Russia,4484865127,1772448750000,2026-03-02T10:52:30+00:00,60,,,,,,,,,,,,,,,,,,,,,
2251641,56526,Russia,4484865019,1772447850000,2026-03-02T10:37:30+00:00,50,4,3,4,7,11,15,16,19,20,,,,,,,,,,,,
2250878,56526,Russia,4484864920,1772446950000,2026-03-02T10:22:30+00:00,60,,,,,,,,,,,,,,,,,,,,,
2250877,56526,Russia,4484864818,1772446050000,2026-03-02T10:07:30+00:00,60,,,,,,,,,,,,,,,,,,,,,
2250874,56526,Russia,4484864713,1772445150000,2026-03-02T09:52:30+00:00,60,,,,,,,,,,,,,,,,,,,,,
2251535,56526,Russia,4484864608,1772444250000,2026-03-02T09:37:30+00:00,50,1,2,4,5,6,9,14,18,19,,,,,,,,,,,,
2250873,56526,Russia,4484864509,1772443350000,2026-03-02T09:22:30+00:00,60,,,,,,,,,,,,,,,,,,,,,
2250872,56526,Russia,4484864407,1772442450000,2026-03-02T09:07:30+00:00,60,,,,,,,,,,,,,,,,,,,,,
2250871,56526,Russia,4484864308,1772441550000,2026-03-02T08:52:30+00:00,60,,,,,,,,,,,,,,,,,,,,,
2251469,56526,Russia,4484864215,1772440650000,2026-03-02T08:37:30+00:00,50,4,2,4,6,9,10,12,15,16,,,,,,,,,,,,
2251447,56526,Russia,4484864128,1772439750000,2026-03-02T08:22:30+00:00,50,3,2,3,7,13,14,16,18,19,,,,,,,,,,,,
2251427,56526,Russia,4484864035,1772438850000,2026-03-02T08:07:30+00:00,50,3,6,7,8,10,12,15,16,19,,,,,,,,,,,,
2251403,56526,Russia,4484863942,1772437950000,2026-03-02T07:52:30+00:00,50,4,1,3,6,7,8,9,14,16,,,,,,,,,,,,
2250870,56526,Russia,4484863762,1772436150000,2026-03-02T07:22:30+00:00,60,,,,,,,,,,,,,,,,,,,,,
2250869,56526,Russia,4484863669,1772435250000,2026-03-02T07:07:30+00:00,60,,,,,,,,,,,,,,,,,,,,,
2250868,56526,Russia,4484863573,1772434350000,2026-03-02T06:52:30+00:00,60,,,,,,,,,,,,,,,,,,,,,
2251301,56526,Russia,4484863480,1772433450000,2026-03-02T06:37:30+00:00,50,2,2,4,7,11,12,14,15,20,,,,,,,,,,,,
2251284,56526,Russia,4484863393,1772432550000,2026-03-02T06:22:30+00:00,50,1,1,3,6,10,11,18,19,20,,,,,,,,,,,,
2251257,56526,Russia,4484863300,1772431650000,2026-03-02T06:07:30+00:00,50,2,3,4,7,9,12,16,18,19,,,,,,,,,,,,
2251238,56526,Russia,4484863219,1772430750000,2026-03-02T05:52:30+00:00,50,4,2,3,6,7,8,10,14,17,,,,,,,,,,,,
2251215,56526,Russia,4484863069,1772428950000,2026-03-02T05:22:30+00:00,50,4,2,5,6,9,11,14,16,19,,,,,,,,,,,,
2251203,56526,Russia,4484863000,1772428050000,2026-03-02T05:07:30+00:00,50,2,5,9,12,14,15,17,18,19,,,,,,,,,,,,
2251183,56526,Russia,4484862868,1772426250000,2026-03-02T04:37:30+00:00,50,1,4,6,10,14,15,17,18,19,,,,,,,,,,,,
2251164,56526,Russia,4484862802,1772425350000,2026-03-02T04:22:30+00:00,50,3,1,2,3,7,9,10,16,20,,,,,,,,,,,,
2251135,56526,Russia,4484862733,1772424450000,2026-03-02T04:07:30+00:00,50,4,1,4,8,10,11,13,16,20,,,,,,,,,,,,
2251116,56526,Russia,4484862670,1772423550000,2026-03-02T03:52:30+00:00,50,3,1,4,6,8,9,15,17,18,,,,,,,,,,,,
2251100,56526,Russia,4484862601,1772422650000,2026-03-02T03:37:30+00:00,50,2,2,5,10,11,12,13,16,17,,,,,,,,,,,,
2251077,56526,Russia,4484862466,1772420850000,2026-03-02T03:07:30+00:00,50,2,1,4,8,13,14,17,19,20,,,,,,,,,,,,
2251062,56526,Russia,4484862334,1772419050000,2026-03-02T02:37:30+00:00,50,3,1,2,6,10,11,12,14,19,,,,,,,,,,,,
2251044,56526,Russia,4484862268,1772418150000,2026-03-02T02:22:30+00:00,50,3,2,3,4,7,8,10,12,16,,,,,,,,,,,,
2251025,56526,Russia,4484862199,1772417250000,2026-03-02T02:07:30+00:00,50,3,1,4,6,7,12,18,19,20,,,,,,,,,,,,
2251013,56526,Russia,4484862136,1772416350000,2026-03-02T01:52:30+00:00,50,3,5,6,9,11,12,15,17,19,,,,,,,,,,,,
2250987,56526,Russia,4484861932,1772413650000,2026-03-02T01:07:30+00:00,50,4,1,3,8,9,11,12,19,20,,,,,,,,,,,,
2250964,56526,Russia,4484861800,1772411850000,2026-03-02T00:37:30+00:00,50,2,2,8,9,15,16,18,19,20,,,,,,,,,,,,
2250929,56526,Russia,4483063870,1772409150000,2026-03-01T23:52:30+00:00,50,4,2,4,5,8,9,15,16,20,,,,,,,,,,,,
2250914,56526,Russia,4483063801,1772408250000,2026-03-01T23:37:30+00:00,50,4,1,3,11,12,13,15,17,18,,,,,,,,,,,,
2250889,56526,Russia,4483063675,1772406450000,2026-03-01T23:07:30+00:00,50,4,1,6,7,8,11,12,14,20,,,,,,,,,,,,
2250884,56526,Russia,4483063636,1772405550000,2026-03-01T22:52:30+00:00,50,3,2,3,4,6,7,8,12,16,,,,,,,,,,,,
2250835,56526,Russia,4483063612,1772404650000,2026-03-01T22:37:30+00:00,50,2,3,7,12,13,15,16,18,19,,,,,,,,,,,,
2250822,56526,Russia,4483063588,1772403750000,2026-03-01T22:22:30+00:00,50,3,2,3,4,5,6,8,13,17,,,,,,,,,,,,
2250809,56526,Russia,4483063564,1772402850000,2026-03-01T22:07:30+00:00,50,3,1,4,5,8,9,14,17,18,,,,,,,,,,,,
2250782,56526,Russia,4483063543,1772401950000,2026-03-01T21:52:30+00:00,50,3,3,4,6,8,9,10,11,19,,,,,,,,,,,,
2250753,56526,Russia,4483063528,1772401050000,2026-03-01T21:37:30+00:00,50,2,1,4,6,9,11,16,18,19,,,,,,,,,,,,
2250741,56526,Russia,4483063513,1772400150000,2026-03-01T21:22:30+00:00,50,2,2,6,7,8,9,11,17,18,,,,,,,,,,,,
2250703,56526,Russia,4483063501,1772399250000,2026-03-01T21:07:30+00:00,50,1,1,2,4,11,13,16,19,20,,,,,,,,,,,,
2250685,56526,Russia,4483062292,1772398350000,2026-03-01T20:52:30+00:00,50,4,5,8,11,12,13,14,16,18,,,,,,,,,,,,
2250652,56526,Russia,4483062190,1772397450000,2026-03-01T20:37:30+00:00,50,4,3,4,6,12,13,14,17,18,,,,,,,,,,,,
2249060,56526,Russia,4483062100,1772396550000,2026-03-01T20:22:30+00:00,60,,,,,,,,,,,,,,,,,,,,,
2250607,56526,Russia,4483062001,1772395650000,2026-03-01T20:07:30+00:00,50,1,1,2,3,5,6,10,11,13,,,,,,,,,,,,
2250578,56526,Russia,4483061902,1772394750000,2026-03-01T19:52:30+00:00,50,2,2,5,8,9,11,13,18,19,,,,,,,,,,,,
2250553,56526,Russia,4483061797,1772393850000,2026-03-01T19:37:30+00:00,50,4,2,4,7,12,13,14,16,19,,,,,,,,,,,,
2249056,56526,Russia,4483061695,1772392950000,2026-03-01T19:22:30+00:00,60,,,,,,,,,,,,,,,,,,,,,
2249054,56526,Russia,4483061593,1772392050000,2026-03-01T19:07:30+00:00,60,,,,,,,,,,,,,,,,,,,,,
2249053,56526,Russia,4483061473,1772391150000,2026-03-01T18:52:30+00:00,60,,,,,,,,,,,,,,,,,,,,,
2250447,56526,Russia,4483061368,1772390250000,2026-03-01T18:37:30+00:00,50,4,4,7,8,9,13,16,18,20,,,,,,,,,,,,
2250398,56526,Russia,4483061158,1772388450000,2026-03-01T18:07:30+00:00,50,4,1,3,6,10,11,12,13,20,,,,,,,,,,,,
2250369,56526,Russia,4483061047,1772387550000,2026-03-01T17:52:30+00:00,50,1,1,2,11,12,14,15,16,20,,,,,,,,,,,,
2250340,56526,Russia,4483060939,1772386650000,2026-03-01T17:37:30+00:00,50,1,3,6,7,8,13,16,17,20,,,,,,,,,,,,
2249052,56526,Russia,4483060840,1772385750000,2026-03-01T17:22:30+00:00,60,,,,,,,,,,,,,,,,,,,,,
2249051,56526,Russia,4483060738,1772384850000,2026-03-01T17:07:30+00:00,60,,,,,,,,,,,,,,,,,,,,,
2249050,56526,Russia,4483060624,1772383950000,2026-03-01T16:52:30+00:00,60,,,,,,,,,,,,,,,,,,,,,
2250254,56526,Russia,4483060516,1772383050000,2026-03-01T16:37:30+00:00,50,4,1,3,5,7,11,16,17,19,,,,,,,,,,,,
2250244,56526,Russia,4483060411,1772382150000,2026-03-01T16:22:30+00:00,50,2,4,6,7,9,15,16,17,18,,,,,,,,,,,,
2250221,56526,Russia,4483060309,1772381250000,2026-03-01T16:07:30+00:00,50,4,3,5,6,7,8,11,16,19,,,,,,,,,,,,
2250195,56526,Russia,4483060207,1772380350000,2026-03-01T15:52:30+00:00,50,2,1,2,5,6,7,8,13,18,,,,,,,,,,,,
2250167,56526,Russia,4483060099,1772379450000,2026-03-01T15:37:30+00:00,50,3,1,6,7,9,12,15,19,20,,,,,,,,,,,,
2249049,56526,Russia,4483060000,1772378550000,2026-03-01T15:22:30+00:00,60,,,,,,,,,,,,,,,,,,,,,
2249048,56526,Russia,4483059898,1772377650000,2026-03-01T15:07:30+00:00,60,,,,,,,,,,,,,,,,,,,,,
2249047,56526,Russia,4483059793,1772376750000,2026-03-01T14:52:30+00:00,60,,,,,,,,,,,,,,,,,,,,,
2250068,56526,Russia,4483059691,1772375850000,2026-03-01T14:37:30+00:00,50,4,1,7,8,13,14,17,18,19,,,,,,,,,,,,
2250048,56526,Russia,4483059493,1772374050000,2026-03-01T14:07:30+00:00,50,3,2,3,7,8,11,15,16,18,,,,,,,,,,,,
2250025,56526,Russia,4483059385,1772373150000,2026-03-01T13:52:30+00:00,50,2,1,3,5,6,10,15,18,19,,,,,,,,,,,,
2249993,56526,Russia,4483059283,1772372250000,2026-03-01T13:37:30+00:00,50,3,1,2,3,4,6,8,10,20,,,,,,,,,,,,
2249045,56526,Russia,4483059187,1772371350000,2026-03-01T13:22:30+00:00,60,,,,,,,,,,,,,,,,,,,,,
2249043,56526,Russia,4483059079,1772370450000,2026-03-01T13:07:30+00:00,60,,,,,,,,,,,,,,,,,,,,,
2249042,56526,Russia,4483058968,1772369550000,2026-03-01T12:52:30+00:00,60,,,,,,,,,,,,,,,,,,,,,
2249892,56526,Russia,4483058767,1772367750000,2026-03-01T12:22:30+00:00,50,2,9,11,13,14,15,17,18,19,,,,,,,,,,,,
2249866,56526,Russia,4483058665,1772366850000,2026-03-01T12:07:30+00:00,50,1,1,4,7,8,9,11,12,17,,,,,,,,,,,,
2249842,56526,Russia,4483058563,1772365950000,2026-03-01T11:52:30+00:00,50,1,4,7,9,10,12,13,15,18,,,,,,,,,,,,
2249809,56526,Russia,4483058455,1772365050000,2026-03-01T11:37:30+00:00,50,3,1,3,4,7,9,10,12,15,,,,,,,,,,,,
2249781,56526,Russia,4483058359,1772364150000,2026-03-01T11:22:30+00:00,50,1,2,6,9,13,16,18,19,20,,,,,,,,,,,,
2249758,56526,Russia,4483058257,1772363250000,2026-03-01T11:07:30+00:00,50,4,2,4,5,6,12,15,17,20,,,,,,,,,,,,
2249041,56526,Russia,4483058155,1772362350000,2026-03-01T10:52:30+00:00,60,,,,,,,,,,,,,,,,,,,,,
2249725,56526,Russia,4483058047,1772361450000,2026-03-01T10:37:30+00:00,50,2,4,5,6,8,13,15,16,17,,,,,,,,,,,,
2249040,56526,Russia,4483057951,1772360550000,2026-03-01T10:22:30+00:00,60,,,,,,,,,,,,,,,,,,,,,
2249037,56526,Russia,4483057849,1772359650000,2026-03-01T10:07:30+00:00,60,,,,,,,,,,,,,,,,,,,,,
2249034,56526,Russia,4483057744,1772358750000,2026-03-01T09:52:30+00:00,60,,,,,,,,,,,,,,,,,,,,,
2249648,56526,Russia,4483057642,1772357850000,2026-03-01T09:37:30+00:00,50,2,4,5,6,9,10,12,16,18,,,,,,,,,,,,
2249033,56526,Russia,4483057543,1772356950000,2026-03-01T09:22:30+00:00,60,,,,,,,,,,,,,,,,,,,,,
2249032,56526,Russia,4483057441,1772356050000,2026-03-01T09:07:30+00:00,60,,,,,,,,,,,,,,,,,,,,,
2249031,56526,Russia,4483057342,1772355150000,2026-03-01T08:52:30+00:00,60,,,,,,,,,,,,,,,,,,,,,
2249565,56526,Russia,4483057249,1772354250000,2026-03-01T08:37:30+00:00,50,2,1,2,3,8,10,12,17,20,,,,,,,,,,,,
2249545,56526,Russia,4483057165,1772353350000,2026-03-01T08:22:30+00:00,50,3,2,3,4,7,16,17,19,20,,,,,,,,,,,,
2249532,56526,Russia,4483057072,1772352450000,2026-03-01T08:07:30+00:00,50,3,1,3,4,7,8,14,16,18,,,,,,,,,,,,
2249508,56526,Russia,4483056979,1772351550000,2026-03-01T07:52:30+00:00,50,1,3,4,5,10,12,13,16,18,,,,,,,,,,,,
2249030,56526,Russia,4483056799,1772349750000,2026-03-01T07:22:30+00:00,60,,,,,,,,,,,,,,,,,,,,,
2249029,56526,Russia,4483056706,1772348850000,2026-03-01T07:07:30+00:00,60,,,,,,,,,,,,,,,,,,,,,
2249027,56526,Russia,4483056610,1772347950000,2026-03-01T06:52:30+00:00,60,,,,,,,,,,,,,,,,,,,,,
2249397,56526,Russia,4483056430,1772346150000,2026-03-01T06:22:30+00:00,50,2,1,2,4,7,8,12,17,20,,,,,,,,,,,,
2249374,56526,Russia,4483056256,1772344350000,2026-03-01T05:52:30+00:00,50,3,2,7,10,12,17,18,19,20,,,,,,,,,,,,
2249356,56526,Russia,4483056106,1772342550000,2026-03-01T05:22:30+00:00,50,1,1,3,5,6,12,13,17,18,,,,,,,,,,,,
2249339,56526,Russia,4483056037,1772341650000,2026-03-01T05:07:30+00:00,50,1,4,6,8,15,16,17,18,20,,,,,,,,,,,,
2249328,56526,Russia,4483055974,1772340750000,2026-03-01T04:52:30+00:00,50,1,4,6,8,9,12,14,15,16,,,,,,,,,,,,
2249303,56526,Russia,4483055905,1772339850000,2026-03-01T04:37:30+00:00,50,2,2,6,9,11,13,15,17,20,,,,,,,,,,,,
2249281,56526,Russia,4483055839,1772338950000,2026-03-01T04:22:30+00:00,50,1,1,4,5,8,10,11,15,18,,,,,,,,,,,,
2249269,56526,Russia,4483055770,1772338050000,2026-03-01T04:07:30+00:00,50,4,2,4,6,8,15,16,17,20,,,,,,,,,,,,
2249247,56526,Russia,4483055707,1772337150000,2026-03-01T03:52:30+00:00,50,1,2,3,4,8,10,11,17,20,,,,,,,,,,,,
2249226,56526,Russia,4483055572,1772335350000,2026-03-01T03:22:30+00:00,50,1,5,8,10,12,14,15,17,18,,,,,,,,,,,,
2249198,56526,Russia,4483055503,1772334450000,2026-03-01T03:07:30+00:00,50,3,4,8,10,14,15,16,18,19,,,,,,,,,,,,
2249189,56526,Russia,4483055371,1772332650000,2026-03-01T02:37:30+00:00,50,3,3,6,7,12,13,14,17,18,,,,,,,,,,,,
2249172,56526,Russia,4483055305,1772331750000,2026-03-01T02:22:30+00:00,50,4,3,4,9,10,12,16,17,20,,,,,,,,,,,,
2249157,56526,Russia,4483055236,1772330850000,2026-03-01T02:07:30+00:00,50,1,3,4,6,7,8,10,15,19,,,,,,,,,,,,
2249137,56526,Russia,4483055173,1772329950000,2026-03-01T01:52:30+00:00,50,3,1,2,6,7,10,13,18,20,,,,,,,,,,,,
2249121,56526,Russia,4483055104,1772329050000,2026-03-01T01:37:30+00:00,50,3,1,2,4,5,10,12,16,18,,,,,,,,,,,,
2249104,56526,Russia,4483054969,1772327250000,2026-03-01T01:07:30+00:00,50,2,2,3,6,7,8,16,18,19,,,,,,,,,,,,
2249081,56526,Russia,4483054906,1772326350000,2026-03-01T00:52:30+00:00,50,2,5,7,8,9,14,16,17,20,,,,,,,,,,,,
2249062,56526,Russia,4483054837,1772325450000,2026-03-01T00:37:30+00:00,50,2,2,3,4,9,11,12,15,18,,,,,,,,,,,,
2249061,56526,Russia,4483054771,1772324550000,2026-03-01T00:22:30+00:00,50,3,3,5,7,9,10,16,17,20,,,,,,,,,,,,
2249007,56526,Russia,4481167786,1772322750000,2026-02-28T23:52:30+00:00,50,2,1,2,5,9,13,14,17,19,,,,,,,,,,,,
2248985,56526,Russia,4481167717,1772321850000,2026-02-28T23:37:30+00:00,50,3,1,6,8,13,16,17,19,20,,,,,,,,,,,,
2248962,56526,Russia,4481167591,1772320050000,2026-02-28T23:07:30+00:00,50,1,3,6,7,11,13,16,17,20,,,,,,,,,,,,
2248933,56526,Russia,4481167552,1772319150000,2026-02-28T22:52:30+00:00,50,3,1,3,4,5,9,14,16,17,,,,,,,,,,,,
2248891,56526,Russia,4481167528,1772318250000,2026-02-28T22:37:30+00:00,50,3,3,5,7,11,12,15,16,18,,,,,,,,,,,,
2248878,56526,Russia,4481167504,1772317350000,2026-02-28T22:22:30+00:00,50,4,1,2,3,4,9,16,19,20,,,,,,,,,,,,
2248852,56526,Russia,4481167480,1772316450000,2026-02-28T22:07:30+00:00,50,2,1,2,4,7,8,10,19,20,,,,,,,,,,,,
2248823,56526,Russia,4481167459,1772315550000,2026-02-28T21:52:30+00:00,50,2,5,7,8,13,14,15,18,20,,,,,,,,,,,,
2248782,56526,Russia,4481167444,1772314650000,2026-02-28T21:37:30+00:00,50,4,2,3,6,8,10,11,14,18,,,,,,,,,,,,
2248781,56526,Russia,4481167429,1772313750000,2026-02-28T21:22:30+00:00,50,3,1,3,5,9,15,16,18,20,,,,,,,,,,,,
2248744,56526,Russia,4481167417,1772312850000,2026-02-28T21:07:30+00:00,50,3,6,7,13,14,15,16,17,20,,,,,,,,,,,,
2248719,56526,Russia,4481166208,1772311950000,2026-02-28T20:52:30+00:00,50,3,3,4,9,10,12,16,17,18,,,,,,,,,,,,
2248683,56526,Russia,4481166097,1772311050000,2026-02-28T20:37:30+00:00,50,4,3,5,6,8,9,12,14,17,,,,,,,,,,,,
2246644,56526,Russia,4481166010,1772310150000,2026-02-28T20:22:30+00:00,60,,,,,,,,,,,,,,,,,,,,,
2248618,56526,Russia,4481165905,1772309250000,2026-02-28T20:07:30+00:00,50,2,1,6,9,11,12,13,17,20,,,,,,,,,,,,
2248597,56526,Russia,4481165806,1772308350000,2026-02-28T19:52:30+00:00,50,2,7,9,12,13,15,16,17,19,,,,,,,,,,,,
2248571,56526,Russia,4481165689,1772307450000,2026-02-28T19:37:30+00:00,50,3,2,4,5,6,7,10,13,20,,,,,,,,,,,,
2246643,56526,Russia,4481165581,1772306550000,2026-02-28T19:22:30+00:00,60,,,,,,,,,,,,,,,,,,,,,
2246642,56526,Russia,4481165473,1772305650000,2026-02-28T19:07:30+00:00,60,,,,,,,,,,,,,,,,,,,,,
2246641,56526,Russia,4481165335,1772304750000,2026-02-28T18:52:30+00:00,60,,,,,,,,,,,,,,,,,,,,,
2248441,56526,Russia,4481165230,1772303850000,2026-02-28T18:37:30+00:00,50,4,2,5,12,13,14,16,18,20,,,,,,,,,,,,
2248405,56526,Russia,4481165119,1772302950000,2026-02-28T18:22:30+00:00,50,2,2,4,5,8,12,13,14,20,,,,,,,,,,,,
2248369,56526,Russia,4481165014,1772302050000,2026-02-28T18:07:30+00:00,50,3,1,2,8,14,17,18,19,20,,,,,,,,,,,,
2248335,56526,Russia,4481164900,1772301150000,2026-02-28T17:52:30+00:00,50,3,3,4,7,9,11,12,17,20,,,,,,,,,,,,
2246640,56526,Russia,4481164693,1772299350000,2026-02-28T17:22:30+00:00,60,,,,,,,,,,,,,,,,,,,,,
2246639,56526,Russia,4481164585,1772298450000,2026-02-28T17:07:30+00:00,60,,,,,,,,,,,,,,,,,,,,,
2246638,56526,Russia,4481164468,1772297550000,2026-02-28T16:52:30+00:00,60,,,,,,,,,,,,,,,,,,,,,
2248229,56526,Russia,4481164357,1772296650000,2026-02-28T16:37:30+00:00,50,3,2,4,5,6,7,14,16,20,,,,,,,,,,,,
2248192,56526,Russia,4481164258,1772295750000,2026-02-28T16:22:30+00:00,50,3,1,2,7,8,11,12,16,19,,,,,,,,,,,,
2248171,56526,Russia,4481164156,1772294850000,2026-02-28T16:07:30+00:00,50,1,2,3,9,10,13,15,16,18,,,,,,,,,,,,
2248132,56526,Russia,4481164048,1772293950000,2026-02-28T15:52:30+00:00,50,2,2,4,5,6,8,12,13,14,,,,,,,,,,,,
2246637,56526,Russia,4481163841,1772292150000,2026-02-28T15:22:30+00:00,60,,,,,,,,,,,,,,,,,,,,,
2246636,56526,Russia,4481163739,1772291250000,2026-02-28T15:07:30+00:00,60,,,,,,,,,,,,,,,,,,,,,
2246635,56526,Russia,4481163631,1772290350000,2026-02-28T14:52:30+00:00,60,,,,,,,,,,,,,,,,,,,,,
2248006,56526,Russia,4481163529,1772289450000,2026-02-28T14:37:30+00:00,50,3,2,3,4,5,6,7,9,13,,,,,,,,,,,,
2247970,56526,Russia,4481163433,1772288550000,2026-02-28T14:22:30+00:00,50,2,3,6,7,12,13,14,15,17,,,,,,,,,,,,
2247938,56526,Russia,4481163331,1772287650000,2026-02-28T14:07:30+00:00,50,3,3,6,8,9,11,15,16,19,,,,,,,,,,,,
2247912,56526,Russia,4481163223,1772286750000,2026-02-28T13:52:30+00:00,50,2,5,6,10,12,15,18,19,20,,,,,,,,,,,,
2246634,56526,Russia,4481163025,1772284950000,2026-02-28T13:22:30+00:00,60,,,,,,,,,,,,,,,,,,,,,
2246633,56526,Russia,4481162917,1772284050000,2026-02-28T13:07:30+00:00,60,,,,,,,,,,,,,,,,,,,,,
2246632,56526,Russia,4481162806,1772283150000,2026-02-28T12:52:30+00:00,60,,,,,,,,,,,,,,,,,,,,,
2247775,56526,Russia,4481162701,1772282250000,2026-02-28T12:37:30+00:00,50,4,4,5,6,7,9,10,17,19,,,,,,,,,,,,
2247747,56526,Russia,4481162605,1772281350000,2026-02-28T12:22:30+00:00,50,3,1,4,5,6,8,10,11,15,,,,,,,,,,,,
2247741,56526,Russia,4481162503,1772280450000,2026-02-28T12:07:30+00:00,50,4,4,5,6,10,11,12,19,20,,,,,,,,,,,,
2247709,56526,Russia,4481162401,1772279550000,2026-02-28T11:52:30+00:00,50,1,4,6,8,10,12,15,16,19,,,,,,,,,,,,
2247669,56526,Russia,4481162194,1772277750000,2026-02-28T11:22:30+00:00,50,2,6,7,8,9,10,13,19,20,,,,,,,,,,,,
2247645,56526,Russia,4481162092,1772276850000,2026-02-28T11:07:30+00:00,50,4,1,3,8,9,10,14,17,18,,,,,,,,,,,,
2246631,56526,Russia,4481161990,1772275950000,2026-02-28T10:52:30+00:00,60,,,,,,,,,,,,,,,,,,,,,
2246630,56526,Russia,4481161786,1772274150000,2026-02-28T10:22:30+00:00,60,,,,,,,,,,,,,,,,,,,,,
2246629,56526,Russia,4481161684,1772273250000,2026-02-28T10:07:30+00:00,60,,,,,,,,,,,,,,,,,,,,,
2246628,56526,Russia,4481161579,1772272350000,2026-02-28T09:52:30+00:00,60,,,,,,,,,,,,,,,,,,,,,
2247491,56526,Russia,4481161477,1772271450000,2026-02-28T09:37:30+00:00,50,3,2,3,4,7,9,11,15,20,,,,,,,,,,,,
2246627,56526,Russia,4481161375,1772270550000,2026-02-28T09:22:30+00:00,60,,,,,,,,,,,,,,,,,,,,,
2246626,56526,Russia,4481161273,1772269650000,2026-02-28T09:07:30+00:00,60,,,,,,,,,,,,,,,,,,,,,
2246625,56526,Russia,4481161174,1772268750000,2026-02-28T08:52:30+00:00,60,,,,,,,,,,,,,,,,,,,,,
2247393,56526,Russia,4481160997,1772266950000,2026-02-28T08:22:30+00:00,50,4,2,5,6,11,12,14,18,20,,,,,,,,,,,,
2247385,56526,Russia,4481160904,1772266050000,2026-02-28T08:07:30+00:00,50,1,1,3,5,6,9,12,16,20,,,,,,,,,,,,
2247362,56526,Russia,4481160811,1772265150000,2026-02-28T07:52:30+00:00,50,3,1,6,8,11,15,18,19,20,,,,,,,,,,,,
2247340,56526,Russia,4481160718,1772264250000,2026-02-28T07:37:30+00:00,50,2,1,2,3,8,9,14,16,17,,,,,,,,,,,,
2246624,56526,Russia,4481160631,1772263350000,2026-02-28T07:22:30+00:00,60,,,,,,,,,,,,,,,,,,,,,
2246623,56526,Russia,4481160538,1772262450000,2026-02-28T07:07:30+00:00,60,,,,,,,,,,,,,,,,,,,,,
2246622,56526,Russia,4481160442,1772261550000,2026-02-28T06:52:30+00:00,60,,,,,,,,,,,,,,,,,,,,,
2247241,56526,Russia,4481160349,1772260650000,2026-02-28T06:37:30+00:00,50,3,2,3,4,8,10,13,16,20,,,,,,,,,,,,
2247202,56526,Russia,4481160166,1772258850000,2026-02-28T06:07:30+00:00,50,4,5,9,12,13,14,15,19,20,,,,,,,,,,,,
2247177,56526,Russia,4481160085,1772257950000,2026-02-28T05:52:30+00:00,50,3,1,9,10,11,14,16,18,20,,,,,,,,,,,,
2247155,56526,Russia,4481160004,1772257050000,2026-02-28T05:37:30+00:00,50,1,2,6,8,10,11,16,18,20,,,,,,,,,,,,
2247134,56526,Russia,4481159935,1772256150000,2026-02-28T05:22:30+00:00,50,2,3,9,10,14,15,17,19,20,,,,,,,,,,,,
2247122,56526,Russia,4481159866,1772255250000,2026-02-28T05:07:30+00:00,50,4,2,3,5,11,14,15,16,19,,,,,,,,,,,,
2247089,56526,Russia,4481159734,1772253450000,2026-02-28T04:37:30+00:00,50,2,6,7,8,13,14,15,16,19,,,,,,,,,,,,
2247062,56526,Russia,4481159668,1772252550000,2026-02-28T04:22:30+00:00,50,1,1,3,5,9,13,14,16,18,,,,,,,,,,,,
2247050,56526,Russia,4481159599,1772251650000,2026-02-28T04:07:30+00:00,50,4,1,2,4,8,15,16,17,19,,,,,,,,,,,,
2247027,56526,Russia,4481159536,1772250750000,2026-02-28T03:52:30+00:00,50,3,1,3,12,15,16,17,19,20,,,,,,,,,,,,
2247010,56526,Russia,4481159467,1772249850000,2026-02-28T03:37:30+00:00,50,4,1,2,3,7,9,14,16,18,,,,,,,,,,,,
2246987,56526,Russia,4481159401,1772248950000,2026-02-28T03:22:30+00:00,50,3,1,3,5,9,12,16,18,20,,,,,,,,,,,,
2246971,56526,Russia,4481159269,1772247150000,2026-02-28T02:52:30+00:00,50,1,3,7,8,11,13,16,18,20,,,,,,,,,,,,
2246958,56526,Russia,4481159200,1772246250000,2026-02-28T02:37:30+00:00,50,4,2,4,5,8,11,14,17,19,,,,,,,,,,,,
2246940,56526,Russia,4481159134,1772245350000,2026-02-28T02:22:30+00:00,50,3,1,2,6,8,10,12,16,17,,,,,,,,,,,,
2246925,56526,Russia,4481159065,1772244450000,2026-02-28T02:07:30+00:00,50,2,3,8,9,11,14,15,16,19,,,,,,,,,,,,
2246902,56526,Russia,4481159002,1772243550000,2026-02-28T01:52:30+00:00,50,1,1,2,7,8,9,12,17,18,,,,,,,,,,,,
2246882,56526,Russia,4481158933,1772242650000,2026-02-28T01:37:30+00:00,50,2,5,6,9,13,14,16,17,20,,,,,,,,,,,,
2246868,56526,Russia,4481158867,1772241750000,2026-02-28T01:22:30+00:00,50,4,2,3,9,10,13,15,17,20,,,,,,,,,,,,
2246845,56526,Russia,4481158798,1772240850000,2026-02-28T01:07:30+00:00,50,2,3,4,7,8,9,14,16,17,,,,,,,,,,,,
2246823,56526,Russia,4481158666,1772239050000,2026-02-28T00:37:30+00:00,50,1,3,4,7,11,12,13,15,19,,,,,,,,,,,,
2246795,56526,Russia,4481158600,1772238150000,2026-02-28T00:22:30+00:00,50,4,1,5,10,11,12,14,17,20,,,,,,,,,,,,
2246778,56526,Russia,4481158531,1772237250000,2026-02-28T00:07:30+00:00,50,2,6,7,10,13,14,15,16,20,,,,,,,,,,,,
